{"type": "FeatureCollection", "features": [{"type": "Feature", "geometry": {"type": "Polygon", "coordinates": [[[0.0, 1500.0], [0.0, 1462.5], [100.0, 1462.5], [100.0, 1500.0], [0.0, 1500.0]]]}, "properties": {"max_depth": 256.5}}, {"type": "Feature", "geometry": {"type": "Polygon", "coordinates": [[[9300.0, 1500.0], [9300.0, 1462.5], [9400.0, 1462.5], [9400.0, 1500.0], [9300.0, 1500.0]]]}, "properties": {"max_depth": 204.6338653564453}}, {"type": "Feature", "geometry": {"type": "Polygon", "coordinates": [[[9400.0, 1500.0], [9400.0, 1462.5], [9500.0, 1462.5], [9500.0, 1500.0], [9400.0, 1500.0]]]}, "properties": {"max_depth": 296.04449462890625}}, {"type": "Feature", "geometry": {"type": "Polygon", "coordinates": [[[9500.0, 1500.0], [9500.0, 1462.5], [9600.0, 1462.5], [9600.0, 1500.0], [9500.0, 1500.0]]]}, "properties": {"max_depth": 191.6110382080078}}, {"type": "Feature", "geometry": {"type": "Polygon", "coordinates": [[[9600.0, 1500.0], [9600.0, 1462.5], [9700.0, 1462.5], [9700.0, 1500.0], [9600.0, 1500.0]]]}, "properties": {"max_depth": 283.145263671875}}, {"type": "Feature", "geometry": {"type": "Polygon", "coordinates": [[[9700.0, 1500.0], [9700.0, 1462.5], [9800.0, 1462.5], [9800.0, 1500.0], [9700.0, 1500.0]]]}, "properties": {"max_depth": 95.3738784790039}}, {"type": "Feature", "geometry": {"type": "Polygon", "coordinates": [[[9800.0, 1500.0], [9800.0, 1462.5], [9900.0, 1462.5], [9900.0, 1500.0], [9800.0, 1500.0]]]}, "properties": {"max_depth": 248.96795654296875}}, {"type": "Feature", "geometry": {"type": "Polygon", "coordinates": [[[100.0, 1500.0], [100.0, 1425.0], [200.0, 1425.0], [200.0, 1500.0], [100.0, 1500.0]]]}, "properties": {"max_depth": 256.8999938964844}}, {"type": "Feature", "geometry": {"type": "Polygon", "coordinates": [[[200.0, 1462.5], [200.0, 1425.0], [300.0, 1425.0], [300.0, 1462.5], [200.0, 1462.5]]]}, "properties": {"max_depth": 257.29998779296875}}, {"type": "Feature", "geometry": {"type": "Polygon", "coordinates": [[[300.0, 1462.5], [300.0, 1425.0], [400.0, 1425.0], [400.0, 1462.5], [300.0, 1462.5]]]}, "properties": {"max_depth": 257.70001220703125}}, {"type": "Feature", "geometry": {"type": "Polygon", "coordinates": [[[400.0, 1462.5], [400.0, 1425.0], [500.0, 1425.0], [500.0, 1462.5], [400.0, 1462.5]]]}, "properties": {"max_depth": 258.1000061035156}}, {"type": "Feature", "geometry": {"type": "Polygon", "coordinates": [[[500.0, 1462.5], [500.0, 1425.0], [600.0, 1425.0], [600.0, 1462.5], [500.0, 1462.5]]]}, "properties": {"max_depth": 258.5}}, {"type": "Feature", "geometry": {"type": "Polygon", "coordinates": [[[600.0, 1462.5], [600.0, 1425.0], [700.0, 1425.0], [700.0, 1462.5], [600.0, 1462.5]]]}, "properties": {"max_depth": 258.8999938964844}}, {"type": "Feature", "geometry": {"type": "Polygon", "coordinates": [[[700.0, 1462.5], [700.0, 1425.0], [800.0, 1425.0], [800.0, 1462.5], [700.0, 1462.5]]]}, "properties": {"max_depth": 267.03863525390625}}, {"type": "Feature", "geometry": {"type": "Polygon", "coordinates": [[[800.0, 1462.5], [800.0, 1425.0], [900.0, 1425.0], [900.0, 1462.5], [800.0, 1462.5]]]}, "properties": {"max_depth": 281.88275146484375}}, {"type": "Feature", "geometry": {"type": "Polygon", "coordinates": [[[900.0, 1462.5], [900.0, 1425.0], [1000.0, 1425.0], [1000.0, 1462.5], [900.0, 1462.5]]]}, "properties": {"max_depth": 264.3000793457031}}, {"type": "Feature", "geometry": {"type": "Polygon", "coordinates": [[[1000.0, 1462.5], [1000.0, 1425.0], [1100.0, 1425.0], [1100.0, 1462.5], [1000.0, 1462.5]]]}, "properties": {"max_depth": 294.49261474609375}}, {"type": "Feature", "geometry": {"type": "Polygon", "coordinates": [[[1100.0, 1462.5], [1100.0, 1425.0], [1200.0, 1425.0], [1200.0, 1462.5], [1100.0, 1462.5]]]}, "properties": {"max_depth": 279.5293273925781}}, {"type": "Feature", "geometry": {"type": "Polygon", "coordinates": [[[1200.0, 1462.5], [1200.0, 1425.0], [1300.0, 1425.0], [1300.0, 1462.5], [1200.0, 1462.5]]]}, "properties": {"max_depth": 293.20098876953125}}, {"type": "Feature", "geometry": {"type": "Polygon", "coordinates": [[[1400.0, 1462.5], [1400.0, 1425.0], [1500.0, 1425.0], [1500.0, 1462.5], [1400.0, 1462.5]]]}, "properties": {"max_depth": 296.34173583984375}}, {"type": "Feature", "geometry": {"type": "Polygon", "coordinates": [[[9100.0, 1462.5], [9100.0, 1425.0], [9200.0, 1425.0], [9200.0, 1462.5], [9100.0, 1462.5]]]}, "properties": {"max_depth": 244.54019165039062}}, {"type": "Feature", "geometry": {"type": "Polygon", "coordinates": [[[9200.0, 1462.5], [9200.0, 1425.0], [9300.0, 1425.0], [9300.0, 1462.5], [9200.0, 1462.5]]]}, "properties": {"max_depth": 294.09814453125}}, {"type": "Feature", "geometry": {"type": "Polygon", "coordinates": [[[9300.0, 1462.5], [9300.0, 1425.0], [9400.0, 1425.0], [9400.0, 1462.5], [9300.0, 1462.5]]]}, "properties": {"max_depth": 279.36395263671875}}, {"type": "Feature", "geometry": {"type": "Polygon", "coordinates": [[[9400.0, 1462.5], [9400.0, 1425.0], [9500.0, 1425.0], [9500.0, 1462.5], [9400.0, 1462.5]]]}, "properties": {"max_depth": 300.0}}, {"type": "Feature", "geometry": {"type": "Polygon", "coordinates": [[[9500.0, 1462.5], [9500.0, 1425.0], [9600.0, 1425.0], [9600.0, 1462.5], [9500.0, 1462.5]]]}, "properties": {"max_depth": 241.90464782714844}}, {"type": "Feature", "geometry": {"type": "Polygon", "coordinates": [[[9600.0, 1462.5], [9600.0, 1425.0], [9700.0, 1425.0], [9700.0, 1462.5], [9600.0, 1462.5]]]}, "properties": {"max_depth": 263.1758117675781}}, {"type": "Feature", "geometry": {"type": "Polygon", "coordinates": [[[9700.0, 1462.5], [9700.0, 1425.0], [9800.0, 1425.0], [9800.0, 1462.5], [9700.0, 1462.5]]]}, "properties": {"max_depth": 219.758544921875}}, {"type": "Feature", "geometry": {"type": "Polygon", "coordinates": [[[9800.0, 1462.5], [9800.0, 1425.0], [9900.0, 1425.0], [9900.0, 1462.5], [9800.0, 1462.5]]]}, "properties": {"max_depth": 253.0703125}}, {"type": "Feature", "geometry": {"type": "Polygon", "coordinates": [[[9900.0, 1462.5], [9900.0, 1425.0], [10000.0, 1425.0], [10000.0, 1462.5], [9900.0, 1462.5]]]}, "properties": {"max_depth": 49.60075759887695}}, {"type": "Feature", "geometry": {"type": "Polygon", "coordinates": [[[100.0, 1425.0], [100.0, 1387.5], [200.0, 1387.5], [200.0, 1425.0], [100.0, 1425.0]]]}, "properties": {"max_depth": 256.9898986816406}}, {"type": "Feature", "geometry": {"type": "Polygon", "coordinates": [[[200.0, 1425.0], [200.0, 1387.5], [300.0, 1387.5], [300.0, 1425.0], [200.0, 1425.0]]]}, "properties": {"max_depth": 257.4414367675781}}, {"type": "Feature", "geometry": {"type": "Polygon", "coordinates": [[[300.0, 1425.0], [300.0, 1387.5], [400.0, 1387.5], [400.0, 1425.0], [300.0, 1425.0]]]}, "properties": {"max_depth": 257.8416748046875}}, {"type": "Feature", "geometry": {"type": "Polygon", "coordinates": [[[400.0, 1425.0], [400.0, 1387.5], [500.0, 1387.5], [500.0, 1425.0], [400.0, 1425.0]]]}, "properties": {"max_depth": 258.24188232421875}}, {"type": "Feature", "geometry": {"type": "Polygon", "coordinates": [[[500.0, 1425.0], [500.0, 1387.5], [600.0, 1387.5], [600.0, 1425.0], [500.0, 1425.0]]]}, "properties": {"max_depth": 258.6421203613281}}, {"type": "Feature", "geometry": {"type": "Polygon", "coordinates": [[[600.0, 1425.0], [600.0, 1387.5], [700.0, 1387.5], [700.0, 1425.0], [600.0, 1425.0]]]}, "properties": {"max_depth": 274.822265625}}, {"type": "Feature", "geometry": {"type": "Polygon", "coordinates": [[[700.0, 1425.0], [700.0, 1387.5], [800.0, 1387.5], [800.0, 1425.0], [700.0, 1425.0]]]}, "properties": {"max_depth": 286.7786560058594}}, {"type": "Feature", "geometry": {"type": "Polygon", "coordinates": [[[800.0, 1425.0], [800.0, 1387.5], [900.0, 1387.5], [900.0, 1425.0], [800.0, 1425.0]]]}, "properties": {"max_depth": 291.650390625}}, {"type": "Feature", "geometry": {"type": "Polygon", "coordinates": [[[900.0, 1425.0], [900.0, 1387.5], [1000.0, 1387.5], [1000.0, 1425.0], [900.0, 1425.0]]]}, "properties": {"max_depth": 277.98822021484375}}, {"type": "Feature", "geometry": {"type": "Polygon", "coordinates": [[[1000.0, 1425.0], [1000.0, 1387.5], [1100.0, 1387.5], [1100.0, 1425.0], [1000.0, 1425.0]]]}, "properties": {"max_depth": 288.6468505859375}}, {"type": "Feature", "geometry": {"type": "Polygon", "coordinates": [[[1100.0, 1425.0], [1100.0, 1387.5], [1200.0, 1387.5], [1200.0, 1425.0], [1100.0, 1425.0]]]}, "properties": {"max_depth": 289.4990234375}}, {"type": "Feature", "geometry": {"type": "Polygon", "coordinates": [[[1200.0, 1425.0], [1200.0, 1387.5], [1300.0, 1387.5], [1300.0, 1425.0], [1200.0, 1425.0]]]}, "properties": {"max_depth": 299.6075744628906}}, {"type": "Feature", "geometry": {"type": "Polygon", "coordinates": [[[8500.0, 1425.0], [8500.0, 1387.5], [8600.0, 1387.5], [8600.0, 1425.0], [8500.0, 1425.0]]]}, "properties": {"max_depth": 290.5826721191406}}, {"type": "Feature", "geometry": {"type": "Polygon", "coordinates": [[[8600.0, 1425.0], [8600.0, 1387.5], [8700.0, 1387.5], [8700.0, 1425.0], [8600.0, 1425.0]]]}, "properties": {"max_depth": 299.9482421875}}, {"type": "Feature", "geometry": {"type": "Polygon", "coordinates": [[[8700.0, 1425.0], [8700.0, 1387.5], [8800.0, 1387.5], [8800.0, 1425.0], [8700.0, 1425.0]]]}, "properties": {"max_depth": 295.3340759277344}}, {"type": "Feature", "geometry": {"type": "Polygon", "coordinates": [[[8900.0, 1425.0], [8900.0, 1387.5], [9000.0, 1387.5], [9000.0, 1425.0], [8900.0, 1425.0]]]}, "properties": {"max_depth": 296.443359375}}, {"type": "Feature", "geometry": {"type": "Polygon", "coordinates": [[[9000.0, 1425.0], [9000.0, 1387.5], [9100.0, 1387.5], [9100.0, 1425.0], [9000.0, 1425.0]]]}, "properties": {"max_depth": 288.8128662109375}}, {"type": "Feature", "geometry": {"type": "Polygon", "coordinates": [[[9100.0, 1425.0], [9100.0, 1387.5], [9200.0, 1387.5], [9200.0, 1425.0], [9100.0, 1425.0]]]}, "properties": {"max_depth": 267.5690612792969}}, {"type": "Feature", "geometry": {"type": "Polygon", "coordinates": [[[9200.0, 1425.0], [9200.0, 1387.5], [9300.0, 1387.5], [9300.0, 1425.0], [9200.0, 1425.0]]]}, "properties": {"max_depth": 293.11328125}}, {"type": "Feature", "geometry": {"type": "Polygon", "coordinates": [[[9300.0, 1425.0], [9300.0, 1387.5], [9400.0, 1387.5], [9400.0, 1425.0], [9300.0, 1425.0]]]}, "properties": {"max_depth": 291.0151672363281}}, {"type": "Feature", "geometry": {"type": "Polygon", "coordinates": [[[9400.0, 1425.0], [9400.0, 1387.5], [9500.0, 1387.5], [9500.0, 1425.0], [9400.0, 1425.0]]]}, "properties": {"max_depth": 281.42803955078125}}, {"type": "Feature", "geometry": {"type": "Polygon", "coordinates": [[[9500.0, 1425.0], [9500.0, 1387.5], [9600.0, 1387.5], [9600.0, 1425.0], [9500.0, 1425.0]]]}, "properties": {"max_depth": 243.85250854492188}}, {"type": "Feature", "geometry": {"type": "Polygon", "coordinates": [[[9600.0, 1425.0], [9600.0, 1387.5], [9700.0, 1387.5], [9700.0, 1425.0], [9600.0, 1425.0]]]}, "properties": {"max_depth": 267.7708435058594}}, {"type": "Feature", "geometry": {"type": "Polygon", "coordinates": [[[9700.0, 1425.0], [9700.0, 1387.5], [9800.0, 1387.5], [9800.0, 1425.0], [9700.0, 1425.0]]]}, "properties": {"max_depth": 235.1820068359375}}, {"type": "Feature", "geometry": {"type": "Polygon", "coordinates": [[[9800.0, 1425.0], [9800.0, 1387.5], [9900.0, 1387.5], [9900.0, 1425.0], [9800.0, 1425.0]]]}, "properties": {"max_depth": 222.58680725097656}}, {"type": "Feature", "geometry": {"type": "Polygon", "coordinates": [[[9900.0, 1425.0], [9900.0, 1387.5], [10000.0, 1387.5], [10000.0, 1425.0], [9900.0, 1425.0]]]}, "properties": {"max_depth": 33.90599060058594}}, {"type": "Feature", "geometry": {"type": "Polygon", "coordinates": [[[100.0, 1387.5], [100.0, 1350.0], [200.0, 1350.0], [200.0, 1387.5], [100.0, 1387.5]]]}, "properties": {"max_depth": 263.5688781738281}}, {"type": "Feature", "geometry": {"type": "Polygon", "coordinates": [[[200.0, 1387.5], [200.0, 1350.0], [300.0, 1350.0], [300.0, 1387.5], [200.0, 1387.5]]]}, "properties": {"max_depth": 257.6988525390625}}, {"type": "Feature", "geometry": {"type": "Polygon", "coordinates": [[[300.0, 1387.5], [300.0, 1350.0], [400.0, 1350.0], [400.0, 1387.5], [300.0, 1387.5]]]}, "properties": {"max_depth": 258.125244140625}}, {"type": "Feature", "geometry": {"type": "Polygon", "coordinates": [[[400.0, 1387.5], [400.0, 1350.0], [500.0, 1350.0], [500.0, 1387.5], [400.0, 1387.5]]]}, "properties": {"max_depth": 258.5259094238281}}, {"type": "Feature", "geometry": {"type": "Polygon", "coordinates": [[[500.0, 1387.5], [500.0, 1350.0], [600.0, 1350.0], [600.0, 1387.5], [500.0, 1387.5]]]}, "properties": {"max_depth": 258.92657470703125}}, {"type": "Feature", "geometry": {"type": "Polygon", "coordinates": [[[600.0, 1387.5], [600.0, 1350.0], [700.0, 1350.0], [700.0, 1387.5], [600.0, 1387.5]]]}, "properties": {"max_depth": 281.8187255859375}}, {"type": "Feature", "geometry": {"type": "Polygon", "coordinates": [[[700.0, 1387.5], [700.0, 1350.0], [800.0, 1350.0], [800.0, 1387.5], [700.0, 1387.5]]]}, "properties": {"max_depth": 278.62921142578125}}, {"type": "Feature", "geometry": {"type": "Polygon", "coordinates": [[[800.0, 1387.5], [800.0, 1350.0], [900.0, 1350.0], [900.0, 1387.5], [800.0, 1387.5]]]}, "properties": {"max_depth": 282.8030700683594}}, {"type": "Feature", "geometry": {"type": "Polygon", "coordinates": [[[900.0, 1387.5], [900.0, 1350.0], [1000.0, 1350.0], [1000.0, 1387.5], [900.0, 1387.5]]]}, "properties": {"max_depth": 279.3329772949219}}, {"type": "Feature", "geometry": {"type": "Polygon", "coordinates": [[[1000.0, 1387.5], [1000.0, 1350.0], [1100.0, 1350.0], [1100.0, 1387.5], [1000.0, 1387.5]]]}, "properties": {"max_depth": 286.82269287109375}}, {"type": "Feature", "geometry": {"type": "Polygon", "coordinates": [[[1100.0, 1387.5], [1100.0, 1350.0], [1200.0, 1350.0], [1200.0, 1387.5], [1100.0, 1387.5]]]}, "properties": {"max_depth": 278.9910583496094}}, {"type": "Feature", "geometry": {"type": "Polygon", "coordinates": [[[1200.0, 1387.5], [1200.0, 1350.0], [1300.0, 1350.0], [1300.0, 1387.5], [1200.0, 1387.5]]]}, "properties": {"max_depth": 300.0}}, {"type": "Feature", "geometry": {"type": "Polygon", "coordinates": [[[1300.0, 1387.5], [1300.0, 1350.0], [1400.0, 1350.0], [1400.0, 1387.5], [1300.0, 1387.5]]]}, "properties": {"max_depth": 288.3238830566406}}, {"type": "Feature", "geometry": {"type": "Polygon", "coordinates": [[[1400.0, 1387.5], [1400.0, 1350.0], [1500.0, 1350.0], [1500.0, 1387.5], [1400.0, 1387.5]]]}, "properties": {"max_depth": 290.88653564453125}}, {"type": "Feature", "geometry": {"type": "Polygon", "coordinates": [[[8900.0, 1387.5], [8900.0, 1350.0], [9000.0, 1350.0], [9000.0, 1387.5], [8900.0, 1387.5]]]}, "properties": {"max_depth": 294.55792236328125}}, {"type": "Feature", "geometry": {"type": "Polygon", "coordinates": [[[9000.0, 1387.5], [9000.0, 1350.0], [9100.0, 1350.0], [9100.0, 1387.5], [9000.0, 1387.5]]]}, "properties": {"max_depth": 292.265625}}, {"type": "Feature", "geometry": {"type": "Polygon", "coordinates": [[[9100.0, 1387.5], [9100.0, 1350.0], [9200.0, 1350.0], [9200.0, 1387.5], [9100.0, 1387.5]]]}, "properties": {"max_depth": 288.8935546875}}, {"type": "Feature", "geometry": {"type": "Polygon", "coordinates": [[[9200.0, 1387.5], [9200.0, 1350.0], [9300.0, 1350.0], [9300.0, 1387.5], [9200.0, 1387.5]]]}, "properties": {"max_depth": 298.5130615234375}}, {"type": "Feature", "geometry": {"type": "Polygon", "coordinates": [[[9300.0, 1387.5], [9300.0, 1350.0], [9400.0, 1350.0], [9400.0, 1387.5], [9300.0, 1387.5]]]}, "properties": {"max_depth": 283.8605041503906}}, {"type": "Feature", "geometry": {"type": "Polygon", "coordinates": [[[9400.0, 1387.5], [9400.0, 1350.0], [9500.0, 1350.0], [9500.0, 1387.5], [9400.0, 1387.5]]]}, "properties": {"max_depth": 285.9034118652344}}, {"type": "Feature", "geometry": {"type": "Polygon", "coordinates": [[[9500.0, 1387.5], [9500.0, 1350.0], [9600.0, 1350.0], [9600.0, 1387.5], [9500.0, 1387.5]]]}, "properties": {"max_depth": 273.2769470214844}}, {"type": "Feature", "geometry": {"type": "Polygon", "coordinates": [[[9600.0, 1387.5], [9600.0, 1350.0], [9700.0, 1350.0], [9700.0, 1387.5], [9600.0, 1387.5]]]}, "properties": {"max_depth": 269.2817077636719}}, {"type": "Feature", "geometry": {"type": "Polygon", "coordinates": [[[9700.0, 1387.5], [9700.0, 1350.0], [9800.0, 1350.0], [9800.0, 1387.5], [9700.0, 1387.5]]]}, "properties": {"max_depth": 247.2208251953125}}, {"type": "Feature", "geometry": {"type": "Polygon", "coordinates": [[[9800.0, 1387.5], [9800.0, 1350.0], [9900.0, 1350.0], [9900.0, 1387.5], [9800.0, 1387.5]]]}, "properties": {"max_depth": 235.33546447753906}}, {"type": "Feature", "geometry": {"type": "Polygon", "coordinates": [[[9900.0, 1387.5], [9900.0, 1350.0], [10000.0, 1350.0], [10000.0, 1387.5], [9900.0, 1387.5]]]}, "properties": {"max_depth": 67.4521713256836}}, {"type": "Feature", "geometry": {"type": "Polygon", "coordinates": [[[100.0, 1350.0], [100.0, 1312.5], [200.0, 1312.5], [200.0, 1350.0], [100.0, 1350.0]]]}, "properties": {"max_depth": 268.19305419921875}}, {"type": "Feature", "geometry": {"type": "Polygon", "coordinates": [[[200.0, 1350.0], [200.0, 1312.5], [300.0, 1312.5], [300.0, 1350.0], [200.0, 1350.0]]]}, "properties": {"max_depth": 265.43988037109375}}, {"type": "Feature", "geometry": {"type": "Polygon", "coordinates": [[[300.0, 1350.0], [300.0, 1312.5], [400.0, 1312.5], [400.0, 1350.0], [300.0, 1350.0]]]}, "properties": {"max_depth": 258.5384216308594}}, {"type": "Feature", "geometry": {"type": "Polygon", "coordinates": [[[400.0, 1350.0], [400.0, 1312.5], [500.0, 1312.5], [500.0, 1350.0], [400.0, 1350.0]]]}, "properties": {"max_depth": 258.9526672363281}}, {"type": "Feature", "geometry": {"type": "Polygon", "coordinates": [[[500.0, 1350.0], [500.0, 1312.5], [600.0, 1312.5], [600.0, 1350.0], [500.0, 1350.0]]]}, "properties": {"max_depth": 259.35400390625}}, {"type": "Feature", "geometry": {"type": "Polygon", "coordinates": [[[600.0, 1350.0], [600.0, 1312.5], [700.0, 1312.5], [700.0, 1350.0], [600.0, 1350.0]]]}, "properties": {"max_depth": 275.5680236816406}}, {"type": "Feature", "geometry": {"type": "Polygon", "coordinates": [[[700.0, 1350.0], [700.0, 1312.5], [800.0, 1312.5], [800.0, 1350.0], [700.0, 1350.0]]]}, "properties": {"max_depth": 268.0448913574219}}, {"type": "Feature", "geometry": {"type": "Polygon", "coordinates": [[[800.0, 1350.0], [800.0, 1312.5], [900.0, 1312.5], [900.0, 1350.0], [800.0, 1350.0]]]}, "properties": {"max_depth": 275.86761474609375}}, {"type": "Feature", "geometry": {"type": "Polygon", "coordinates": [[[900.0, 1350.0], [900.0, 1312.5], [1000.0, 1312.5], [1000.0, 1350.0], [900.0, 1350.0]]]}, "properties": {"max_depth": 283.0829162597656}}, {"type": "Feature", "geometry": {"type": "Polygon", "coordinates": [[[1000.0, 1350.0], [1000.0, 1312.5], [1100.0, 1312.5], [1100.0, 1350.0], [1000.0, 1350.0]]]}, "properties": {"max_depth": 277.3004150390625}}, {"type": "Feature", "geometry": {"type": "Polygon", "coordinates": [[[1100.0, 1350.0], [1100.0, 1312.5], [1200.0, 1312.5], [1200.0, 1350.0], [1100.0, 1350.0]]]}, "properties": {"max_depth": 293.9541320800781}}, {"type": "Feature", "geometry": {"type": "Polygon", "coordinates": [[[1200.0, 1350.0], [1200.0, 1312.5], [1300.0, 1312.5], [1300.0, 1350.0], [1200.0, 1350.0]]]}, "properties": {"max_depth": 289.69708251953125}}, {"type": "Feature", "geometry": {"type": "Polygon", "coordinates": [[[1300.0, 1350.0], [1300.0, 1312.5], [1400.0, 1312.5], [1400.0, 1350.0], [1300.0, 1350.0]]]}, "properties": {"max_depth": 295.5503845214844}}, {"type": "Feature", "geometry": {"type": "Polygon", "coordinates": [[[1400.0, 1350.0], [1400.0, 1312.5], [1500.0, 1312.5], [1500.0, 1350.0], [1400.0, 1350.0]]]}, "properties": {"max_depth": 293.9917297363281}}, {"type": "Feature", "geometry": {"type": "Polygon", "coordinates": [[[1500.0, 1350.0], [1500.0, 1312.5], [1600.0, 1312.5], [1600.0, 1350.0], [1500.0, 1350.0]]]}, "properties": {"max_depth": 296.80987548828125}}, {"type": "Feature", "geometry": {"type": "Polygon", "coordinates": [[[8700.0, 1350.0], [8700.0, 1312.5], [8800.0, 1312.5], [8800.0, 1350.0], [8700.0, 1350.0]]]}, "properties": {"max_depth": 297.4248962402344}}, {"type": "Feature", "geometry": {"type": "Polygon", "coordinates": [[[8900.0, 1350.0], [8900.0, 1312.5], [9000.0, 1312.5], [9000.0, 1350.0], [8900.0, 1350.0]]]}, "properties": {"max_depth": 297.4565124511719}}, {"type": "Feature", "geometry": {"type": "Polygon", "coordinates": [[[9000.0, 1350.0], [9000.0, 1312.5], [9100.0, 1312.5], [9100.0, 1350.0], [9000.0, 1350.0]]]}, "properties": {"max_depth": 292.4822082519531}}, {"type": "Feature", "geometry": {"type": "Polygon", "coordinates": [[[9100.0, 1350.0], [9100.0, 1312.5], [9200.0, 1312.5], [9200.0, 1350.0], [9100.0, 1350.0]]]}, "properties": {"max_depth": 299.49310302734375}}, {"type": "Feature", "geometry": {"type": "Polygon", "coordinates": [[[9200.0, 1350.0], [9200.0, 1312.5], [9300.0, 1312.5], [9300.0, 1350.0], [9200.0, 1350.0]]]}, "properties": {"max_depth": 300.0}}, {"type": "Feature", "geometry": {"type": "Polygon", "coordinates": [[[9300.0, 1350.0], [9300.0, 1312.5], [9400.0, 1312.5], [9400.0, 1350.0], [9300.0, 1350.0]]]}, "properties": {"max_depth": 293.3441162109375}}, {"type": "Feature", "geometry": {"type": "Polygon", "coordinates": [[[9400.0, 1350.0], [9400.0, 1312.5], [9500.0, 1312.5], [9500.0, 1350.0], [9400.0, 1350.0]]]}, "properties": {"max_depth": 292.872802734375}}, {"type": "Feature", "geometry": {"type": "Polygon", "coordinates": [[[9500.0, 1350.0], [9500.0, 1312.5], [9600.0, 1312.5], [9600.0, 1350.0], [9500.0, 1350.0]]]}, "properties": {"max_depth": 282.75567626953125}}, {"type": "Feature", "geometry": {"type": "Polygon", "coordinates": [[[9600.0, 1350.0], [9600.0, 1312.5], [9700.0, 1312.5], [9700.0, 1350.0], [9600.0, 1350.0]]]}, "properties": {"max_depth": 266.4642333984375}}, {"type": "Feature", "geometry": {"type": "Polygon", "coordinates": [[[9700.0, 1350.0], [9700.0, 1312.5], [9800.0, 1312.5], [9800.0, 1350.0], [9700.0, 1350.0]]]}, "properties": {"max_depth": 252.4443359375}}, {"type": "Feature", "geometry": {"type": "Polygon", "coordinates": [[[9800.0, 1350.0], [9800.0, 1312.5], [9900.0, 1312.5], [9900.0, 1350.0], [9800.0, 1350.0]]]}, "properties": {"max_depth": 234.61282348632812}}, {"type": "Feature", "geometry": {"type": "Polygon", "coordinates": [[[9900.0, 1350.0], [9900.0, 1312.5], [10000.0, 1312.5], [10000.0, 1350.0], [9900.0, 1350.0]]]}, "properties": {"max_depth": 53.57329559326172}}, {"type": "Feature", "geometry": {"type": "Polygon", "coordinates": [[[100.0, 1312.5], [100.0, 1275.0], [200.0, 1275.0], [200.0, 1312.5], [100.0, 1312.5]]]}, "properties": {"max_depth": 272.5148010253906}}, {"type": "Feature", "geometry": {"type": "Polygon", "coordinates": [[[200.0, 1312.5], [200.0, 1275.0], [300.0, 1275.0], [300.0, 1312.5], [200.0, 1312.5]]]}, "properties": {"max_depth": 258.5704040527344}}, {"type": "Feature", "geometry": {"type": "Polygon", "coordinates": [[[300.0, 1312.5], [300.0, 1275.0], [400.0, 1275.0], [400.0, 1312.5], [300.0, 1312.5]]]}, "properties": {"max_depth": 259.0756530761719}}, {"type": "Feature", "geometry": {"type": "Polygon", "coordinates": [[[500.0, 1312.5], [500.0, 1275.0], [600.0, 1275.0], [600.0, 1312.5], [500.0, 1312.5]]]}, "properties": {"max_depth": 284.254638671875}}, {"type": "Feature", "geometry": {"type": "Polygon", "coordinates": [[[600.0, 1312.5], [600.0, 1275.0], [700.0, 1275.0], [700.0, 1312.5], [600.0, 1312.5]]]}, "properties": {"max_depth": 270.82659912109375}}, {"type": "Feature", "geometry": {"type": "Polygon", "coordinates": [[[700.0, 1312.5], [700.0, 1275.0], [800.0, 1275.0], [800.0, 1312.5], [700.0, 1312.5]]]}, "properties": {"max_depth": 265.7484436035156}}, {"type": "Feature", "geometry": {"type": "Polygon", "coordinates": [[[800.0, 1312.5], [800.0, 1275.0], [900.0, 1275.0], [900.0, 1312.5], [800.0, 1312.5]]]}, "properties": {"max_depth": 269.489990234375}}, {"type": "Feature", "geometry": {"type": "Polygon", "coordinates": [[[900.0, 1312.5], [900.0, 1275.0], [1000.0, 1275.0], [1000.0, 1312.5], [900.0, 1312.5]]]}, "properties": {"max_depth": 279.72412109375}}, {"type": "Feature", "geometry": {"type": "Polygon", "coordinates": [[[1000.0, 1312.5], [1000.0, 1275.0], [1100.0, 1275.0], [1100.0, 1312.5], [1000.0, 1312.5]]]}, "properties": {"max_depth": 274.9967346191406}}, {"type": "Feature", "geometry": {"type": "Polygon", "coordinates": [[[1100.0, 1312.5], [1100.0, 1275.0], [1200.0, 1275.0], [1200.0, 1312.5], [1100.0, 1312.5]]]}, "properties": {"max_depth": 299.9276123046875}}, {"type": "Feature", "geometry": {"type": "Polygon", "coordinates": [[[1200.0, 1312.5], [1200.0, 1275.0], [1300.0, 1275.0], [1300.0, 1312.5], [1200.0, 1312.5]]]}, "properties": {"max_depth": 290.0914306640625}}, {"type": "Feature", "geometry": {"type": "Polygon", "coordinates": [[[1300.0, 1312.5], [1300.0, 1275.0], [1400.0, 1275.0], [1400.0, 1312.5], [1300.0, 1312.5]]]}, "properties": {"max_depth": 290.1684875488281}}, {"type": "Feature", "geometry": {"type": "Polygon", "coordinates": [[[1400.0, 1312.5], [1400.0, 1275.0], [1500.0, 1275.0], [1500.0, 1312.5], [1400.0, 1312.5]]]}, "properties": {"max_depth": 293.4120178222656}}, {"type": "Feature", "geometry": {"type": "Polygon", "coordinates": [[[1500.0, 1312.5], [1500.0, 1275.0], [1600.0, 1275.0], [1600.0, 1312.5], [1500.0, 1312.5]]]}, "properties": {"max_depth": 299.26611328125}}, {"type": "Feature", "geometry": {"type": "Polygon", "coordinates": [[[1600.0, 1312.5], [1600.0, 1275.0], [1700.0, 1275.0], [1700.0, 1312.5], [1600.0, 1312.5]]]}, "properties": {"max_depth": 291.7542724609375}}, {"type": "Feature", "geometry": {"type": "Polygon", "coordinates": [[[1700.0, 1312.5], [1700.0, 1275.0], [1800.0, 1275.0], [1800.0, 1312.5], [1700.0, 1312.5]]]}, "properties": {"max_depth": 288.9952392578125}}, {"type": "Feature", "geometry": {"type": "Polygon", "coordinates": [[[1800.0, 1312.5], [1800.0, 1275.0], [1900.0, 1275.0], [1900.0, 1312.5], [1800.0, 1312.5]]]}, "properties": {"max_depth": 297.5829772949219}}, {"type": "Feature", "geometry": {"type": "Polygon", "coordinates": [[[1900.0, 1312.5], [1900.0, 1275.0], [2000.0, 1275.0], [2000.0, 1312.5], [1900.0, 1312.5]]]}, "properties": {"max_depth": 294.92144775390625}}, {"type": "Feature", "geometry": {"type": "Polygon", "coordinates": [[[2000.0, 1312.5], [2000.0, 1275.0], [2100.0, 1275.0], [2100.0, 1312.5], [2000.0, 1312.5]]]}, "properties": {"max_depth": 297.25262451171875}}, {"type": "Feature", "geometry": {"type": "Polygon", "coordinates": [[[9000.0, 1312.5], [9000.0, 1275.0], [9100.0, 1275.0], [9100.0, 1312.5], [9000.0, 1312.5]]]}, "properties": {"max_depth": 295.01025390625}}, {"type": "Feature", "geometry": {"type": "Polygon", "coordinates": [[[9200.0, 1312.5], [9200.0, 1275.0], [9300.0, 1275.0], [9300.0, 1312.5], [9200.0, 1312.5]]]}, "properties": {"max_depth": 298.8995056152344}}, {"type": "Feature", "geometry": {"type": "Polygon", "coordinates": [[[9300.0, 1312.5], [9300.0, 1275.0], [9400.0, 1275.0], [9400.0, 1312.5], [9300.0, 1312.5]]]}, "properties": {"max_depth": 290.4023132324219}}, {"type": "Feature", "geometry": {"type": "Polygon", "coordinates": [[[9400.0, 1312.5], [9400.0, 1275.0], [9500.0, 1275.0], [9500.0, 1312.5], [9400.0, 1312.5]]]}, "properties": {"max_depth": 282.03118896484375}}, {"type": "Feature", "geometry": {"type": "Polygon", "coordinates": [[[9500.0, 1312.5], [9500.0, 1275.0], [9600.0, 1275.0], [9600.0, 1312.5], [9500.0, 1312.5]]]}, "properties": {"max_depth": 278.6248779296875}}, {"type": "Feature", "geometry": {"type": "Polygon", "coordinates": [[[9600.0, 1312.5], [9600.0, 1275.0], [9700.0, 1275.0], [9700.0, 1312.5], [9600.0, 1312.5]]]}, "properties": {"max_depth": 270.31695556640625}}, {"type": "Feature", "geometry": {"type": "Polygon", "coordinates": [[[9700.0, 1312.5], [9700.0, 1275.0], [9800.0, 1275.0], [9800.0, 1312.5], [9700.0, 1312.5]]]}, "properties": {"max_depth": 246.88671875}}, {"type": "Feature", "geometry": {"type": "Polygon", "coordinates": [[[9800.0, 1312.5], [9800.0, 1275.0], [9900.0, 1275.0], [9900.0, 1312.5], [9800.0, 1312.5]]]}, "properties": {"max_depth": 231.14376831054688}}, {"type": "Feature", "geometry": {"type": "Polygon", "coordinates": [[[9900.0, 1312.5], [9900.0, 1275.0], [10000.0, 1275.0], [10000.0, 1312.5], [9900.0, 1312.5]]]}, "properties": {"max_depth": 71.7297134399414}}, {"type": "Feature", "geometry": {"type": "Polygon", "coordinates": [[[400.0, 1312.5], [400.0, 1237.5], [500.0, 1237.5], [500.0, 1312.5], [400.0, 1312.5]]]}, "properties": {"max_depth": 259.5166931152344}}, {"type": "Feature", "geometry": {"type": "Polygon", "coordinates": [[[100.0, 1275.0], [100.0, 1237.5], [200.0, 1237.5], [200.0, 1275.0], [100.0, 1275.0]]]}, "properties": {"max_depth": 265.2181091308594}}, {"type": "Feature", "geometry": {"type": "Polygon", "coordinates": [[[200.0, 1275.0], [200.0, 1237.5], [300.0, 1237.5], [300.0, 1275.0], [200.0, 1275.0]]]}, "properties": {"max_depth": 259.2812805175781}}, {"type": "Feature", "geometry": {"type": "Polygon", "coordinates": [[[300.0, 1275.0], [300.0, 1237.5], [400.0, 1237.5], [400.0, 1275.0], [300.0, 1275.0]]]}, "properties": {"max_depth": 264.8072814941406}}, {"type": "Feature", "geometry": {"type": "Polygon", "coordinates": [[[500.0, 1275.0], [500.0, 1237.5], [600.0, 1237.5], [600.0, 1275.0], [500.0, 1275.0]]]}, "properties": {"max_depth": 269.7683410644531}}, {"type": "Feature", "geometry": {"type": "Polygon", "coordinates": [[[600.0, 1275.0], [600.0, 1237.5], [700.0, 1237.5], [700.0, 1275.0], [600.0, 1275.0]]]}, "properties": {"max_depth": 268.75732421875}}, {"type": "Feature", "geometry": {"type": "Polygon", "coordinates": [[[700.0, 1275.0], [700.0, 1237.5], [800.0, 1237.5], [800.0, 1275.0], [700.0, 1275.0]]]}, "properties": {"max_depth": 271.2862243652344}}, {"type": "Feature", "geometry": {"type": "Polygon", "coordinates": [[[800.0, 1275.0], [800.0, 1237.5], [900.0, 1237.5], [900.0, 1275.0], [800.0, 1275.0]]]}, "properties": {"max_depth": 275.37066650390625}}, {"type": "Feature", "geometry": {"type": "Polygon", "coordinates": [[[900.0, 1275.0], [900.0, 1237.5], [1000.0, 1237.5], [1000.0, 1275.0], [900.0, 1275.0]]]}, "properties": {"max_depth": 273.189697265625}}, {"type": "Feature", "geometry": {"type": "Polygon", "coordinates": [[[1000.0, 1275.0], [1000.0, 1237.5], [1100.0, 1237.5], [1100.0, 1275.0], [1000.0, 1275.0]]]}, "properties": {"max_depth": 283.17266845703125}}, {"type": "Feature", "geometry": {"type": "Polygon", "coordinates": [[[1100.0, 1275.0], [1100.0, 1237.5], [1200.0, 1237.5], [1200.0, 1275.0], [1100.0, 1275.0]]]}, "properties": {"max_depth": 297.2578430175781}}, {"type": "Feature", "geometry": {"type": "Polygon", "coordinates": [[[1200.0, 1275.0], [1200.0, 1237.5], [1300.0, 1237.5], [1300.0, 1275.0], [1200.0, 1275.0]]]}, "properties": {"max_depth": 290.7450256347656}}, {"type": "Feature", "geometry": {"type": "Polygon", "coordinates": [[[1300.0, 1275.0], [1300.0, 1237.5], [1400.0, 1237.5], [1400.0, 1275.0], [1300.0, 1275.0]]]}, "properties": {"max_depth": 292.39154052734375}}, {"type": "Feature", "geometry": {"type": "Polygon", "coordinates": [[[1400.0, 1275.0], [1400.0, 1237.5], [1500.0, 1237.5], [1500.0, 1275.0], [1400.0, 1275.0]]]}, "properties": {"max_depth": 287.9870910644531}}, {"type": "Feature", "geometry": {"type": "Polygon", "coordinates": [[[1500.0, 1275.0], [1500.0, 1237.5], [1600.0, 1237.5], [1600.0, 1275.0], [1500.0, 1275.0]]]}, "properties": {"max_depth": 288.2100830078125}}, {"type": "Feature", "geometry": {"type": "Polygon", "coordinates": [[[1600.0, 1275.0], [1600.0, 1237.5], [1700.0, 1237.5], [1700.0, 1275.0], [1600.0, 1275.0]]]}, "properties": {"max_depth": 289.23345947265625}}, {"type": "Feature", "geometry": {"type": "Polygon", "coordinates": [[[1700.0, 1275.0], [1700.0, 1237.5], [1800.0, 1237.5], [1800.0, 1275.0], [1700.0, 1275.0]]]}, "properties": {"max_depth": 294.8309326171875}}, {"type": "Feature", "geometry": {"type": "Polygon", "coordinates": [[[1800.0, 1275.0], [1800.0, 1237.5], [1900.0, 1237.5], [1900.0, 1275.0], [1800.0, 1275.0]]]}, "properties": {"max_depth": 300.0}}, {"type": "Feature", "geometry": {"type": "Polygon", "coordinates": [[[1900.0, 1275.0], [1900.0, 1237.5], [2000.0, 1237.5], [2000.0, 1275.0], [1900.0, 1275.0]]]}, "properties": {"max_depth": 298.9647521972656}}, {"type": "Feature", "geometry": {"type": "Polygon", "coordinates": [[[8900.0, 1275.0], [8900.0, 1237.5], [9000.0, 1237.5], [9000.0, 1275.0], [8900.0, 1275.0]]]}, "properties": {"max_depth": 298.1552429199219}}, {"type": "Feature", "geometry": {"type": "Polygon", "coordinates": [[[9300.0, 1275.0], [9300.0, 1237.5], [9400.0, 1237.5], [9400.0, 1275.0], [9300.0, 1275.0]]]}, "properties": {"max_depth": 294.8321228027344}}, {"type": "Feature", "geometry": {"type": "Polygon", "coordinates": [[[9400.0, 1275.0], [9400.0, 1237.5], [9500.0, 1237.5], [9500.0, 1275.0], [9400.0, 1275.0]]]}, "properties": {"max_depth": 298.4608154296875}}, {"type": "Feature", "geometry": {"type": "Polygon", "coordinates": [[[9500.0, 1275.0], [9500.0, 1237.5], [9600.0, 1237.5], [9600.0, 1275.0], [9500.0, 1275.0]]]}, "properties": {"max_depth": 279.6103210449219}}, {"type": "Feature", "geometry": {"type": "Polygon", "coordinates": [[[9600.0, 1275.0], [9600.0, 1237.5], [9700.0, 1237.5], [9700.0, 1275.0], [9600.0, 1275.0]]]}, "properties": {"max_depth": 269.62359619140625}}, {"type": "Feature", "geometry": {"type": "Polygon", "coordinates": [[[9700.0, 1275.0], [9700.0, 1237.5], [9800.0, 1237.5], [9800.0, 1275.0], [9700.0, 1275.0]]]}, "properties": {"max_depth": 260.4840393066406}}, {"type": "Feature", "geometry": {"type": "Polygon", "coordinates": [[[9800.0, 1275.0], [9800.0, 1237.5], [9900.0, 1237.5], [9900.0, 1275.0], [9800.0, 1275.0]]]}, "properties": {"max_depth": 231.62355041503906}}, {"type": "Feature", "geometry": {"type": "Polygon", "coordinates": [[[9900.0, 1275.0], [9900.0, 1237.5], [10000.0, 1237.5], [10000.0, 1275.0], [9900.0, 1275.0]]]}, "properties": {"max_depth": 72.57328796386719}}, {"type": "Feature", "geometry": {"type": "Polygon", "coordinates": [[[100.0, 1237.5], [100.0, 1200.0], [200.0, 1200.0], [200.0, 1237.5], [100.0, 1237.5]]]}, "properties": {"max_depth": 288.4696960449219}}, {"type": "Feature", "geometry": {"type": "Polygon", "coordinates": [[[200.0, 1237.5], [200.0, 1200.0], [300.0, 1200.0], [300.0, 1237.5], [200.0, 1237.5]]]}, "properties": {"max_depth": 259.96697998046875}}, {"type": "Feature", "geometry": {"type": "Polygon", "coordinates": [[[300.0, 1237.5], [300.0, 1200.0], [400.0, 1200.0], [400.0, 1237.5], [300.0, 1237.5]]]}, "properties": {"max_depth": 274.5032043457031}}, {"type": "Feature", "geometry": {"type": "Polygon", "coordinates": [[[400.0, 1237.5], [400.0, 1200.0], [500.0, 1200.0], [500.0, 1237.5], [400.0, 1237.5]]]}, "properties": {"max_depth": 278.12921142578125}}, {"type": "Feature", "geometry": {"type": "Polygon", "coordinates": [[[500.0, 1237.5], [500.0, 1200.0], [600.0, 1200.0], [600.0, 1237.5], [500.0, 1237.5]]]}, "properties": {"max_depth": 270.02874755859375}}, {"type": "Feature", "geometry": {"type": "Polygon", "coordinates": [[[600.0, 1237.5], [600.0, 1200.0], [700.0, 1200.0], [700.0, 1237.5], [600.0, 1237.5]]]}, "properties": {"max_depth": 268.58282470703125}}, {"type": "Feature", "geometry": {"type": "Polygon", "coordinates": [[[700.0, 1237.5], [700.0, 1200.0], [800.0, 1200.0], [800.0, 1237.5], [700.0, 1237.5]]]}, "properties": {"max_depth": 265.6497497558594}}, {"type": "Feature", "geometry": {"type": "Polygon", "coordinates": [[[800.0, 1237.5], [800.0, 1200.0], [900.0, 1200.0], [900.0, 1237.5], [800.0, 1237.5]]]}, "properties": {"max_depth": 269.73712158203125}}, {"type": "Feature", "geometry": {"type": "Polygon", "coordinates": [[[900.0, 1237.5], [900.0, 1200.0], [1000.0, 1200.0], [1000.0, 1237.5], [900.0, 1237.5]]]}, "properties": {"max_depth": 278.227783203125}}, {"type": "Feature", "geometry": {"type": "Polygon", "coordinates": [[[1000.0, 1237.5], [1000.0, 1200.0], [1100.0, 1200.0], [1100.0, 1237.5], [1000.0, 1237.5]]]}, "properties": {"max_depth": 291.82733154296875}}, {"type": "Feature", "geometry": {"type": "Polygon", "coordinates": [[[1100.0, 1237.5], [1100.0, 1200.0], [1200.0, 1200.0], [1200.0, 1237.5], [1100.0, 1237.5]]]}, "properties": {"max_depth": 289.4261779785156}}, {"type": "Feature", "geometry": {"type": "Polygon", "coordinates": [[[1200.0, 1237.5], [1200.0, 1200.0], [1300.0, 1200.0], [1300.0, 1237.5], [1200.0, 1237.5]]]}, "properties": {"max_depth": 291.29229736328125}}, {"type": "Feature", "geometry": {"type": "Polygon", "coordinates": [[[1300.0, 1237.5], [1300.0, 1200.0], [1400.0, 1200.0], [1400.0, 1237.5], [1300.0, 1237.5]]]}, "properties": {"max_depth": 291.0919189453125}}, {"type": "Feature", "geometry": {"type": "Polygon", "coordinates": [[[1400.0, 1237.5], [1400.0, 1200.0], [1500.0, 1200.0], [1500.0, 1237.5], [1400.0, 1237.5]]]}, "properties": {"max_depth": 279.08642578125}}, {"type": "Feature", "geometry": {"type": "Polygon", "coordinates": [[[1500.0, 1237.5], [1500.0, 1200.0], [1600.0, 1200.0], [1600.0, 1237.5], [1500.0, 1237.5]]]}, "properties": {"max_depth": 294.8641662597656}}, {"type": "Feature", "geometry": {"type": "Polygon", "coordinates": [[[1600.0, 1237.5], [1600.0, 1200.0], [1700.0, 1200.0], [1700.0, 1237.5], [1600.0, 1237.5]]]}, "properties": {"max_depth": 287.1573486328125}}, {"type": "Feature", "geometry": {"type": "Polygon", "coordinates": [[[1700.0, 1237.5], [1700.0, 1200.0], [1800.0, 1200.0], [1800.0, 1237.5], [1700.0, 1237.5]]]}, "properties": {"max_depth": 292.9686584472656}}, {"type": "Feature", "geometry": {"type": "Polygon", "coordinates": [[[1800.0, 1237.5], [1800.0, 1200.0], [1900.0, 1200.0], [1900.0, 1237.5], [1800.0, 1237.5]]]}, "properties": {"max_depth": 294.0361633300781}}, {"type": "Feature", "geometry": {"type": "Polygon", "coordinates": [[[9300.0, 1237.5], [9300.0, 1200.0], [9400.0, 1200.0], [9400.0, 1237.5], [9300.0, 1237.5]]]}, "properties": {"max_depth": 298.25421142578125}}, {"type": "Feature", "geometry": {"type": "Polygon", "coordinates": [[[9400.0, 1237.5], [9400.0, 1200.0], [9500.0, 1200.0], [9500.0, 1237.5], [9400.0, 1237.5]]]}, "properties": {"max_depth": 286.73968505859375}}, {"type": "Feature", "geometry": {"type": "Polygon", "coordinates": [[[9500.0, 1237.5], [9500.0, 1200.0], [9600.0, 1200.0], [9600.0, 1237.5], [9500.0, 1237.5]]]}, "properties": {"max_depth": 280.5931091308594}}, {"type": "Feature", "geometry": {"type": "Polygon", "coordinates": [[[9600.0, 1237.5], [9600.0, 1200.0], [9700.0, 1200.0], [9700.0, 1237.5], [9600.0, 1237.5]]]}, "properties": {"max_depth": 267.7879333496094}}, {"type": "Feature", "geometry": {"type": "Polygon", "coordinates": [[[9700.0, 1237.5], [9700.0, 1200.0], [9800.0, 1200.0], [9800.0, 1237.5], [9700.0, 1237.5]]]}, "properties": {"max_depth": 249.07635498046875}}, {"type": "Feature", "geometry": {"type": "Polygon", "coordinates": [[[9800.0, 1237.5], [9800.0, 1200.0], [9900.0, 1200.0], [9900.0, 1237.5], [9800.0, 1237.5]]]}, "properties": {"max_depth": 232.41139221191406}}, {"type": "Feature", "geometry": {"type": "Polygon", "coordinates": [[[9900.0, 1237.5], [9900.0, 1200.0], [10000.0, 1200.0], [10000.0, 1237.5], [9900.0, 1237.5]]]}, "properties": {"max_depth": 88.3054428100586}}, {"type": "Feature", "geometry": {"type": "Polygon", "coordinates": [[[100.0, 1200.0], [100.0, 1162.5], [200.0, 1162.5], [200.0, 1200.0], [100.0, 1200.0]]]}, "properties": {"max_depth": 287.4969177246094}}, {"type": "Feature", "geometry": {"type": "Polygon", "coordinates": [[[300.0, 1200.0], [300.0, 1162.5], [400.0, 1162.5], [400.0, 1200.0], [300.0, 1200.0]]]}, "properties": {"max_depth": 259.7381896972656}}, {"type": "Feature", "geometry": {"type": "Polygon", "coordinates": [[[400.0, 1200.0], [400.0, 1162.5], [500.0, 1162.5], [500.0, 1200.0], [400.0, 1200.0]]]}, "properties": {"max_depth": 285.15911865234375}}, {"type": "Feature", "geometry": {"type": "Polygon", "coordinates": [[[500.0, 1200.0], [500.0, 1162.5], [600.0, 1162.5], [600.0, 1200.0], [500.0, 1200.0]]]}, "properties": {"max_depth": 284.29071044921875}}, {"type": "Feature", "geometry": {"type": "Polygon", "coordinates": [[[600.0, 1200.0], [600.0, 1162.5], [700.0, 1162.5], [700.0, 1200.0], [600.0, 1200.0]]]}, "properties": {"max_depth": 265.8567810058594}}, {"type": "Feature", "geometry": {"type": "Polygon", "coordinates": [[[700.0, 1200.0], [700.0, 1162.5], [800.0, 1162.5], [800.0, 1200.0], [700.0, 1200.0]]]}, "properties": {"max_depth": 273.13580322265625}}, {"type": "Feature", "geometry": {"type": "Polygon", "coordinates": [[[800.0, 1200.0], [800.0, 1162.5], [900.0, 1162.5], [900.0, 1200.0], [800.0, 1200.0]]]}, "properties": {"max_depth": 271.83526611328125}}, {"type": "Feature", "geometry": {"type": "Polygon", "coordinates": [[[900.0, 1200.0], [900.0, 1162.5], [1000.0, 1162.5], [1000.0, 1200.0], [900.0, 1200.0]]]}, "properties": {"max_depth": 273.5372619628906}}, {"type": "Feature", "geometry": {"type": "Polygon", "coordinates": [[[1000.0, 1200.0], [1000.0, 1162.5], [1100.0, 1162.5], [1100.0, 1200.0], [1000.0, 1200.0]]]}, "properties": {"max_depth": 291.9689636230469}}, {"type": "Feature", "geometry": {"type": "Polygon", "coordinates": [[[1100.0, 1200.0], [1100.0, 1162.5], [1200.0, 1162.5], [1200.0, 1200.0], [1100.0, 1200.0]]]}, "properties": {"max_depth": 282.0279541015625}}, {"type": "Feature", "geometry": {"type": "Polygon", "coordinates": [[[1200.0, 1200.0], [1200.0, 1162.5], [1300.0, 1162.5], [1300.0, 1200.0], [1200.0, 1200.0]]]}, "properties": {"max_depth": 287.1574401855469}}, {"type": "Feature", "geometry": {"type": "Polygon", "coordinates": [[[1300.0, 1200.0], [1300.0, 1162.5], [1400.0, 1162.5], [1400.0, 1200.0], [1300.0, 1200.0]]]}, "properties": {"max_depth": 287.39556884765625}}, {"type": "Feature", "geometry": {"type": "Polygon", "coordinates": [[[1400.0, 1200.0], [1400.0, 1162.5], [1500.0, 1162.5], [1500.0, 1200.0], [1400.0, 1200.0]]]}, "properties": {"max_depth": 284.941162109375}}, {"type": "Feature", "geometry": {"type": "Polygon", "coordinates": [[[1500.0, 1200.0], [1500.0, 1162.5], [1600.0, 1162.5], [1600.0, 1200.0], [1500.0, 1200.0]]]}, "properties": {"max_depth": 288.9020690917969}}, {"type": "Feature", "geometry": {"type": "Polygon", "coordinates": [[[1600.0, 1200.0], [1600.0, 1162.5], [1700.0, 1162.5], [1700.0, 1200.0], [1600.0, 1200.0]]]}, "properties": {"max_depth": 297.9009704589844}}, {"type": "Feature", "geometry": {"type": "Polygon", "coordinates": [[[2000.0, 1200.0], [2000.0, 1162.5], [2100.0, 1162.5], [2100.0, 1200.0], [2000.0, 1200.0]]]}, "properties": {"max_depth": 291.8102722167969}}, {"type": "Feature", "geometry": {"type": "Polygon", "coordinates": [[[9400.0, 1200.0], [9400.0, 1162.5], [9500.0, 1162.5], [9500.0, 1200.0], [9400.0, 1200.0]]]}, "properties": {"max_depth": 286.8081359863281}}, {"type": "Feature", "geometry": {"type": "Polygon", "coordinates": [[[9500.0, 1200.0], [9500.0, 1162.5], [9600.0, 1162.5], [9600.0, 1200.0], [9500.0, 1200.0]]]}, "properties": {"max_depth": 279.25103759765625}}, {"type": "Feature", "geometry": {"type": "Polygon", "coordinates": [[[9600.0, 1200.0], [9600.0, 1162.5], [9700.0, 1162.5], [9700.0, 1200.0], [9600.0, 1200.0]]]}, "properties": {"max_depth": 273.0226745605469}}, {"type": "Feature", "geometry": {"type": "Polygon", "coordinates": [[[9700.0, 1200.0], [9700.0, 1162.5], [9800.0, 1162.5], [9800.0, 1200.0], [9700.0, 1200.0]]]}, "properties": {"max_depth": 267.1537170410156}}, {"type": "Feature", "geometry": {"type": "Polygon", "coordinates": [[[9800.0, 1200.0], [9800.0, 1162.5], [9900.0, 1162.5], [9900.0, 1200.0], [9800.0, 1200.0]]]}, "properties": {"max_depth": 243.71981811523438}}, {"type": "Feature", "geometry": {"type": "Polygon", "coordinates": [[[9900.0, 1200.0], [9900.0, 1162.5], [10000.0, 1162.5], [10000.0, 1200.0], [9900.0, 1200.0]]]}, "properties": {"max_depth": 75.97559356689453}}, {"type": "Feature", "geometry": {"type": "Polygon", "coordinates": [[[100.0, 1162.5], [100.0, 1125.0], [200.0, 1125.0], [200.0, 1162.5], [100.0, 1162.5]]]}, "properties": {"max_depth": 296.1969909667969}}, {"type": "Feature", "geometry": {"type": "Polygon", "coordinates": [[[300.0, 1162.5], [300.0, 1125.0], [400.0, 1125.0], [400.0, 1162.5], [300.0, 1162.5]]]}, "properties": {"max_depth": 264.7740173339844}}, {"type": "Feature", "geometry": {"type": "Polygon", "coordinates": [[[400.0, 1162.5], [400.0, 1125.0], [500.0, 1125.0], [500.0, 1162.5], [400.0, 1162.5]]]}, "properties": {"max_depth": 278.0931701660156}}, {"type": "Feature", "geometry": {"type": "Polygon", "coordinates": [[[500.0, 1162.5], [500.0, 1125.0], [600.0, 1125.0], [600.0, 1162.5], [500.0, 1162.5]]]}, "properties": {"max_depth": 276.9272155761719}}, {"type": "Feature", "geometry": {"type": "Polygon", "coordinates": [[[600.0, 1162.5], [600.0, 1125.0], [700.0, 1125.0], [700.0, 1162.5], [600.0, 1162.5]]]}, "properties": {"max_depth": 261.12982177734375}}, {"type": "Feature", "geometry": {"type": "Polygon", "coordinates": [[[700.0, 1162.5], [700.0, 1125.0], [800.0, 1125.0], [800.0, 1162.5], [700.0, 1162.5]]]}, "properties": {"max_depth": 273.51092529296875}}, {"type": "Feature", "geometry": {"type": "Polygon", "coordinates": [[[800.0, 1162.5], [800.0, 1125.0], [900.0, 1125.0], [900.0, 1162.5], [800.0, 1162.5]]]}, "properties": {"max_depth": 268.55352783203125}}, {"type": "Feature", "geometry": {"type": "Polygon", "coordinates": [[[900.0, 1162.5], [900.0, 1125.0], [1000.0, 1125.0], [1000.0, 1162.5], [900.0, 1162.5]]]}, "properties": {"max_depth": 268.6191711425781}}, {"type": "Feature", "geometry": {"type": "Polygon", "coordinates": [[[1000.0, 1162.5], [1000.0, 1125.0], [1100.0, 1125.0], [1100.0, 1162.5], [1000.0, 1162.5]]]}, "properties": {"max_depth": 280.77105712890625}}, {"type": "Feature", "geometry": {"type": "Polygon", "coordinates": [[[1100.0, 1162.5], [1100.0, 1125.0], [1200.0, 1125.0], [1200.0, 1162.5], [1100.0, 1162.5]]]}, "properties": {"max_depth": 284.3525085449219}}, {"type": "Feature", "geometry": {"type": "Polygon", "coordinates": [[[1200.0, 1162.5], [1200.0, 1125.0], [1300.0, 1125.0], [1300.0, 1162.5], [1200.0, 1162.5]]]}, "properties": {"max_depth": 287.9305419921875}}, {"type": "Feature", "geometry": {"type": "Polygon", "coordinates": [[[1300.0, 1162.5], [1300.0, 1125.0], [1400.0, 1125.0], [1400.0, 1162.5], [1300.0, 1162.5]]]}, "properties": {"max_depth": 283.4659729003906}}, {"type": "Feature", "geometry": {"type": "Polygon", "coordinates": [[[1400.0, 1162.5], [1400.0, 1125.0], [1500.0, 1125.0], [1500.0, 1162.5], [1400.0, 1162.5]]]}, "properties": {"max_depth": 282.16229248046875}}, {"type": "Feature", "geometry": {"type": "Polygon", "coordinates": [[[1500.0, 1162.5], [1500.0, 1125.0], [1600.0, 1125.0], [1600.0, 1162.5], [1500.0, 1162.5]]]}, "properties": {"max_depth": 285.1810607910156}}, {"type": "Feature", "geometry": {"type": "Polygon", "coordinates": [[[1600.0, 1162.5], [1600.0, 1125.0], [1700.0, 1125.0], [1700.0, 1162.5], [1600.0, 1162.5]]]}, "properties": {"max_depth": 293.748291015625}}, {"type": "Feature", "geometry": {"type": "Polygon", "coordinates": [[[2000.0, 1162.5], [2000.0, 1125.0], [2100.0, 1125.0], [2100.0, 1162.5], [2000.0, 1162.5]]]}, "properties": {"max_depth": 298.7879333496094}}, {"type": "Feature", "geometry": {"type": "Polygon", "coordinates": [[[9400.0, 1162.5], [9400.0, 1125.0], [9500.0, 1125.0], [9500.0, 1162.5], [9400.0, 1162.5]]]}, "properties": {"max_depth": 299.8353271484375}}, {"type": "Feature", "geometry": {"type": "Polygon", "coordinates": [[[9500.0, 1162.5], [9500.0, 1125.0], [9600.0, 1125.0], [9600.0, 1162.5], [9500.0, 1162.5]]]}, "properties": {"max_depth": 290.2923278808594}}, {"type": "Feature", "geometry": {"type": "Polygon", "coordinates": [[[9600.0, 1162.5], [9600.0, 1125.0], [9700.0, 1125.0], [9700.0, 1162.5], [9600.0, 1162.5]]]}, "properties": {"max_depth": 274.28350830078125}}, {"type": "Feature", "geometry": {"type": "Polygon", "coordinates": [[[9700.0, 1162.5], [9700.0, 1125.0], [9800.0, 1125.0], [9800.0, 1162.5], [9700.0, 1162.5]]]}, "properties": {"max_depth": 267.1427917480469}}, {"type": "Feature", "geometry": {"type": "Polygon", "coordinates": [[[9800.0, 1162.5], [9800.0, 1125.0], [9900.0, 1125.0], [9900.0, 1162.5], [9800.0, 1162.5]]]}, "properties": {"max_depth": 250.04000854492188}}, {"type": "Feature", "geometry": {"type": "Polygon", "coordinates": [[[9900.0, 1162.5], [9900.0, 1125.0], [10000.0, 1125.0], [10000.0, 1162.5], [9900.0, 1162.5]]]}, "properties": {"max_depth": 102.49446868896484}}, {"type": "Feature", "geometry": {"type": "Polygon", "coordinates": [[[100.0, 1125.0], [100.0, 1087.5], [200.0, 1087.5], [200.0, 1125.0], [100.0, 1125.0]]]}, "properties": {"max_depth": 296.4000549316406}}, {"type": "Feature", "geometry": {"type": "Polygon", "coordinates": [[[300.0, 1125.0], [300.0, 1087.5], [400.0, 1087.5], [400.0, 1125.0], [300.0, 1125.0]]]}, "properties": {"max_depth": 267.7196960449219}}, {"type": "Feature", "geometry": {"type": "Polygon", "coordinates": [[[400.0, 1125.0], [400.0, 1087.5], [500.0, 1087.5], [500.0, 1125.0], [400.0, 1125.0]]]}, "properties": {"max_depth": 274.7581787109375}}, {"type": "Feature", "geometry": {"type": "Polygon", "coordinates": [[[500.0, 1125.0], [500.0, 1087.5], [600.0, 1087.5], [600.0, 1125.0], [500.0, 1125.0]]]}, "properties": {"max_depth": 275.9943542480469}}, {"type": "Feature", "geometry": {"type": "Polygon", "coordinates": [[[600.0, 1125.0], [600.0, 1087.5], [700.0, 1087.5], [700.0, 1125.0], [600.0, 1125.0]]]}, "properties": {"max_depth": 266.40936279296875}}, {"type": "Feature", "geometry": {"type": "Polygon", "coordinates": [[[700.0, 1125.0], [700.0, 1087.5], [800.0, 1087.5], [800.0, 1125.0], [700.0, 1125.0]]]}, "properties": {"max_depth": 282.5003967285156}}, {"type": "Feature", "geometry": {"type": "Polygon", "coordinates": [[[800.0, 1125.0], [800.0, 1087.5], [900.0, 1087.5], [900.0, 1125.0], [800.0, 1125.0]]]}, "properties": {"max_depth": 267.80572509765625}}, {"type": "Feature", "geometry": {"type": "Polygon", "coordinates": [[[900.0, 1125.0], [900.0, 1087.5], [1000.0, 1087.5], [1000.0, 1125.0], [900.0, 1125.0]]]}, "properties": {"max_depth": 283.5731201171875}}, {"type": "Feature", "geometry": {"type": "Polygon", "coordinates": [[[1000.0, 1125.0], [1000.0, 1087.5], [1100.0, 1087.5], [1100.0, 1125.0], [1000.0, 1125.0]]]}, "properties": {"max_depth": 282.2635192871094}}, {"type": "Feature", "geometry": {"type": "Polygon", "coordinates": [[[1100.0, 1125.0], [1100.0, 1087.5], [1200.0, 1087.5], [1200.0, 1125.0], [1100.0, 1125.0]]]}, "properties": {"max_depth": 289.72528076171875}}, {"type": "Feature", "geometry": {"type": "Polygon", "coordinates": [[[1200.0, 1125.0], [1200.0, 1087.5], [1300.0, 1087.5], [1300.0, 1125.0], [1200.0, 1125.0]]]}, "properties": {"max_depth": 282.5357360839844}}, {"type": "Feature", "geometry": {"type": "Polygon", "coordinates": [[[1300.0, 1125.0], [1300.0, 1087.5], [1400.0, 1087.5], [1400.0, 1125.0], [1300.0, 1125.0]]]}, "properties": {"max_depth": 282.0384826660156}}, {"type": "Feature", "geometry": {"type": "Polygon", "coordinates": [[[1400.0, 1125.0], [1400.0, 1087.5], [1500.0, 1087.5], [1500.0, 1125.0], [1400.0, 1125.0]]]}, "properties": {"max_depth": 282.8021240234375}}, {"type": "Feature", "geometry": {"type": "Polygon", "coordinates": [[[1800.0, 1125.0], [1800.0, 1087.5], [1900.0, 1087.5], [1900.0, 1125.0], [1800.0, 1125.0]]]}, "properties": {"max_depth": 298.9859313964844}}, {"type": "Feature", "geometry": {"type": "Polygon", "coordinates": [[[1900.0, 1125.0], [1900.0, 1087.5], [2000.0, 1087.5], [2000.0, 1125.0], [1900.0, 1125.0]]]}, "properties": {"max_depth": 290.78936767578125}}, {"type": "Feature", "geometry": {"type": "Polygon", "coordinates": [[[9500.0, 1125.0], [9500.0, 1087.5], [9600.0, 1087.5], [9600.0, 1125.0], [9500.0, 1125.0]]]}, "properties": {"max_depth": 286.6044921875}}, {"type": "Feature", "geometry": {"type": "Polygon", "coordinates": [[[9600.0, 1125.0], [9600.0, 1087.5], [9700.0, 1087.5], [9700.0, 1125.0], [9600.0, 1125.0]]]}, "properties": {"max_depth": 287.2176208496094}}, {"type": "Feature", "geometry": {"type": "Polygon", "coordinates": [[[9700.0, 1125.0], [9700.0, 1087.5], [9800.0, 1087.5], [9800.0, 1125.0], [9700.0, 1125.0]]]}, "properties": {"max_depth": 284.81134033203125}}, {"type": "Feature", "geometry": {"type": "Polygon", "coordinates": [[[9800.0, 1125.0], [9800.0, 1087.5], [9900.0, 1087.5], [9900.0, 1125.0], [9800.0, 1125.0]]]}, "properties": {"max_depth": 254.21958923339844}}, {"type": "Feature", "geometry": {"type": "Polygon", "coordinates": [[[9900.0, 1125.0], [9900.0, 1087.5], [10000.0, 1087.5], [10000.0, 1125.0], [9900.0, 1125.0]]]}, "properties": {"max_depth": 78.28564453125}}, {"type": "Feature", "geometry": {"type": "Polygon", "coordinates": [[[100.0, 1087.5], [100.0, 1050.0], [200.0, 1050.0], [200.0, 1087.5], [100.0, 1087.5]]]}, "properties": {"max_depth": 285.7136535644531}}, {"type": "Feature", "geometry": {"type": "Polygon", "coordinates": [[[300.0, 1087.5], [300.0, 1050.0], [400.0, 1050.0], [400.0, 1087.5], [300.0, 1087.5]]]}, "properties": {"max_depth": 286.08428955078125}}, {"type": "Feature", "geometry": {"type": "Polygon", "coordinates": [[[400.0, 1087.5], [400.0, 1050.0], [500.0, 1050.0], [500.0, 1087.5], [400.0, 1087.5]]]}, "properties": {"max_depth": 275.2936706542969}}, {"type": "Feature", "geometry": {"type": "Polygon", "coordinates": [[[500.0, 1087.5], [500.0, 1050.0], [600.0, 1050.0], [600.0, 1087.5], [500.0, 1087.5]]]}, "properties": {"max_depth": 282.7144775390625}}, {"type": "Feature", "geometry": {"type": "Polygon", "coordinates": [[[600.0, 1087.5], [600.0, 1050.0], [700.0, 1050.0], [700.0, 1087.5], [600.0, 1087.5]]]}, "properties": {"max_depth": 265.62445068359375}}, {"type": "Feature", "geometry": {"type": "Polygon", "coordinates": [[[700.0, 1087.5], [700.0, 1050.0], [800.0, 1050.0], [800.0, 1087.5], [700.0, 1087.5]]]}, "properties": {"max_depth": 269.4844055175781}}, {"type": "Feature", "geometry": {"type": "Polygon", "coordinates": [[[800.0, 1087.5], [800.0, 1050.0], [900.0, 1050.0], [900.0, 1087.5], [800.0, 1087.5]]]}, "properties": {"max_depth": 266.4455871582031}}, {"type": "Feature", "geometry": {"type": "Polygon", "coordinates": [[[900.0, 1087.5], [900.0, 1050.0], [1000.0, 1050.0], [1000.0, 1087.5], [900.0, 1087.5]]]}, "properties": {"max_depth": 279.1827087402344}}, {"type": "Feature", "geometry": {"type": "Polygon", "coordinates": [[[1000.0, 1087.5], [1000.0, 1050.0], [1100.0, 1050.0], [1100.0, 1087.5], [1000.0, 1087.5]]]}, "properties": {"max_depth": 273.9270324707031}}, {"type": "Feature", "geometry": {"type": "Polygon", "coordinates": [[[1100.0, 1087.5], [1100.0, 1050.0], [1200.0, 1050.0], [1200.0, 1087.5], [1100.0, 1087.5]]]}, "properties": {"max_depth": 279.7525634765625}}, {"type": "Feature", "geometry": {"type": "Polygon", "coordinates": [[[1200.0, 1087.5], [1200.0, 1050.0], [1300.0, 1050.0], [1300.0, 1087.5], [1200.0, 1087.5]]]}, "properties": {"max_depth": 282.60528564453125}}, {"type": "Feature", "geometry": {"type": "Polygon", "coordinates": [[[1300.0, 1087.5], [1300.0, 1050.0], [1400.0, 1050.0], [1400.0, 1087.5], [1300.0, 1087.5]]]}, "properties": {"max_depth": 290.2332763671875}}, {"type": "Feature", "geometry": {"type": "Polygon", "coordinates": [[[1400.0, 1087.5], [1400.0, 1050.0], [1500.0, 1050.0], [1500.0, 1087.5], [1400.0, 1087.5]]]}, "properties": {"max_depth": 289.34161376953125}}, {"type": "Feature", "geometry": {"type": "Polygon", "coordinates": [[[1500.0, 1087.5], [1500.0, 1050.0], [1600.0, 1050.0], [1600.0, 1087.5], [1500.0, 1087.5]]]}, "properties": {"max_depth": 292.63055419921875}}, {"type": "Feature", "geometry": {"type": "Polygon", "coordinates": [[[1900.0, 1087.5], [1900.0, 1050.0], [2000.0, 1050.0], [2000.0, 1087.5], [1900.0, 1087.5]]]}, "properties": {"max_depth": 292.5}}, {"type": "Feature", "geometry": {"type": "Polygon", "coordinates": [[[9400.0, 1087.5], [9400.0, 1050.0], [9500.0, 1050.0], [9500.0, 1087.5], [9400.0, 1087.5]]]}, "properties": {"max_depth": 299.4437561035156}}, {"type": "Feature", "geometry": {"type": "Polygon", "coordinates": [[[9500.0, 1087.5], [9500.0, 1050.0], [9600.0, 1050.0], [9600.0, 1087.5], [9500.0, 1087.5]]]}, "properties": {"max_depth": 298.4489440917969}}, {"type": "Feature", "geometry": {"type": "Polygon", "coordinates": [[[9600.0, 1087.5], [9600.0, 1050.0], [9700.0, 1050.0], [9700.0, 1087.5], [9600.0, 1087.5]]]}, "properties": {"max_depth": 300.0}}, {"type": "Feature", "geometry": {"type": "Polygon", "coordinates": [[[9700.0, 1087.5], [9700.0, 1050.0], [9800.0, 1050.0], [9800.0, 1087.5], [9700.0, 1087.5]]]}, "properties": {"max_depth": 285.8305969238281}}, {"type": "Feature", "geometry": {"type": "Polygon", "coordinates": [[[9800.0, 1087.5], [9800.0, 1050.0], [9900.0, 1050.0], [9900.0, 1087.5], [9800.0, 1087.5]]]}, "properties": {"max_depth": 253.0514678955078}}, {"type": "Feature", "geometry": {"type": "Polygon", "coordinates": [[[9900.0, 1087.5], [9900.0, 1050.0], [10000.0, 1050.0], [10000.0, 1087.5], [9900.0, 1087.5]]]}, "properties": {"max_depth": 91.13777160644531}}, {"type": "Feature", "geometry": {"type": "Polygon", "coordinates": [[[100.0, 1050.0], [100.0, 1012.5], [200.0, 1012.5], [200.0, 1050.0], [100.0, 1050.0]]]}, "properties": {"max_depth": 290.453369140625}}, {"type": "Feature", "geometry": {"type": "Polygon", "coordinates": [[[300.0, 1050.0], [300.0, 1012.5], [400.0, 1012.5], [400.0, 1050.0], [300.0, 1050.0]]]}, "properties": {"max_depth": 277.3108825683594}}, {"type": "Feature", "geometry": {"type": "Polygon", "coordinates": [[[400.0, 1050.0], [400.0, 1012.5], [500.0, 1012.5], [500.0, 1050.0], [400.0, 1050.0]]]}, "properties": {"max_depth": 275.1625671386719}}, {"type": "Feature", "geometry": {"type": "Polygon", "coordinates": [[[500.0, 1050.0], [500.0, 1012.5], [600.0, 1012.5], [600.0, 1050.0], [500.0, 1050.0]]]}, "properties": {"max_depth": 269.0915832519531}}, {"type": "Feature", "geometry": {"type": "Polygon", "coordinates": [[[600.0, 1050.0], [600.0, 1012.5], [700.0, 1012.5], [700.0, 1050.0], [600.0, 1050.0]]]}, "properties": {"max_depth": 281.7856140136719}}, {"type": "Feature", "geometry": {"type": "Polygon", "coordinates": [[[700.0, 1050.0], [700.0, 1012.5], [800.0, 1012.5], [800.0, 1050.0], [700.0, 1050.0]]]}, "properties": {"max_depth": 271.5046691894531}}, {"type": "Feature", "geometry": {"type": "Polygon", "coordinates": [[[800.0, 1050.0], [800.0, 1012.5], [900.0, 1012.5], [900.0, 1050.0], [800.0, 1050.0]]]}, "properties": {"max_depth": 279.99517822265625}}, {"type": "Feature", "geometry": {"type": "Polygon", "coordinates": [[[900.0, 1050.0], [900.0, 1012.5], [1000.0, 1012.5], [1000.0, 1050.0], [900.0, 1050.0]]]}, "properties": {"max_depth": 276.8929748535156}}, {"type": "Feature", "geometry": {"type": "Polygon", "coordinates": [[[1000.0, 1050.0], [1000.0, 1012.5], [1100.0, 1012.5], [1100.0, 1050.0], [1000.0, 1050.0]]]}, "properties": {"max_depth": 285.1534729003906}}, {"type": "Feature", "geometry": {"type": "Polygon", "coordinates": [[[1100.0, 1050.0], [1100.0, 1012.5], [1200.0, 1012.5], [1200.0, 1050.0], [1100.0, 1050.0]]]}, "properties": {"max_depth": 284.1026916503906}}, {"type": "Feature", "geometry": {"type": "Polygon", "coordinates": [[[1200.0, 1050.0], [1200.0, 1012.5], [1300.0, 1012.5], [1300.0, 1050.0], [1200.0, 1050.0]]]}, "properties": {"max_depth": 297.1967468261719}}, {"type": "Feature", "geometry": {"type": "Polygon", "coordinates": [[[1300.0, 1050.0], [1300.0, 1012.5], [1400.0, 1012.5], [1400.0, 1050.0], [1300.0, 1050.0]]]}, "properties": {"max_depth": 288.9774169921875}}, {"type": "Feature", "geometry": {"type": "Polygon", "coordinates": [[[1400.0, 1050.0], [1400.0, 1012.5], [1500.0, 1012.5], [1500.0, 1050.0], [1400.0, 1050.0]]]}, "properties": {"max_depth": 299.1156005859375}}, {"type": "Feature", "geometry": {"type": "Polygon", "coordinates": [[[1700.0, 1050.0], [1700.0, 1012.5], [1800.0, 1012.5], [1800.0, 1050.0], [1700.0, 1050.0]]]}, "properties": {"max_depth": 295.8694152832031}}, {"type": "Feature", "geometry": {"type": "Polygon", "coordinates": [[[1900.0, 1050.0], [1900.0, 1012.5], [2000.0, 1012.5], [2000.0, 1050.0], [1900.0, 1050.0]]]}, "properties": {"max_depth": 299.251708984375}}, {"type": "Feature", "geometry": {"type": "Polygon", "coordinates": [[[9600.0, 1050.0], [9600.0, 1012.5], [9700.0, 1012.5], [9700.0, 1050.0], [9600.0, 1050.0]]]}, "properties": {"max_depth": 291.3714904785156}}, {"type": "Feature", "geometry": {"type": "Polygon", "coordinates": [[[9700.0, 1050.0], [9700.0, 1012.5], [9800.0, 1012.5], [9800.0, 1050.0], [9700.0, 1050.0]]]}, "properties": {"max_depth": 266.3707275390625}}, {"type": "Feature", "geometry": {"type": "Polygon", "coordinates": [[[9800.0, 1050.0], [9800.0, 1012.5], [9900.0, 1012.5], [9900.0, 1050.0], [9800.0, 1050.0]]]}, "properties": {"max_depth": 249.3458251953125}}, {"type": "Feature", "geometry": {"type": "Polygon", "coordinates": [[[9900.0, 1050.0], [9900.0, 1012.5], [10000.0, 1012.5], [10000.0, 1050.0], [9900.0, 1050.0]]]}, "properties": {"max_depth": 78.81391906738281}}, {"type": "Feature", "geometry": {"type": "Polygon", "coordinates": [[[100.0, 1012.5], [100.0, 975.0], [200.0, 975.0], [200.0, 1012.5], [100.0, 1012.5]]]}, "properties": {"max_depth": 279.656005859375}}, {"type": "Feature", "geometry": {"type": "Polygon", "coordinates": [[[300.0, 1012.5], [300.0, 975.0], [400.0, 975.0], [400.0, 1012.5], [300.0, 1012.5]]]}, "properties": {"max_depth": 263.4843444824219}}, {"type": "Feature", "geometry": {"type": "Polygon", "coordinates": [[[400.0, 1012.5], [400.0, 975.0], [500.0, 975.0], [500.0, 1012.5], [400.0, 1012.5]]]}, "properties": {"max_depth": 269.4285583496094}}, {"type": "Feature", "geometry": {"type": "Polygon", "coordinates": [[[500.0, 1012.5], [500.0, 975.0], [600.0, 975.0], [600.0, 1012.5], [500.0, 1012.5]]]}, "properties": {"max_depth": 273.3040466308594}}, {"type": "Feature", "geometry": {"type": "Polygon", "coordinates": [[[600.0, 1012.5], [600.0, 975.0], [700.0, 975.0], [700.0, 1012.5], [600.0, 1012.5]]]}, "properties": {"max_depth": 275.5140686035156}}, {"type": "Feature", "geometry": {"type": "Polygon", "coordinates": [[[700.0, 1012.5], [700.0, 975.0], [800.0, 975.0], [800.0, 1012.5], [700.0, 1012.5]]]}, "properties": {"max_depth": 270.6138916015625}}, {"type": "Feature", "geometry": {"type": "Polygon", "coordinates": [[[800.0, 1012.5], [800.0, 975.0], [900.0, 975.0], [900.0, 1012.5], [800.0, 1012.5]]]}, "properties": {"max_depth": 271.79705810546875}}, {"type": "Feature", "geometry": {"type": "Polygon", "coordinates": [[[900.0, 1012.5], [900.0, 975.0], [1000.0, 975.0], [1000.0, 1012.5], [900.0, 1012.5]]]}, "properties": {"max_depth": 283.433349609375}}, {"type": "Feature", "geometry": {"type": "Polygon", "coordinates": [[[1000.0, 1012.5], [1000.0, 975.0], [1100.0, 975.0], [1100.0, 1012.5], [1000.0, 1012.5]]]}, "properties": {"max_depth": 283.51861572265625}}, {"type": "Feature", "geometry": {"type": "Polygon", "coordinates": [[[1100.0, 1012.5], [1100.0, 975.0], [1200.0, 975.0], [1200.0, 1012.5], [1100.0, 1012.5]]]}, "properties": {"max_depth": 294.4281921386719}}, {"type": "Feature", "geometry": {"type": "Polygon", "coordinates": [[[1200.0, 1012.5], [1200.0, 975.0], [1300.0, 975.0], [1300.0, 1012.5], [1200.0, 1012.5]]]}, "properties": {"max_depth": 293.00335693359375}}, {"type": "Feature", "geometry": {"type": "Polygon", "coordinates": [[[1300.0, 1012.5], [1300.0, 975.0], [1400.0, 975.0], [1400.0, 1012.5], [1300.0, 1012.5]]]}, "properties": {"max_depth": 300.0}}, {"type": "Feature", "geometry": {"type": "Polygon", "coordinates": [[[1400.0, 1012.5], [1400.0, 975.0], [1500.0, 975.0], [1500.0, 1012.5], [1400.0, 1012.5]]]}, "properties": {"max_depth": 298.5330810546875}}, {"type": "Feature", "geometry": {"type": "Polygon", "coordinates": [[[9600.0, 1012.5], [9600.0, 975.0], [9700.0, 975.0], [9700.0, 1012.5], [9600.0, 1012.5]]]}, "properties": {"max_depth": 279.0002746582031}}, {"type": "Feature", "geometry": {"type": "Polygon", "coordinates": [[[9700.0, 1012.5], [9700.0, 975.0], [9800.0, 975.0], [9800.0, 1012.5], [9700.0, 1012.5]]]}, "properties": {"max_depth": 260.1231384277344}}, {"type": "Feature", "geometry": {"type": "Polygon", "coordinates": [[[9800.0, 1012.5], [9800.0, 975.0], [9900.0, 975.0], [9900.0, 1012.5], [9800.0, 1012.5]]]}, "properties": {"max_depth": 243.8214111328125}}, {"type": "Feature", "geometry": {"type": "Polygon", "coordinates": [[[9900.0, 1012.5], [9900.0, 975.0], [10000.0, 975.0], [10000.0, 1012.5], [9900.0, 1012.5]]]}, "properties": {"max_depth": 96.53178405761719}}, {"type": "Feature", "geometry": {"type": "Polygon", "coordinates": [[[100.0, 975.0], [100.0, 937.5], [200.0, 937.5], [200.0, 975.0], [100.0, 975.0]]]}, "properties": {"max_depth": 283.6617736816406}}, {"type": "Feature", "geometry": {"type": "Polygon", "coordinates": [[[300.0, 975.0], [300.0, 937.5], [400.0, 937.5], [400.0, 975.0], [300.0, 975.0]]]}, "properties": {"max_depth": 274.22235107421875}}, {"type": "Feature", "geometry": {"type": "Polygon", "coordinates": [[[400.0, 975.0], [400.0, 937.5], [500.0, 937.5], [500.0, 975.0], [400.0, 975.0]]]}, "properties": {"max_depth": 288.1843566894531}}, {"type": "Feature", "geometry": {"type": "Polygon", "coordinates": [[[500.0, 975.0], [500.0, 937.5], [600.0, 937.5], [600.0, 975.0], [500.0, 975.0]]]}, "properties": {"max_depth": 282.3219909667969}}, {"type": "Feature", "geometry": {"type": "Polygon", "coordinates": [[[600.0, 975.0], [600.0, 937.5], [700.0, 937.5], [700.0, 975.0], [600.0, 975.0]]]}, "properties": {"max_depth": 270.0847473144531}}, {"type": "Feature", "geometry": {"type": "Polygon", "coordinates": [[[700.0, 975.0], [700.0, 937.5], [800.0, 937.5], [800.0, 975.0], [700.0, 975.0]]]}, "properties": {"max_depth": 273.2485046386719}}, {"type": "Feature", "geometry": {"type": "Polygon", "coordinates": [[[800.0, 975.0], [800.0, 937.5], [900.0, 937.5], [900.0, 975.0], [800.0, 975.0]]]}, "properties": {"max_depth": 280.8147888183594}}, {"type": "Feature", "geometry": {"type": "Polygon", "coordinates": [[[900.0, 975.0], [900.0, 937.5], [1000.0, 937.5], [1000.0, 975.0], [900.0, 975.0]]]}, "properties": {"max_depth": 293.80572509765625}}, {"type": "Feature", "geometry": {"type": "Polygon", "coordinates": [[[1000.0, 975.0], [1000.0, 937.5], [1100.0, 937.5], [1100.0, 975.0], [1000.0, 975.0]]]}, "properties": {"max_depth": 287.6709899902344}}, {"type": "Feature", "geometry": {"type": "Polygon", "coordinates": [[[1100.0, 975.0], [1100.0, 937.5], [1200.0, 937.5], [1200.0, 975.0], [1100.0, 975.0]]]}, "properties": {"max_depth": 294.26715087890625}}, {"type": "Feature", "geometry": {"type": "Polygon", "coordinates": [[[1200.0, 975.0], [1200.0, 937.5], [1300.0, 937.5], [1300.0, 975.0], [1200.0, 975.0]]]}, "properties": {"max_depth": 285.2551574707031}}, {"type": "Feature", "geometry": {"type": "Polygon", "coordinates": [[[1300.0, 975.0], [1300.0, 937.5], [1400.0, 937.5], [1400.0, 975.0], [1300.0, 975.0]]]}, "properties": {"max_depth": 297.10516357421875}}, {"type": "Feature", "geometry": {"type": "Polygon", "coordinates": [[[1600.0, 975.0], [1600.0, 937.5], [1700.0, 937.5], [1700.0, 975.0], [1600.0, 975.0]]]}, "properties": {"max_depth": 297.296875}}, {"type": "Feature", "geometry": {"type": "Polygon", "coordinates": [[[9500.0, 975.0], [9500.0, 937.5], [9600.0, 937.5], [9600.0, 975.0], [9500.0, 975.0]]]}, "properties": {"max_depth": 290.6142578125}}, {"type": "Feature", "geometry": {"type": "Polygon", "coordinates": [[[9600.0, 975.0], [9600.0, 937.5], [9700.0, 937.5], [9700.0, 975.0], [9600.0, 975.0]]]}, "properties": {"max_depth": 277.521240234375}}, {"type": "Feature", "geometry": {"type": "Polygon", "coordinates": [[[9700.0, 975.0], [9700.0, 937.5], [9800.0, 937.5], [9800.0, 975.0], [9700.0, 975.0]]]}, "properties": {"max_depth": 264.8642272949219}}, {"type": "Feature", "geometry": {"type": "Polygon", "coordinates": [[[9800.0, 975.0], [9800.0, 937.5], [9900.0, 937.5], [9900.0, 975.0], [9800.0, 975.0]]]}, "properties": {"max_depth": 246.3569793701172}}, {"type": "Feature", "geometry": {"type": "Polygon", "coordinates": [[[9900.0, 975.0], [9900.0, 937.5], [10000.0, 937.5], [10000.0, 975.0], [9900.0, 975.0]]]}, "properties": {"max_depth": 85.54426574707031}}, {"type": "Feature", "geometry": {"type": "Polygon", "coordinates": [[[100.0, 937.5], [100.0, 900.0], [200.0, 900.0], [200.0, 937.5], [100.0, 937.5]]]}, "properties": {"max_depth": 280.2172546386719}}, {"type": "Feature", "geometry": {"type": "Polygon", "coordinates": [[[300.0, 937.5], [300.0, 900.0], [400.0, 900.0], [400.0, 937.5], [300.0, 937.5]]]}, "properties": {"max_depth": 262.4836120605469}}, {"type": "Feature", "geometry": {"type": "Polygon", "coordinates": [[[400.0, 937.5], [400.0, 900.0], [500.0, 900.0], [500.0, 937.5], [400.0, 937.5]]]}, "properties": {"max_depth": 270.6640930175781}}, {"type": "Feature", "geometry": {"type": "Polygon", "coordinates": [[[500.0, 937.5], [500.0, 900.0], [600.0, 900.0], [600.0, 937.5], [500.0, 937.5]]]}, "properties": {"max_depth": 278.0374450683594}}, {"type": "Feature", "geometry": {"type": "Polygon", "coordinates": [[[600.0, 937.5], [600.0, 900.0], [700.0, 900.0], [700.0, 937.5], [600.0, 937.5]]]}, "properties": {"max_depth": 279.2015380859375}}, {"type": "Feature", "geometry": {"type": "Polygon", "coordinates": [[[700.0, 937.5], [700.0, 900.0], [800.0, 900.0], [800.0, 937.5], [700.0, 937.5]]]}, "properties": {"max_depth": 267.5185546875}}, {"type": "Feature", "geometry": {"type": "Polygon", "coordinates": [[[800.0, 937.5], [800.0, 900.0], [900.0, 900.0], [900.0, 937.5], [800.0, 937.5]]]}, "properties": {"max_depth": 274.8482666015625}}, {"type": "Feature", "geometry": {"type": "Polygon", "coordinates": [[[900.0, 937.5], [900.0, 900.0], [1000.0, 900.0], [1000.0, 937.5], [900.0, 937.5]]]}, "properties": {"max_depth": 287.43505859375}}, {"type": "Feature", "geometry": {"type": "Polygon", "coordinates": [[[1000.0, 937.5], [1000.0, 900.0], [1100.0, 900.0], [1100.0, 937.5], [1000.0, 937.5]]]}, "properties": {"max_depth": 299.28662109375}}, {"type": "Feature", "geometry": {"type": "Polygon", "coordinates": [[[1100.0, 937.5], [1100.0, 900.0], [1200.0, 900.0], [1200.0, 937.5], [1100.0, 937.5]]]}, "properties": {"max_depth": 293.0176086425781}}, {"type": "Feature", "geometry": {"type": "Polygon", "coordinates": [[[9600.0, 937.5], [9600.0, 900.0], [9700.0, 900.0], [9700.0, 937.5], [9600.0, 937.5]]]}, "properties": {"max_depth": 292.5614318847656}}, {"type": "Feature", "geometry": {"type": "Polygon", "coordinates": [[[9700.0, 937.5], [9700.0, 900.0], [9800.0, 900.0], [9800.0, 937.5], [9700.0, 937.5]]]}, "properties": {"max_depth": 268.2401123046875}}, {"type": "Feature", "geometry": {"type": "Polygon", "coordinates": [[[9800.0, 937.5], [9800.0, 900.0], [9900.0, 900.0], [9900.0, 937.5], [9800.0, 937.5]]]}, "properties": {"max_depth": 251.68011474609375}}, {"type": "Feature", "geometry": {"type": "Polygon", "coordinates": [[[9900.0, 937.5], [9900.0, 900.0], [10000.0, 900.0], [10000.0, 937.5], [9900.0, 937.5]]]}, "properties": {"max_depth": 101.181884765625}}, {"type": "Feature", "geometry": {"type": "Polygon", "coordinates": [[[200.0, 1200.0], [200.0, 862.5], [300.0, 862.5], [300.0, 1200.0], [200.0, 1200.0]]]}, "properties": {"max_depth": 260.4151306152344}}, {"type": "Feature", "geometry": {"type": "Polygon", "coordinates": [[[100.0, 900.0], [100.0, 862.5], [200.0, 862.5], [200.0, 900.0], [100.0, 900.0]]]}, "properties": {"max_depth": 276.0859069824219}}, {"type": "Feature", "geometry": {"type": "Polygon", "coordinates": [[[300.0, 900.0], [300.0, 862.5], [400.0, 862.5], [400.0, 900.0], [300.0, 900.0]]]}, "properties": {"max_depth": 267.9302673339844}}, {"type": "Feature", "geometry": {"type": "Polygon", "coordinates": [[[400.0, 900.0], [400.0, 862.5], [500.0, 862.5], [500.0, 900.0], [400.0, 900.0]]]}, "properties": {"max_depth": 279.7630310058594}}, {"type": "Feature", "geometry": {"type": "Polygon", "coordinates": [[[500.0, 900.0], [500.0, 862.5], [600.0, 862.5], [600.0, 900.0], [500.0, 900.0]]]}, "properties": {"max_depth": 278.6628112792969}}, {"type": "Feature", "geometry": {"type": "Polygon", "coordinates": [[[600.0, 900.0], [600.0, 862.5], [700.0, 862.5], [700.0, 900.0], [600.0, 900.0]]]}, "properties": {"max_depth": 283.28314208984375}}, {"type": "Feature", "geometry": {"type": "Polygon", "coordinates": [[[700.0, 900.0], [700.0, 862.5], [800.0, 862.5], [800.0, 900.0], [700.0, 900.0]]]}, "properties": {"max_depth": 298.7566223144531}}, {"type": "Feature", "geometry": {"type": "Polygon", "coordinates": [[[800.0, 900.0], [800.0, 862.5], [900.0, 862.5], [900.0, 900.0], [800.0, 900.0]]]}, "properties": {"max_depth": 274.96044921875}}, {"type": "Feature", "geometry": {"type": "Polygon", "coordinates": [[[900.0, 900.0], [900.0, 862.5], [1000.0, 862.5], [1000.0, 900.0], [900.0, 900.0]]]}, "properties": {"max_depth": 287.7154235839844}}, {"type": "Feature", "geometry": {"type": "Polygon", "coordinates": [[[1000.0, 900.0], [1000.0, 862.5], [1100.0, 862.5], [1100.0, 900.0], [1000.0, 900.0]]]}, "properties": {"max_depth": 290.08203125}}, {"type": "Feature", "geometry": {"type": "Polygon", "coordinates": [[[1100.0, 900.0], [1100.0, 862.5], [1200.0, 862.5], [1200.0, 900.0], [1100.0, 900.0]]]}, "properties": {"max_depth": 286.2727355957031}}, {"type": "Feature", "geometry": {"type": "Polygon", "coordinates": [[[9400.0, 900.0], [9400.0, 862.5], [9500.0, 862.5], [9500.0, 900.0], [9400.0, 900.0]]]}, "properties": {"max_depth": 295.31414794921875}}, {"type": "Feature", "geometry": {"type": "Polygon", "coordinates": [[[9500.0, 900.0], [9500.0, 862.5], [9600.0, 862.5], [9600.0, 900.0], [9500.0, 900.0]]]}, "properties": {"max_depth": 299.5614318847656}}, {"type": "Feature", "geometry": {"type": "Polygon", "coordinates": [[[9600.0, 900.0], [9600.0, 862.5], [9700.0, 862.5], [9700.0, 900.0], [9600.0, 900.0]]]}, "properties": {"max_depth": 295.1586608886719}}, {"type": "Feature", "geometry": {"type": "Polygon", "coordinates": [[[9700.0, 900.0], [9700.0, 862.5], [9800.0, 862.5], [9800.0, 900.0], [9700.0, 900.0]]]}, "properties": {"max_depth": 272.86627197265625}}, {"type": "Feature", "geometry": {"type": "Polygon", "coordinates": [[[9800.0, 900.0], [9800.0, 862.5], [9900.0, 862.5], [9900.0, 900.0], [9800.0, 900.0]]]}, "properties": {"max_depth": 256.09771728515625}}, {"type": "Feature", "geometry": {"type": "Polygon", "coordinates": [[[9900.0, 900.0], [9900.0, 862.5], [10000.0, 862.5], [10000.0, 900.0], [9900.0, 900.0]]]}, "properties": {"max_depth": 91.45415496826172}}, {"type": "Feature", "geometry": {"type": "Polygon", "coordinates": [[[100.0, 862.5], [100.0, 825.0], [200.0, 825.0], [200.0, 862.5], [100.0, 862.5]]]}, "properties": {"max_depth": 264.5426330566406}}, {"type": "Feature", "geometry": {"type": "Polygon", "coordinates": [[[200.0, 862.5], [200.0, 825.0], [300.0, 825.0], [300.0, 862.5], [200.0, 862.5]]]}, "properties": {"max_depth": 262.92779541015625}}, {"type": "Feature", "geometry": {"type": "Polygon", "coordinates": [[[300.0, 862.5], [300.0, 825.0], [400.0, 825.0], [400.0, 862.5], [300.0, 862.5]]]}, "properties": {"max_depth": 278.1393737792969}}, {"type": "Feature", "geometry": {"type": "Polygon", "coordinates": [[[400.0, 862.5], [400.0, 825.0], [500.0, 825.0], [500.0, 862.5], [400.0, 862.5]]]}, "properties": {"max_depth": 289.9931945800781}}, {"type": "Feature", "geometry": {"type": "Polygon", "coordinates": [[[500.0, 862.5], [500.0, 825.0], [600.0, 825.0], [600.0, 862.5], [500.0, 862.5]]]}, "properties": {"max_depth": 292.0101623535156}}, {"type": "Feature", "geometry": {"type": "Polygon", "coordinates": [[[600.0, 862.5], [600.0, 825.0], [700.0, 825.0], [700.0, 862.5], [600.0, 862.5]]]}, "properties": {"max_depth": 278.48626708984375}}, {"type": "Feature", "geometry": {"type": "Polygon", "coordinates": [[[700.0, 862.5], [700.0, 825.0], [800.0, 825.0], [800.0, 862.5], [700.0, 862.5]]]}, "properties": {"max_depth": 292.82257080078125}}, {"type": "Feature", "geometry": {"type": "Polygon", "coordinates": [[[800.0, 862.5], [800.0, 825.0], [900.0, 825.0], [900.0, 862.5], [800.0, 862.5]]]}, "properties": {"max_depth": 286.7823181152344}}, {"type": "Feature", "geometry": {"type": "Polygon", "coordinates": [[[900.0, 862.5], [900.0, 825.0], [1100.0, 825.0], [1100.0, 862.5], [900.0, 862.5]]]}, "properties": {"max_depth": 300.0}}, {"type": "Feature", "geometry": {"type": "Polygon", "coordinates": [[[1100.0, 862.5], [1100.0, 825.0], [1200.0, 825.0], [1200.0, 862.5], [1100.0, 862.5]]]}, "properties": {"max_depth": 297.7696533203125}}, {"type": "Feature", "geometry": {"type": "Polygon", "coordinates": [[[9600.0, 862.5], [9600.0, 825.0], [9700.0, 825.0], [9700.0, 862.5], [9600.0, 862.5]]]}, "properties": {"max_depth": 291.73284912109375}}, {"type": "Feature", "geometry": {"type": "Polygon", "coordinates": [[[9700.0, 862.5], [9700.0, 825.0], [9800.0, 825.0], [9800.0, 862.5], [9700.0, 862.5]]]}, "properties": {"max_depth": 283.7709655761719}}, {"type": "Feature", "geometry": {"type": "Polygon", "coordinates": [[[9800.0, 862.5], [9800.0, 825.0], [9900.0, 825.0], [9900.0, 862.5], [9800.0, 862.5]]]}, "properties": {"max_depth": 256.95111083984375}}, {"type": "Feature", "geometry": {"type": "Polygon", "coordinates": [[[9900.0, 862.5], [9900.0, 825.0], [10000.0, 825.0], [10000.0, 862.5], [9900.0, 862.5]]]}, "properties": {"max_depth": 102.9808578491211}}, {"type": "Feature", "geometry": {"type": "Polygon", "coordinates": [[[200.0, 825.0], [200.0, 787.5], [300.0, 787.5], [300.0, 825.0], [200.0, 825.0]]]}, "properties": {"max_depth": 260.4151306152344}}, {"type": "Feature", "geometry": {"type": "Polygon", "coordinates": [[[300.0, 825.0], [300.0, 787.5], [400.0, 787.5], [400.0, 825.0], [300.0, 825.0]]]}, "properties": {"max_depth": 268.31195068359375}}, {"type": "Feature", "geometry": {"type": "Polygon", "coordinates": [[[400.0, 825.0], [400.0, 787.5], [500.0, 787.5], [500.0, 825.0], [400.0, 825.0]]]}, "properties": {"max_depth": 274.5516662597656}}, {"type": "Feature", "geometry": {"type": "Polygon", "coordinates": [[[500.0, 825.0], [500.0, 787.5], [600.0, 787.5], [600.0, 825.0], [500.0, 825.0]]]}, "properties": {"max_depth": 279.750732421875}}, {"type": "Feature", "geometry": {"type": "Polygon", "coordinates": [[[600.0, 825.0], [600.0, 787.5], [700.0, 787.5], [700.0, 825.0], [600.0, 825.0]]]}, "properties": {"max_depth": 274.7606201171875}}, {"type": "Feature", "geometry": {"type": "Polygon", "coordinates": [[[700.0, 825.0], [700.0, 787.5], [800.0, 787.5], [800.0, 825.0], [700.0, 825.0]]]}, "properties": {"max_depth": 280.426025390625}}, {"type": "Feature", "geometry": {"type": "Polygon", "coordinates": [[[800.0, 825.0], [800.0, 787.5], [900.0, 787.5], [900.0, 825.0], [800.0, 825.0]]]}, "properties": {"max_depth": 290.3725891113281}}, {"type": "Feature", "geometry": {"type": "Polygon", "coordinates": [[[900.0, 825.0], [900.0, 787.5], [1000.0, 787.5], [1000.0, 825.0], [900.0, 825.0]]]}, "properties": {"max_depth": 291.08282470703125}}, {"type": "Feature", "geometry": {"type": "Polygon", "coordinates": [[[1000.0, 825.0], [1000.0, 787.5], [1100.0, 787.5], [1100.0, 825.0], [1000.0, 825.0]]]}, "properties": {"max_depth": 295.0094909667969}}, {"type": "Feature", "geometry": {"type": "Polygon", "coordinates": [[[9500.0, 825.0], [9500.0, 787.5], [9600.0, 787.5], [9600.0, 825.0], [9500.0, 825.0]]]}, "properties": {"max_depth": 298.002197265625}}, {"type": "Feature", "geometry": {"type": "Polygon", "coordinates": [[[9600.0, 825.0], [9600.0, 787.5], [9700.0, 787.5], [9700.0, 825.0], [9600.0, 825.0]]]}, "properties": {"max_depth": 294.7183532714844}}, {"type": "Feature", "geometry": {"type": "Polygon", "coordinates": [[[9700.0, 825.0], [9700.0, 787.5], [9800.0, 787.5], [9800.0, 825.0], [9700.0, 825.0]]]}, "properties": {"max_depth": 290.9033508300781}}, {"type": "Feature", "geometry": {"type": "Polygon", "coordinates": [[[9800.0, 825.0], [9800.0, 787.5], [9900.0, 787.5], [9900.0, 825.0], [9800.0, 825.0]]]}, "properties": {"max_depth": 257.26287841796875}}, {"type": "Feature", "geometry": {"type": "Polygon", "coordinates": [[[9900.0, 825.0], [9900.0, 787.5], [10000.0, 787.5], [10000.0, 825.0], [9900.0, 825.0]]]}, "properties": {"max_depth": 95.68270111083984}}, {"type": "Feature", "geometry": {"type": "Polygon", "coordinates": [[[200.0, 787.5], [200.0, 750.0], [300.0, 750.0], [300.0, 787.5], [200.0, 787.5]]]}, "properties": {"max_depth": 267.95159912109375}}, {"type": "Feature", "geometry": {"type": "Polygon", "coordinates": [[[300.0, 787.5], [300.0, 750.0], [400.0, 750.0], [400.0, 787.5], [300.0, 787.5]]]}, "properties": {"max_depth": 300.0}}, {"type": "Feature", "geometry": {"type": "Polygon", "coordinates": [[[400.0, 787.5], [400.0, 750.0], [500.0, 750.0], [500.0, 787.5], [400.0, 787.5]]]}, "properties": {"max_depth": 297.30853271484375}}, {"type": "Feature", "geometry": {"type": "Polygon", "coordinates": [[[500.0, 787.5], [500.0, 750.0], [600.0, 750.0], [600.0, 787.5], [500.0, 787.5]]]}, "properties": {"max_depth": 297.5981140136719}}, {"type": "Feature", "geometry": {"type": "Polygon", "coordinates": [[[600.0, 787.5], [600.0, 750.0], [700.0, 750.0], [700.0, 787.5], [600.0, 787.5]]]}, "properties": {"max_depth": 294.5202331542969}}, {"type": "Feature", "geometry": {"type": "Polygon", "coordinates": [[[700.0, 787.5], [700.0, 750.0], [800.0, 750.0], [800.0, 787.5], [700.0, 787.5]]]}, "properties": {"max_depth": 294.95074462890625}}, {"type": "Feature", "geometry": {"type": "Polygon", "coordinates": [[[1000.0, 787.5], [1000.0, 750.0], [1100.0, 750.0], [1100.0, 787.5], [1000.0, 787.5]]]}, "properties": {"max_depth": 287.5555114746094}}, {"type": "Feature", "geometry": {"type": "Polygon", "coordinates": [[[1300.0, 787.5], [1300.0, 750.0], [1400.0, 750.0], [1400.0, 787.5], [1300.0, 787.5]]]}, "properties": {"max_depth": 298.9748229980469}}, {"type": "Feature", "geometry": {"type": "Polygon", "coordinates": [[[1400.0, 787.5], [1400.0, 750.0], [1500.0, 750.0], [1500.0, 787.5], [1400.0, 787.5]]]}, "properties": {"max_depth": 299.2590026855469}}, {"type": "Feature", "geometry": {"type": "Polygon", "coordinates": [[[9600.0, 787.5], [9600.0, 750.0], [9700.0, 750.0], [9700.0, 787.5], [9600.0, 787.5]]]}, "properties": {"max_depth": 294.79986572265625}}, {"type": "Feature", "geometry": {"type": "Polygon", "coordinates": [[[9700.0, 787.5], [9700.0, 750.0], [9800.0, 750.0], [9800.0, 787.5], [9700.0, 787.5]]]}, "properties": {"max_depth": 288.4708557128906}}, {"type": "Feature", "geometry": {"type": "Polygon", "coordinates": [[[9800.0, 787.5], [9800.0, 750.0], [9900.0, 750.0], [9900.0, 787.5], [9800.0, 787.5]]]}, "properties": {"max_depth": 259.2438049316406}}, {"type": "Feature", "geometry": {"type": "Polygon", "coordinates": [[[9900.0, 787.5], [9900.0, 750.0], [10000.0, 750.0], [10000.0, 787.5], [9900.0, 787.5]]]}, "properties": {"max_depth": 98.10179901123047}}, {"type": "Feature", "geometry": {"type": "Polygon", "coordinates": [[[200.0, 750.0], [200.0, 712.5], [300.0, 712.5], [300.0, 750.0], [200.0, 750.0]]]}, "properties": {"max_depth": 271.5993957519531}}, {"type": "Feature", "geometry": {"type": "Polygon", "coordinates": [[[300.0, 750.0], [300.0, 712.5], [400.0, 712.5], [400.0, 750.0], [300.0, 750.0]]]}, "properties": {"max_depth": 277.9774475097656}}, {"type": "Feature", "geometry": {"type": "Polygon", "coordinates": [[[400.0, 750.0], [400.0, 712.5], [500.0, 712.5], [500.0, 750.0], [400.0, 750.0]]]}, "properties": {"max_depth": 295.41796875}}, {"type": "Feature", "geometry": {"type": "Polygon", "coordinates": [[[500.0, 750.0], [500.0, 712.5], [600.0, 712.5], [600.0, 750.0], [500.0, 750.0]]]}, "properties": {"max_depth": 300.0}}, {"type": "Feature", "geometry": {"type": "Polygon", "coordinates": [[[600.0, 750.0], [600.0, 712.5], [700.0, 712.5], [700.0, 750.0], [600.0, 750.0]]]}, "properties": {"max_depth": 286.40496826171875}}, {"type": "Feature", "geometry": {"type": "Polygon", "coordinates": [[[700.0, 750.0], [700.0, 712.5], [800.0, 712.5], [800.0, 750.0], [700.0, 750.0]]]}, "properties": {"max_depth": 291.5032043457031}}, {"type": "Feature", "geometry": {"type": "Polygon", "coordinates": [[[9700.0, 750.0], [9700.0, 712.5], [9800.0, 712.5], [9800.0, 750.0], [9700.0, 750.0]]]}, "properties": {"max_depth": 280.6692810058594}}, {"type": "Feature", "geometry": {"type": "Polygon", "coordinates": [[[9800.0, 750.0], [9800.0, 712.5], [9900.0, 712.5], [9900.0, 750.0], [9800.0, 750.0]]]}, "properties": {"max_depth": 260.6017150878906}}, {"type": "Feature", "geometry": {"type": "Polygon", "coordinates": [[[9900.0, 750.0], [9900.0, 712.5], [10000.0, 712.5], [10000.0, 750.0], [9900.0, 750.0]]]}, "properties": {"max_depth": 101.65264892578125}}, {"type": "Feature", "geometry": {"type": "Polygon", "coordinates": [[[100.0, 825.0], [100.0, 675.0], [200.0, 675.0], [200.0, 825.0], [100.0, 825.0]]]}, "properties": {"max_depth": 261.3567199707031}}, {"type": "Feature", "geometry": {"type": "Polygon", "coordinates": [[[200.0, 712.5], [200.0, 675.0], [300.0, 675.0], [300.0, 712.5], [200.0, 712.5]]]}, "properties": {"max_depth": 268.37127685546875}}, {"type": "Feature", "geometry": {"type": "Polygon", "coordinates": [[[300.0, 712.5], [300.0, 675.0], [400.0, 675.0], [400.0, 712.5], [300.0, 712.5]]]}, "properties": {"max_depth": 287.14666748046875}}, {"type": "Feature", "geometry": {"type": "Polygon", "coordinates": [[[400.0, 712.5], [400.0, 675.0], [500.0, 675.0], [500.0, 712.5], [400.0, 712.5]]]}, "properties": {"max_depth": 276.82305908203125}}, {"type": "Feature", "geometry": {"type": "Polygon", "coordinates": [[[500.0, 712.5], [500.0, 675.0], [600.0, 675.0], [600.0, 712.5], [500.0, 712.5]]]}, "properties": {"max_depth": 290.6114501953125}}, {"type": "Feature", "geometry": {"type": "Polygon", "coordinates": [[[600.0, 712.5], [600.0, 675.0], [700.0, 675.0], [700.0, 712.5], [600.0, 712.5]]]}, "properties": {"max_depth": 300.0}}, {"type": "Feature", "geometry": {"type": "Polygon", "coordinates": [[[700.0, 712.5], [700.0, 675.0], [800.0, 675.0], [800.0, 712.5], [700.0, 712.5]]]}, "properties": {"max_depth": 279.6222839355469}}, {"type": "Feature", "geometry": {"type": "Polygon", "coordinates": [[[800.0, 712.5], [800.0, 675.0], [900.0, 675.0], [900.0, 712.5], [800.0, 712.5]]]}, "properties": {"max_depth": 290.211669921875}}, {"type": "Feature", "geometry": {"type": "Polygon", "coordinates": [[[900.0, 712.5], [900.0, 675.0], [1000.0, 675.0], [1000.0, 712.5], [900.0, 712.5]]]}, "properties": {"max_depth": 279.4299011230469}}, {"type": "Feature", "geometry": {"type": "Polygon", "coordinates": [[[1000.0, 712.5], [1000.0, 675.0], [1100.0, 675.0], [1100.0, 712.5], [1000.0, 712.5]]]}, "properties": {"max_depth": 285.6891784667969}}, {"type": "Feature", "geometry": {"type": "Polygon", "coordinates": [[[9600.0, 712.5], [9600.0, 675.0], [9700.0, 675.0], [9700.0, 712.5], [9600.0, 712.5]]]}, "properties": {"max_depth": 289.8941955566406}}, {"type": "Feature", "geometry": {"type": "Polygon", "coordinates": [[[9700.0, 712.5], [9700.0, 675.0], [9800.0, 675.0], [9800.0, 712.5], [9700.0, 712.5]]]}, "properties": {"max_depth": 271.98126220703125}}, {"type": "Feature", "geometry": {"type": "Polygon", "coordinates": [[[9800.0, 712.5], [9800.0, 675.0], [9900.0, 675.0], [9900.0, 712.5], [9800.0, 712.5]]]}, "properties": {"max_depth": 266.4713439941406}}, {"type": "Feature", "geometry": {"type": "Polygon", "coordinates": [[[9900.0, 712.5], [9900.0, 675.0], [10000.0, 675.0], [10000.0, 712.5], [9900.0, 712.5]]]}, "properties": {"max_depth": 100.0506591796875}}, {"type": "Feature", "geometry": {"type": "Polygon", "coordinates": [[[100.0, 675.0], [100.0, 637.5], [200.0, 637.5], [200.0, 675.0], [100.0, 675.0]]]}, "properties": {"max_depth": 264.5426025390625}}, {"type": "Feature", "geometry": {"type": "Polygon", "coordinates": [[[200.0, 675.0], [200.0, 637.5], [300.0, 637.5], [300.0, 675.0], [200.0, 675.0]]]}, "properties": {"max_depth": 277.330322265625}}, {"type": "Feature", "geometry": {"type": "Polygon", "coordinates": [[[300.0, 675.0], [300.0, 637.5], [400.0, 637.5], [400.0, 675.0], [300.0, 675.0]]]}, "properties": {"max_depth": 294.415771484375}}, {"type": "Feature", "geometry": {"type": "Polygon", "coordinates": [[[400.0, 675.0], [400.0, 637.5], [500.0, 637.5], [500.0, 675.0], [400.0, 675.0]]]}, "properties": {"max_depth": 295.2925109863281}}, {"type": "Feature", "geometry": {"type": "Polygon", "coordinates": [[[500.0, 675.0], [500.0, 637.5], [600.0, 637.5], [600.0, 675.0], [500.0, 675.0]]]}, "properties": {"max_depth": 288.9978942871094}}, {"type": "Feature", "geometry": {"type": "Polygon", "coordinates": [[[600.0, 675.0], [600.0, 637.5], [700.0, 637.5], [700.0, 675.0], [600.0, 675.0]]]}, "properties": {"max_depth": 292.5859069824219}}, {"type": "Feature", "geometry": {"type": "Polygon", "coordinates": [[[700.0, 675.0], [700.0, 637.5], [1000.0, 637.5], [1000.0, 675.0], [700.0, 675.0]]]}, "properties": {"max_depth": 300.0}}, {"type": "Feature", "geometry": {"type": "Polygon", "coordinates": [[[1000.0, 675.0], [1000.0, 637.5], [1100.0, 637.5], [1100.0, 675.0], [1000.0, 675.0]]]}, "properties": {"max_depth": 297.185546875}}, {"type": "Feature", "geometry": {"type": "Polygon", "coordinates": [[[9500.0, 675.0], [9500.0, 637.5], [9600.0, 637.5], [9600.0, 675.0], [9500.0, 675.0]]]}, "properties": {"max_depth": 297.0771179199219}}, {"type": "Feature", "geometry": {"type": "Polygon", "coordinates": [[[9600.0, 675.0], [9600.0, 637.5], [9700.0, 637.5], [9700.0, 675.0], [9600.0, 675.0]]]}, "properties": {"max_depth": 286.47332763671875}}, {"type": "Feature", "geometry": {"type": "Polygon", "coordinates": [[[9700.0, 675.0], [9700.0, 637.5], [9800.0, 637.5], [9800.0, 675.0], [9700.0, 675.0]]]}, "properties": {"max_depth": 275.64776611328125}}, {"type": "Feature", "geometry": {"type": "Polygon", "coordinates": [[[9800.0, 675.0], [9800.0, 637.5], [9900.0, 637.5], [9900.0, 675.0], [9800.0, 675.0]]]}, "properties": {"max_depth": 259.3915710449219}}, {"type": "Feature", "geometry": {"type": "Polygon", "coordinates": [[[9900.0, 675.0], [9900.0, 637.5], [10000.0, 637.5], [10000.0, 675.0], [9900.0, 675.0]]]}, "properties": {"max_depth": 101.63448333740234}}, {"type": "Feature", "geometry": {"type": "Polygon", "coordinates": [[[100.0, 637.5], [100.0, 600.0], [200.0, 600.0], [200.0, 637.5], [100.0, 637.5]]]}, "properties": {"max_depth": 276.0859069824219}}, {"type": "Feature", "geometry": {"type": "Polygon", "coordinates": [[[200.0, 637.5], [200.0, 600.0], [300.0, 600.0], [300.0, 637.5], [200.0, 637.5]]]}, "properties": {"max_depth": 272.22442626953125}}, {"type": "Feature", "geometry": {"type": "Polygon", "coordinates": [[[300.0, 637.5], [300.0, 600.0], [400.0, 600.0], [400.0, 637.5], [300.0, 637.5]]]}, "properties": {"max_depth": 291.8976135253906}}, {"type": "Feature", "geometry": {"type": "Polygon", "coordinates": [[[400.0, 637.5], [400.0, 600.0], [500.0, 600.0], [500.0, 637.5], [400.0, 637.5]]]}, "properties": {"max_depth": 295.2596130371094}}, {"type": "Feature", "geometry": {"type": "Polygon", "coordinates": [[[500.0, 637.5], [500.0, 600.0], [600.0, 600.0], [600.0, 637.5], [500.0, 637.5]]]}, "properties": {"max_depth": 282.53399658203125}}, {"type": "Feature", "geometry": {"type": "Polygon", "coordinates": [[[600.0, 637.5], [600.0, 600.0], [700.0, 600.0], [700.0, 637.5], [600.0, 637.5]]]}, "properties": {"max_depth": 274.8793640136719}}, {"type": "Feature", "geometry": {"type": "Polygon", "coordinates": [[[700.0, 637.5], [700.0, 600.0], [800.0, 600.0], [800.0, 637.5], [700.0, 637.5]]]}, "properties": {"max_depth": 287.5473327636719}}, {"type": "Feature", "geometry": {"type": "Polygon", "coordinates": [[[800.0, 637.5], [800.0, 600.0], [900.0, 600.0], [900.0, 637.5], [800.0, 637.5]]]}, "properties": {"max_depth": 283.7475280761719}}, {"type": "Feature", "geometry": {"type": "Polygon", "coordinates": [[[900.0, 637.5], [900.0, 600.0], [1000.0, 600.0], [1000.0, 637.5], [900.0, 637.5]]]}, "properties": {"max_depth": 281.98492431640625}}, {"type": "Feature", "geometry": {"type": "Polygon", "coordinates": [[[1000.0, 637.5], [1000.0, 600.0], [1100.0, 600.0], [1100.0, 637.5], [1000.0, 637.5]]]}, "properties": {"max_depth": 293.43792724609375}}, {"type": "Feature", "geometry": {"type": "Polygon", "coordinates": [[[2500.0, 637.5], [2500.0, 600.0], [2600.0, 600.0], [2600.0, 637.5], [2500.0, 637.5]]]}, "properties": {"max_depth": 296.21063232421875}}, {"type": "Feature", "geometry": {"type": "Polygon", "coordinates": [[[9700.0, 637.5], [9700.0, 600.0], [9800.0, 600.0], [9800.0, 637.5], [9700.0, 637.5]]]}, "properties": {"max_depth": 294.2208557128906}}, {"type": "Feature", "geometry": {"type": "Polygon", "coordinates": [[[9800.0, 637.5], [9800.0, 600.0], [9900.0, 600.0], [9900.0, 637.5], [9800.0, 637.5]]]}, "properties": {"max_depth": 273.4732666015625}}, {"type": "Feature", "geometry": {"type": "Polygon", "coordinates": [[[9900.0, 637.5], [9900.0, 600.0], [10000.0, 600.0], [10000.0, 637.5], [9900.0, 637.5]]]}, "properties": {"max_depth": 94.26742553710938}}, {"type": "Feature", "geometry": {"type": "Polygon", "coordinates": [[[100.0, 600.0], [100.0, 562.5], [200.0, 562.5], [200.0, 600.0], [100.0, 600.0]]]}, "properties": {"max_depth": 280.2172546386719}}, {"type": "Feature", "geometry": {"type": "Polygon", "coordinates": [[[200.0, 600.0], [200.0, 562.5], [300.0, 562.5], [300.0, 600.0], [200.0, 600.0]]]}, "properties": {"max_depth": 271.6950988769531}}, {"type": "Feature", "geometry": {"type": "Polygon", "coordinates": [[[300.0, 600.0], [300.0, 562.5], [400.0, 562.5], [400.0, 600.0], [300.0, 600.0]]]}, "properties": {"max_depth": 285.25115966796875}}, {"type": "Feature", "geometry": {"type": "Polygon", "coordinates": [[[400.0, 600.0], [400.0, 562.5], [500.0, 562.5], [500.0, 600.0], [400.0, 600.0]]]}, "properties": {"max_depth": 296.3929748535156}}, {"type": "Feature", "geometry": {"type": "Polygon", "coordinates": [[[500.0, 600.0], [500.0, 562.5], [600.0, 562.5], [600.0, 600.0], [500.0, 600.0]]]}, "properties": {"max_depth": 295.8108215332031}}, {"type": "Feature", "geometry": {"type": "Polygon", "coordinates": [[[600.0, 600.0], [600.0, 562.5], [700.0, 562.5], [700.0, 600.0], [600.0, 600.0]]]}, "properties": {"max_depth": 299.3721618652344}}, {"type": "Feature", "geometry": {"type": "Polygon", "coordinates": [[[700.0, 600.0], [700.0, 562.5], [800.0, 562.5], [800.0, 600.0], [700.0, 600.0]]]}, "properties": {"max_depth": 283.1507873535156}}, {"type": "Feature", "geometry": {"type": "Polygon", "coordinates": [[[800.0, 600.0], [800.0, 562.5], [900.0, 562.5], [900.0, 600.0], [800.0, 600.0]]]}, "properties": {"max_depth": 291.28631591796875}}, {"type": "Feature", "geometry": {"type": "Polygon", "coordinates": [[[900.0, 600.0], [900.0, 562.5], [1000.0, 562.5], [1000.0, 600.0], [900.0, 600.0]]]}, "properties": {"max_depth": 300.0}}, {"type": "Feature", "geometry": {"type": "Polygon", "coordinates": [[[1000.0, 600.0], [1000.0, 562.5], [1100.0, 562.5], [1100.0, 600.0], [1000.0, 600.0]]]}, "properties": {"max_depth": 286.3339538574219}}, {"type": "Feature", "geometry": {"type": "Polygon", "coordinates": [[[2500.0, 600.0], [2500.0, 562.5], [2600.0, 562.5], [2600.0, 600.0], [2500.0, 600.0]]]}, "properties": {"max_depth": 294.6419982910156}}, {"type": "Feature", "geometry": {"type": "Polygon", "coordinates": [[[2600.0, 600.0], [2600.0, 562.5], [2700.0, 562.5], [2700.0, 600.0], [2600.0, 600.0]]]}, "properties": {"max_depth": 293.138916015625}}, {"type": "Feature", "geometry": {"type": "Polygon", "coordinates": [[[9500.0, 600.0], [9500.0, 562.5], [9600.0, 562.5], [9600.0, 600.0], [9500.0, 600.0]]]}, "properties": {"max_depth": 299.3096923828125}}, {"type": "Feature", "geometry": {"type": "Polygon", "coordinates": [[[9600.0, 600.0], [9600.0, 562.5], [9700.0, 562.5], [9700.0, 600.0], [9600.0, 600.0]]]}, "properties": {"max_depth": 292.430419921875}}, {"type": "Feature", "geometry": {"type": "Polygon", "coordinates": [[[9700.0, 600.0], [9700.0, 562.5], [9800.0, 562.5], [9800.0, 600.0], [9700.0, 600.0]]]}, "properties": {"max_depth": 281.02978515625}}, {"type": "Feature", "geometry": {"type": "Polygon", "coordinates": [[[9800.0, 600.0], [9800.0, 562.5], [9900.0, 562.5], [9900.0, 600.0], [9800.0, 600.0]]]}, "properties": {"max_depth": 267.77288818359375}}, {"type": "Feature", "geometry": {"type": "Polygon", "coordinates": [[[9900.0, 600.0], [9900.0, 562.5], [10000.0, 562.5], [10000.0, 600.0], [9900.0, 600.0]]]}, "properties": {"max_depth": 105.61045837402344}}, {"type": "Feature", "geometry": {"type": "Polygon", "coordinates": [[[100.0, 562.5], [100.0, 525.0], [200.0, 525.0], [200.0, 562.5], [100.0, 562.5]]]}, "properties": {"max_depth": 283.66180419921875}}, {"type": "Feature", "geometry": {"type": "Polygon", "coordinates": [[[200.0, 562.5], [200.0, 525.0], [300.0, 525.0], [300.0, 562.5], [200.0, 562.5]]]}, "properties": {"max_depth": 283.8445739746094}}, {"type": "Feature", "geometry": {"type": "Polygon", "coordinates": [[[300.0, 562.5], [300.0, 525.0], [600.0, 525.0], [600.0, 562.5], [300.0, 562.5]]]}, "properties": {"max_depth": 300.0}}, {"type": "Feature", "geometry": {"type": "Polygon", "coordinates": [[[600.0, 562.5], [600.0, 525.0], [700.0, 525.0], [700.0, 562.5], [600.0, 562.5]]]}, "properties": {"max_depth": 289.52197265625}}, {"type": "Feature", "geometry": {"type": "Polygon", "coordinates": [[[800.0, 562.5], [800.0, 525.0], [900.0, 525.0], [900.0, 562.5], [800.0, 562.5]]]}, "properties": {"max_depth": 291.4107360839844}}, {"type": "Feature", "geometry": {"type": "Polygon", "coordinates": [[[900.0, 562.5], [900.0, 525.0], [1000.0, 525.0], [1000.0, 562.5], [900.0, 562.5]]]}, "properties": {"max_depth": 272.730712890625}}, {"type": "Feature", "geometry": {"type": "Polygon", "coordinates": [[[1000.0, 562.5], [1000.0, 525.0], [1100.0, 525.0], [1100.0, 562.5], [1000.0, 562.5]]]}, "properties": {"max_depth": 288.1029357910156}}, {"type": "Feature", "geometry": {"type": "Polygon", "coordinates": [[[1100.0, 562.5], [1100.0, 525.0], [1200.0, 525.0], [1200.0, 562.5], [1100.0, 562.5]]]}, "properties": {"max_depth": 284.7054443359375}}, {"type": "Feature", "geometry": {"type": "Polygon", "coordinates": [[[1500.0, 562.5], [1500.0, 525.0], [1600.0, 525.0], [1600.0, 562.5], [1500.0, 562.5]]]}, "properties": {"max_depth": 293.8716125488281}}, {"type": "Feature", "geometry": {"type": "Polygon", "coordinates": [[[1600.0, 562.5], [1600.0, 525.0], [1700.0, 525.0], [1700.0, 562.5], [1600.0, 562.5]]]}, "properties": {"max_depth": 298.2957458496094}}, {"type": "Feature", "geometry": {"type": "Polygon", "coordinates": [[[9800.0, 562.5], [9800.0, 525.0], [9900.0, 525.0], [9900.0, 562.5], [9800.0, 562.5]]]}, "properties": {"max_depth": 297.7254638671875}}, {"type": "Feature", "geometry": {"type": "Polygon", "coordinates": [[[9900.0, 562.5], [9900.0, 525.0], [10000.0, 525.0], [10000.0, 562.5], [9900.0, 562.5]]]}, "properties": {"max_depth": 90.55136108398438}}, {"type": "Feature", "geometry": {"type": "Polygon", "coordinates": [[[100.0, 525.0], [100.0, 487.5], [200.0, 487.5], [200.0, 525.0], [100.0, 525.0]]]}, "properties": {"max_depth": 279.656005859375}}, {"type": "Feature", "geometry": {"type": "Polygon", "coordinates": [[[200.0, 525.0], [200.0, 487.5], [300.0, 487.5], [300.0, 525.0], [200.0, 525.0]]]}, "properties": {"max_depth": 269.40472412109375}}, {"type": "Feature", "geometry": {"type": "Polygon", "coordinates": [[[300.0, 525.0], [300.0, 487.5], [400.0, 487.5], [400.0, 525.0], [300.0, 525.0]]]}, "properties": {"max_depth": 284.0489196777344}}, {"type": "Feature", "geometry": {"type": "Polygon", "coordinates": [[[400.0, 525.0], [400.0, 487.5], [500.0, 487.5], [500.0, 525.0], [400.0, 525.0]]]}, "properties": {"max_depth": 299.2763671875}}, {"type": "Feature", "geometry": {"type": "Polygon", "coordinates": [[[500.0, 525.0], [500.0, 487.5], [600.0, 487.5], [600.0, 525.0], [500.0, 525.0]]]}, "properties": {"max_depth": 294.4649658203125}}, {"type": "Feature", "geometry": {"type": "Polygon", "coordinates": [[[600.0, 525.0], [600.0, 487.5], [700.0, 487.5], [700.0, 525.0], [600.0, 525.0]]]}, "properties": {"max_depth": 290.8774719238281}}, {"type": "Feature", "geometry": {"type": "Polygon", "coordinates": [[[800.0, 525.0], [800.0, 487.5], [900.0, 487.5], [900.0, 525.0], [800.0, 525.0]]]}, "properties": {"max_depth": 298.33087158203125}}, {"type": "Feature", "geometry": {"type": "Polygon", "coordinates": [[[900.0, 525.0], [900.0, 487.5], [1100.0, 487.5], [1100.0, 525.0], [900.0, 525.0]]]}, "properties": {"max_depth": 300.0}}, {"type": "Feature", "geometry": {"type": "Polygon", "coordinates": [[[1100.0, 525.0], [1100.0, 487.5], [1200.0, 487.5], [1200.0, 525.0], [1100.0, 525.0]]]}, "properties": {"max_depth": 294.2212829589844}}, {"type": "Feature", "geometry": {"type": "Polygon", "coordinates": [[[1200.0, 525.0], [1200.0, 487.5], [1300.0, 487.5], [1300.0, 525.0], [1200.0, 525.0]]]}, "properties": {"max_depth": 297.5082702636719}}, {"type": "Feature", "geometry": {"type": "Polygon", "coordinates": [[[2300.0, 525.0], [2300.0, 487.5], [2400.0, 487.5], [2400.0, 525.0], [2300.0, 525.0]]]}, "properties": {"max_depth": 296.2232360839844}}, {"type": "Feature", "geometry": {"type": "Polygon", "coordinates": [[[2600.0, 525.0], [2600.0, 487.5], [2700.0, 487.5], [2700.0, 525.0], [2600.0, 525.0]]]}, "properties": {"max_depth": 297.55963134765625}}, {"type": "Feature", "geometry": {"type": "Polygon", "coordinates": [[[2700.0, 525.0], [2700.0, 487.5], [2800.0, 487.5], [2800.0, 525.0], [2700.0, 525.0]]]}, "properties": {"max_depth": 295.09747314453125}}, {"type": "Feature", "geometry": {"type": "Polygon", "coordinates": [[[9700.0, 525.0], [9700.0, 487.5], [9800.0, 487.5], [9800.0, 525.0], [9700.0, 525.0]]]}, "properties": {"max_depth": 283.37481689453125}}, {"type": "Feature", "geometry": {"type": "Polygon", "coordinates": [[[9800.0, 525.0], [9800.0, 487.5], [9900.0, 487.5], [9900.0, 525.0], [9800.0, 525.0]]]}, "properties": {"max_depth": 257.32720947265625}}, {"type": "Feature", "geometry": {"type": "Polygon", "coordinates": [[[9900.0, 525.0], [9900.0, 487.5], [10000.0, 487.5], [10000.0, 525.0], [9900.0, 525.0]]]}, "properties": {"max_depth": 95.51593017578125}}, {"type": "Feature", "geometry": {"type": "Polygon", "coordinates": [[[100.0, 487.5], [100.0, 450.0], [200.0, 450.0], [200.0, 487.5], [100.0, 487.5]]]}, "properties": {"max_depth": 290.453369140625}}, {"type": "Feature", "geometry": {"type": "Polygon", "coordinates": [[[200.0, 487.5], [200.0, 450.0], [300.0, 450.0], [300.0, 487.5], [200.0, 487.5]]]}, "properties": {"max_depth": 281.5772705078125}}, {"type": "Feature", "geometry": {"type": "Polygon", "coordinates": [[[300.0, 487.5], [300.0, 450.0], [400.0, 450.0], [400.0, 487.5], [300.0, 487.5]]]}, "properties": {"max_depth": 290.0740661621094}}, {"type": "Feature", "geometry": {"type": "Polygon", "coordinates": [[[400.0, 487.5], [400.0, 450.0], [500.0, 450.0], [500.0, 487.5], [400.0, 487.5]]]}, "properties": {"max_depth": 298.25238037109375}}, {"type": "Feature", "geometry": {"type": "Polygon", "coordinates": [[[700.0, 562.5], [700.0, 487.5], [500.0, 487.5], [500.0, 450.0], [800.0, 450.0], [800.0, 562.5], [700.0, 562.5]]]}, "properties": {"max_depth": 300.0}}, {"type": "Feature", "geometry": {"type": "Polygon", "coordinates": [[[800.0, 487.5], [800.0, 450.0], [900.0, 450.0], [900.0, 487.5], [800.0, 487.5]]]}, "properties": {"max_depth": 286.8215637207031}}, {"type": "Feature", "geometry": {"type": "Polygon", "coordinates": [[[900.0, 487.5], [900.0, 450.0], [1000.0, 450.0], [1000.0, 487.5], [900.0, 487.5]]]}, "properties": {"max_depth": 299.8099365234375}}, {"type": "Feature", "geometry": {"type": "Polygon", "coordinates": [[[1000.0, 487.5], [1000.0, 450.0], [1100.0, 450.0], [1100.0, 487.5], [1000.0, 487.5]]]}, "properties": {"max_depth": 280.6860656738281}}, {"type": "Feature", "geometry": {"type": "Polygon", "coordinates": [[[1100.0, 487.5], [1100.0, 450.0], [1200.0, 450.0], [1200.0, 487.5], [1100.0, 487.5]]]}, "properties": {"max_depth": 281.2459716796875}}, {"type": "Feature", "geometry": {"type": "Polygon", "coordinates": [[[1200.0, 487.5], [1200.0, 450.0], [1300.0, 450.0], [1300.0, 487.5], [1200.0, 487.5]]]}, "properties": {"max_depth": 291.1206359863281}}, {"type": "Feature", "geometry": {"type": "Polygon", "coordinates": [[[1300.0, 487.5], [1300.0, 450.0], [1400.0, 450.0], [1400.0, 487.5], [1300.0, 487.5]]]}, "properties": {"max_depth": 296.74932861328125}}, {"type": "Feature", "geometry": {"type": "Polygon", "coordinates": [[[1600.0, 487.5], [1600.0, 450.0], [1700.0, 450.0], [1700.0, 487.5], [1600.0, 487.5]]]}, "properties": {"max_depth": 296.9183349609375}}, {"type": "Feature", "geometry": {"type": "Polygon", "coordinates": [[[1700.0, 487.5], [1700.0, 450.0], [1800.0, 450.0], [1800.0, 487.5], [1700.0, 487.5]]]}, "properties": {"max_depth": 292.8355712890625}}, {"type": "Feature", "geometry": {"type": "Polygon", "coordinates": [[[9500.0, 487.5], [9500.0, 450.0], [9600.0, 450.0], [9600.0, 487.5], [9500.0, 487.5]]]}, "properties": {"max_depth": 298.8136291503906}}, {"type": "Feature", "geometry": {"type": "Polygon", "coordinates": [[[9600.0, 487.5], [9600.0, 450.0], [9700.0, 450.0], [9700.0, 487.5], [9600.0, 487.5]]]}, "properties": {"max_depth": 292.5072937011719}}, {"type": "Feature", "geometry": {"type": "Polygon", "coordinates": [[[9700.0, 487.5], [9700.0, 450.0], [9800.0, 450.0], [9800.0, 487.5], [9700.0, 487.5]]]}, "properties": {"max_depth": 277.9712829589844}}, {"type": "Feature", "geometry": {"type": "Polygon", "coordinates": [[[9800.0, 487.5], [9800.0, 450.0], [9900.0, 450.0], [9900.0, 487.5], [9800.0, 487.5]]]}, "properties": {"max_depth": 257.87457275390625}}, {"type": "Feature", "geometry": {"type": "Polygon", "coordinates": [[[9900.0, 487.5], [9900.0, 450.0], [10000.0, 450.0], [10000.0, 487.5], [9900.0, 487.5]]]}, "properties": {"max_depth": 80.26214599609375}}, {"type": "Feature", "geometry": {"type": "Polygon", "coordinates": [[[100.0, 450.0], [100.0, 412.5], [200.0, 412.5], [200.0, 450.0], [100.0, 450.0]]]}, "properties": {"max_depth": 285.7136535644531}}, {"type": "Feature", "geometry": {"type": "Polygon", "coordinates": [[[200.0, 450.0], [200.0, 412.5], [300.0, 412.5], [300.0, 450.0], [200.0, 450.0]]]}, "properties": {"max_depth": 263.1597595214844}}, {"type": "Feature", "geometry": {"type": "Polygon", "coordinates": [[[300.0, 450.0], [300.0, 412.5], [400.0, 412.5], [400.0, 450.0], [300.0, 450.0]]]}, "properties": {"max_depth": 267.0726623535156}}, {"type": "Feature", "geometry": {"type": "Polygon", "coordinates": [[[400.0, 450.0], [400.0, 412.5], [500.0, 412.5], [500.0, 450.0], [400.0, 450.0]]]}, "properties": {"max_depth": 288.1514892578125}}, {"type": "Feature", "geometry": {"type": "Polygon", "coordinates": [[[500.0, 450.0], [500.0, 412.5], [600.0, 412.5], [600.0, 450.0], [500.0, 450.0]]]}, "properties": {"max_depth": 299.2326965332031}}, {"type": "Feature", "geometry": {"type": "Polygon", "coordinates": [[[600.0, 450.0], [600.0, 412.5], [700.0, 412.5], [700.0, 450.0], [600.0, 450.0]]]}, "properties": {"max_depth": 288.7403869628906}}, {"type": "Feature", "geometry": {"type": "Polygon", "coordinates": [[[700.0, 450.0], [700.0, 412.5], [800.0, 412.5], [800.0, 450.0], [700.0, 450.0]]]}, "properties": {"max_depth": 295.7353820800781}}, {"type": "Feature", "geometry": {"type": "Polygon", "coordinates": [[[800.0, 450.0], [800.0, 412.5], [900.0, 412.5], [900.0, 450.0], [800.0, 450.0]]]}, "properties": {"max_depth": 281.33917236328125}}, {"type": "Feature", "geometry": {"type": "Polygon", "coordinates": [[[900.0, 450.0], [900.0, 412.5], [1000.0, 412.5], [1000.0, 450.0], [900.0, 450.0]]]}, "properties": {"max_depth": 297.46636962890625}}, {"type": "Feature", "geometry": {"type": "Polygon", "coordinates": [[[1000.0, 450.0], [1000.0, 412.5], [1100.0, 412.5], [1100.0, 450.0], [1000.0, 450.0]]]}, "properties": {"max_depth": 300.0}}, {"type": "Feature", "geometry": {"type": "Polygon", "coordinates": [[[1100.0, 450.0], [1100.0, 412.5], [1200.0, 412.5], [1200.0, 450.0], [1100.0, 450.0]]]}, "properties": {"max_depth": 295.2457275390625}}, {"type": "Feature", "geometry": {"type": "Polygon", "coordinates": [[[1200.0, 450.0], [1200.0, 412.5], [1300.0, 412.5], [1300.0, 450.0], [1200.0, 450.0]]]}, "properties": {"max_depth": 298.669921875}}, {"type": "Feature", "geometry": {"type": "Polygon", "coordinates": [[[1300.0, 450.0], [1300.0, 412.5], [1400.0, 412.5], [1400.0, 450.0], [1300.0, 450.0]]]}, "properties": {"max_depth": 299.084228515625}}, {"type": "Feature", "geometry": {"type": "Polygon", "coordinates": [[[1700.0, 450.0], [1700.0, 412.5], [1800.0, 412.5], [1800.0, 450.0], [1700.0, 450.0]]]}, "properties": {"max_depth": 292.4124450683594}}, {"type": "Feature", "geometry": {"type": "Polygon", "coordinates": [[[1800.0, 450.0], [1800.0, 412.5], [1900.0, 412.5], [1900.0, 450.0], [1800.0, 450.0]]]}, "properties": {"max_depth": 297.2143249511719}}, {"type": "Feature", "geometry": {"type": "Polygon", "coordinates": [[[9800.0, 450.0], [9800.0, 412.5], [9900.0, 412.5], [9900.0, 450.0], [9800.0, 450.0]]]}, "properties": {"max_depth": 275.6179504394531}}, {"type": "Feature", "geometry": {"type": "Polygon", "coordinates": [[[9900.0, 450.0], [9900.0, 412.5], [10000.0, 412.5], [10000.0, 450.0], [9900.0, 450.0]]]}, "properties": {"max_depth": 97.18534088134766}}, {"type": "Feature", "geometry": {"type": "Polygon", "coordinates": [[[100.0, 412.5], [100.0, 375.0], [200.0, 375.0], [200.0, 412.5], [100.0, 412.5]]]}, "properties": {"max_depth": 296.4000549316406}}, {"type": "Feature", "geometry": {"type": "Polygon", "coordinates": [[[200.0, 412.5], [200.0, 375.0], [300.0, 375.0], [300.0, 412.5], [200.0, 412.5]]]}, "properties": {"max_depth": 271.627197265625}}, {"type": "Feature", "geometry": {"type": "Polygon", "coordinates": [[[300.0, 412.5], [300.0, 375.0], [400.0, 375.0], [400.0, 412.5], [300.0, 412.5]]]}, "properties": {"max_depth": 278.65863037109375}}, {"type": "Feature", "geometry": {"type": "Polygon", "coordinates": [[[400.0, 412.5], [400.0, 375.0], [900.0, 375.0], [900.0, 412.5], [400.0, 412.5]]]}, "properties": {"max_depth": 300.0}}, {"type": "Feature", "geometry": {"type": "Polygon", "coordinates": [[[900.0, 412.5], [900.0, 375.0], [1000.0, 375.0], [1000.0, 412.5], [900.0, 412.5]]]}, "properties": {"max_depth": 286.004638671875}}, {"type": "Feature", "geometry": {"type": "Polygon", "coordinates": [[[1000.0, 412.5], [1000.0, 375.0], [1100.0, 375.0], [1100.0, 412.5], [1000.0, 412.5]]]}, "properties": {"max_depth": 288.5004577636719}}, {"type": "Feature", "geometry": {"type": "Polygon", "coordinates": [[[1100.0, 412.5], [1100.0, 375.0], [1200.0, 375.0], [1200.0, 412.5], [1100.0, 412.5]]]}, "properties": {"max_depth": 297.5892639160156}}, {"type": "Feature", "geometry": {"type": "Polygon", "coordinates": [[[1200.0, 412.5], [1200.0, 375.0], [1300.0, 375.0], [1300.0, 412.5], [1200.0, 412.5]]]}, "properties": {"max_depth": 278.885498046875}}, {"type": "Feature", "geometry": {"type": "Polygon", "coordinates": [[[1300.0, 412.5], [1300.0, 375.0], [1400.0, 375.0], [1400.0, 412.5], [1300.0, 412.5]]]}, "properties": {"max_depth": 278.43609619140625}}, {"type": "Feature", "geometry": {"type": "Polygon", "coordinates": [[[1400.0, 412.5], [1400.0, 375.0], [1500.0, 375.0], [1500.0, 412.5], [1400.0, 412.5]]]}, "properties": {"max_depth": 297.50335693359375}}, {"type": "Feature", "geometry": {"type": "Polygon", "coordinates": [[[1700.0, 412.5], [1700.0, 375.0], [1800.0, 375.0], [1800.0, 412.5], [1700.0, 412.5]]]}, "properties": {"max_depth": 293.99456787109375}}, {"type": "Feature", "geometry": {"type": "Polygon", "coordinates": [[[2400.0, 412.5], [2400.0, 375.0], [2500.0, 375.0], [2500.0, 412.5], [2400.0, 412.5]]]}, "properties": {"max_depth": 297.7108459472656}}, {"type": "Feature", "geometry": {"type": "Polygon", "coordinates": [[[9500.0, 412.5], [9500.0, 375.0], [9600.0, 375.0], [9600.0, 412.5], [9500.0, 412.5]]]}, "properties": {"max_depth": 298.5130310058594}}, {"type": "Feature", "geometry": {"type": "Polygon", "coordinates": [[[9600.0, 412.5], [9600.0, 375.0], [9700.0, 375.0], [9700.0, 412.5], [9600.0, 412.5]]]}, "properties": {"max_depth": 284.8266906738281}}, {"type": "Feature", "geometry": {"type": "Polygon", "coordinates": [[[9700.0, 412.5], [9700.0, 375.0], [9800.0, 375.0], [9800.0, 412.5], [9700.0, 412.5]]]}, "properties": {"max_depth": 258.8145446777344}}, {"type": "Feature", "geometry": {"type": "Polygon", "coordinates": [[[9800.0, 412.5], [9800.0, 375.0], [9900.0, 375.0], [9900.0, 412.5], [9800.0, 412.5]]]}, "properties": {"max_depth": 234.2328338623047}}, {"type": "Feature", "geometry": {"type": "Polygon", "coordinates": [[[9900.0, 412.5], [9900.0, 375.0], [10000.0, 375.0], [10000.0, 412.5], [9900.0, 412.5]]]}, "properties": {"max_depth": 81.29708862304688}}, {"type": "Feature", "geometry": {"type": "Polygon", "coordinates": [[[100.0, 375.0], [100.0, 337.5], [200.0, 337.5], [200.0, 375.0], [100.0, 375.0]]]}, "properties": {"max_depth": 296.197021484375}}, {"type": "Feature", "geometry": {"type": "Polygon", "coordinates": [[[200.0, 375.0], [200.0, 337.5], [300.0, 337.5], [300.0, 375.0], [200.0, 375.0]]]}, "properties": {"max_depth": 260.4150390625}}, {"type": "Feature", "geometry": {"type": "Polygon", "coordinates": [[[300.0, 375.0], [300.0, 337.5], [400.0, 337.5], [400.0, 375.0], [300.0, 375.0]]]}, "properties": {"max_depth": 285.6794128417969}}, {"type": "Feature", "geometry": {"type": "Polygon", "coordinates": [[[400.0, 375.0], [400.0, 337.5], [500.0, 337.5], [500.0, 375.0], [400.0, 375.0]]]}, "properties": {"max_depth": 276.49615478515625}}, {"type": "Feature", "geometry": {"type": "Polygon", "coordinates": [[[500.0, 375.0], [500.0, 337.5], [600.0, 337.5], [600.0, 375.0], [500.0, 375.0]]]}, "properties": {"max_depth": 289.1707763671875}}, {"type": "Feature", "geometry": {"type": "Polygon", "coordinates": [[[600.0, 375.0], [600.0, 337.5], [700.0, 337.5], [700.0, 375.0], [600.0, 375.0]]]}, "properties": {"max_depth": 297.4236755371094}}, {"type": "Feature", "geometry": {"type": "Polygon", "coordinates": [[[700.0, 375.0], [700.0, 337.5], [800.0, 337.5], [800.0, 375.0], [700.0, 375.0]]]}, "properties": {"max_depth": 279.5843200683594}}, {"type": "Feature", "geometry": {"type": "Polygon", "coordinates": [[[800.0, 375.0], [800.0, 337.5], [900.0, 337.5], [900.0, 375.0], [800.0, 375.0]]]}, "properties": {"max_depth": 287.3674621582031}}, {"type": "Feature", "geometry": {"type": "Polygon", "coordinates": [[[900.0, 375.0], [900.0, 337.5], [1000.0, 337.5], [1000.0, 375.0], [900.0, 375.0]]]}, "properties": {"max_depth": 280.0797424316406}}, {"type": "Feature", "geometry": {"type": "Polygon", "coordinates": [[[1000.0, 375.0], [1000.0, 337.5], [1100.0, 337.5], [1100.0, 375.0], [1000.0, 375.0]]]}, "properties": {"max_depth": 297.64727783203125}}, {"type": "Feature", "geometry": {"type": "Polygon", "coordinates": [[[1100.0, 375.0], [1100.0, 337.5], [1200.0, 337.5], [1200.0, 375.0], [1100.0, 375.0]]]}, "properties": {"max_depth": 300.0}}, {"type": "Feature", "geometry": {"type": "Polygon", "coordinates": [[[1200.0, 375.0], [1200.0, 337.5], [1300.0, 337.5], [1300.0, 375.0], [1200.0, 375.0]]]}, "properties": {"max_depth": 288.35296630859375}}, {"type": "Feature", "geometry": {"type": "Polygon", "coordinates": [[[1300.0, 375.0], [1300.0, 337.5], [1400.0, 337.5], [1400.0, 375.0], [1300.0, 375.0]]]}, "properties": {"max_depth": 283.26702880859375}}, {"type": "Feature", "geometry": {"type": "Polygon", "coordinates": [[[1400.0, 375.0], [1400.0, 337.5], [1500.0, 337.5], [1500.0, 375.0], [1400.0, 375.0]]]}, "properties": {"max_depth": 291.71746826171875}}, {"type": "Feature", "geometry": {"type": "Polygon", "coordinates": [[[9500.0, 375.0], [9500.0, 337.5], [9600.0, 337.5], [9600.0, 375.0], [9500.0, 375.0]]]}, "properties": {"max_depth": 298.134033203125}}, {"type": "Feature", "geometry": {"type": "Polygon", "coordinates": [[[9600.0, 375.0], [9600.0, 337.5], [9700.0, 337.5], [9700.0, 375.0], [9600.0, 375.0]]]}, "properties": {"max_depth": 296.373291015625}}, {"type": "Feature", "geometry": {"type": "Polygon", "coordinates": [[[9700.0, 375.0], [9700.0, 337.5], [9800.0, 337.5], [9800.0, 375.0], [9700.0, 375.0]]]}, "properties": {"max_depth": 300.0}}, {"type": "Feature", "geometry": {"type": "Polygon", "coordinates": [[[9800.0, 375.0], [9800.0, 337.5], [9900.0, 337.5], [9900.0, 375.0], [9800.0, 375.0]]]}, "properties": {"max_depth": 296.5626220703125}}, {"type": "Feature", "geometry": {"type": "Polygon", "coordinates": [[[9900.0, 375.0], [9900.0, 337.5], [10000.0, 337.5], [10000.0, 375.0], [9900.0, 375.0]]]}, "properties": {"max_depth": 98.33756256103516}}, {"type": "Feature", "geometry": {"type": "Polygon", "coordinates": [[[100.0, 337.5], [100.0, 300.0], [200.0, 300.0], [200.0, 337.5], [100.0, 337.5]]]}, "properties": {"max_depth": 287.4969177246094}}, {"type": "Feature", "geometry": {"type": "Polygon", "coordinates": [[[200.0, 337.5], [200.0, 300.0], [300.0, 300.0], [300.0, 337.5], [200.0, 337.5]]]}, "properties": {"max_depth": 267.4560852050781}}, {"type": "Feature", "geometry": {"type": "Polygon", "coordinates": [[[300.0, 337.5], [300.0, 300.0], [400.0, 300.0], [400.0, 337.5], [300.0, 337.5]]]}, "properties": {"max_depth": 278.3975524902344}}, {"type": "Feature", "geometry": {"type": "Polygon", "coordinates": [[[400.0, 337.5], [400.0, 300.0], [500.0, 300.0], [500.0, 337.5], [400.0, 337.5]]]}, "properties": {"max_depth": 278.3354797363281}}, {"type": "Feature", "geometry": {"type": "Polygon", "coordinates": [[[500.0, 337.5], [500.0, 300.0], [600.0, 300.0], [600.0, 337.5], [500.0, 337.5]]]}, "properties": {"max_depth": 300.0}}, {"type": "Feature", "geometry": {"type": "Polygon", "coordinates": [[[600.0, 337.5], [600.0, 300.0], [700.0, 300.0], [700.0, 337.5], [600.0, 337.5]]]}, "properties": {"max_depth": 291.2099914550781}}, {"type": "Feature", "geometry": {"type": "Polygon", "coordinates": [[[700.0, 337.5], [700.0, 300.0], [800.0, 300.0], [800.0, 337.5], [700.0, 337.5]]]}, "properties": {"max_depth": 290.61572265625}}, {"type": "Feature", "geometry": {"type": "Polygon", "coordinates": [[[800.0, 337.5], [800.0, 300.0], [900.0, 300.0], [900.0, 337.5], [800.0, 337.5]]]}, "properties": {"max_depth": 295.99041748046875}}, {"type": "Feature", "geometry": {"type": "Polygon", "coordinates": [[[900.0, 337.5], [900.0, 300.0], [1000.0, 300.0], [1000.0, 337.5], [900.0, 337.5]]]}, "properties": {"max_depth": 291.93341064453125}}, {"type": "Feature", "geometry": {"type": "Polygon", "coordinates": [[[1000.0, 337.5], [1000.0, 300.0], [1100.0, 300.0], [1100.0, 337.5], [1000.0, 337.5]]]}, "properties": {"max_depth": 286.5344543457031}}, {"type": "Feature", "geometry": {"type": "Polygon", "coordinates": [[[1100.0, 337.5], [1100.0, 300.0], [1200.0, 300.0], [1200.0, 337.5], [1100.0, 337.5]]]}, "properties": {"max_depth": 281.02935791015625}}, {"type": "Feature", "geometry": {"type": "Polygon", "coordinates": [[[1200.0, 337.5], [1200.0, 300.0], [1300.0, 300.0], [1300.0, 337.5], [1200.0, 337.5]]]}, "properties": {"max_depth": 280.2364501953125}}, {"type": "Feature", "geometry": {"type": "Polygon", "coordinates": [[[1300.0, 337.5], [1300.0, 300.0], [1400.0, 300.0], [1400.0, 337.5], [1300.0, 337.5]]]}, "properties": {"max_depth": 282.00146484375}}, {"type": "Feature", "geometry": {"type": "Polygon", "coordinates": [[[1400.0, 337.5], [1400.0, 300.0], [1500.0, 300.0], [1500.0, 337.5], [1400.0, 337.5]]]}, "properties": {"max_depth": 288.6548156738281}}, {"type": "Feature", "geometry": {"type": "Polygon", "coordinates": [[[1500.0, 337.5], [1500.0, 300.0], [1600.0, 300.0], [1600.0, 337.5], [1500.0, 337.5]]]}, "properties": {"max_depth": 290.5580139160156}}, {"type": "Feature", "geometry": {"type": "Polygon", "coordinates": [[[9300.0, 337.5], [9300.0, 300.0], [9400.0, 300.0], [9400.0, 337.5], [9300.0, 337.5]]]}, "properties": {"max_depth": 296.1418762207031}}, {"type": "Feature", "geometry": {"type": "Polygon", "coordinates": [[[9500.0, 337.5], [9500.0, 300.0], [9600.0, 300.0], [9600.0, 337.5], [9500.0, 337.5]]]}, "properties": {"max_depth": 299.3974609375}}, {"type": "Feature", "geometry": {"type": "Polygon", "coordinates": [[[9600.0, 337.5], [9600.0, 300.0], [9700.0, 300.0], [9700.0, 337.5], [9600.0, 337.5]]]}, "properties": {"max_depth": 285.61834716796875}}, {"type": "Feature", "geometry": {"type": "Polygon", "coordinates": [[[9700.0, 337.5], [9700.0, 300.0], [9800.0, 300.0], [9800.0, 337.5], [9700.0, 337.5]]]}, "properties": {"max_depth": 258.78253173828125}}, {"type": "Feature", "geometry": {"type": "Polygon", "coordinates": [[[9800.0, 337.5], [9800.0, 300.0], [9900.0, 300.0], [9900.0, 337.5], [9800.0, 337.5]]]}, "properties": {"max_depth": 234.98765563964844}}, {"type": "Feature", "geometry": {"type": "Polygon", "coordinates": [[[9900.0, 337.5], [9900.0, 300.0], [10000.0, 300.0], [10000.0, 337.5], [9900.0, 337.5]]]}, "properties": {"max_depth": 76.84439849853516}}, {"type": "Feature", "geometry": {"type": "Polygon", "coordinates": [[[100.0, 300.0], [100.0, 262.5], [200.0, 262.5], [200.0, 300.0], [100.0, 300.0]]]}, "properties": {"max_depth": 288.4696960449219}}, {"type": "Feature", "geometry": {"type": "Polygon", "coordinates": [[[200.0, 300.0], [200.0, 262.5], [300.0, 262.5], [300.0, 300.0], [200.0, 300.0]]]}, "properties": {"max_depth": 259.96697998046875}}, {"type": "Feature", "geometry": {"type": "Polygon", "coordinates": [[[300.0, 300.0], [300.0, 262.5], [400.0, 262.5], [400.0, 300.0], [300.0, 300.0]]]}, "properties": {"max_depth": 270.5577087402344}}, {"type": "Feature", "geometry": {"type": "Polygon", "coordinates": [[[400.0, 300.0], [400.0, 262.5], [500.0, 262.5], [500.0, 300.0], [400.0, 300.0]]]}, "properties": {"max_depth": 293.1313781738281}}, {"type": "Feature", "geometry": {"type": "Polygon", "coordinates": [[[500.0, 300.0], [500.0, 262.5], [600.0, 262.5], [600.0, 300.0], [500.0, 300.0]]]}, "properties": {"max_depth": 280.6198425292969}}, {"type": "Feature", "geometry": {"type": "Polygon", "coordinates": [[[600.0, 300.0], [600.0, 262.5], [700.0, 262.5], [700.0, 300.0], [600.0, 300.0]]]}, "properties": {"max_depth": 282.826904296875}}, {"type": "Feature", "geometry": {"type": "Polygon", "coordinates": [[[700.0, 300.0], [700.0, 262.5], [800.0, 262.5], [800.0, 300.0], [700.0, 300.0]]]}, "properties": {"max_depth": 277.6400451660156}}, {"type": "Feature", "geometry": {"type": "Polygon", "coordinates": [[[800.0, 300.0], [800.0, 262.5], [900.0, 262.5], [900.0, 300.0], [800.0, 300.0]]]}, "properties": {"max_depth": 290.0703125}}, {"type": "Feature", "geometry": {"type": "Polygon", "coordinates": [[[900.0, 300.0], [900.0, 262.5], [1000.0, 262.5], [1000.0, 300.0], [900.0, 300.0]]]}, "properties": {"max_depth": 285.1603088378906}}, {"type": "Feature", "geometry": {"type": "Polygon", "coordinates": [[[1000.0, 300.0], [1000.0, 262.5], [1100.0, 262.5], [1100.0, 300.0], [1000.0, 300.0]]]}, "properties": {"max_depth": 282.3776550292969}}, {"type": "Feature", "geometry": {"type": "Polygon", "coordinates": [[[1100.0, 300.0], [1100.0, 262.5], [1200.0, 262.5], [1200.0, 300.0], [1100.0, 300.0]]]}, "properties": {"max_depth": 285.4844055175781}}, {"type": "Feature", "geometry": {"type": "Polygon", "coordinates": [[[1200.0, 300.0], [1200.0, 262.5], [1300.0, 262.5], [1300.0, 300.0], [1200.0, 300.0]]]}, "properties": {"max_depth": 300.0}}, {"type": "Feature", "geometry": {"type": "Polygon", "coordinates": [[[1300.0, 300.0], [1300.0, 262.5], [1400.0, 262.5], [1400.0, 300.0], [1300.0, 300.0]]]}, "properties": {"max_depth": 284.488037109375}}, {"type": "Feature", "geometry": {"type": "Polygon", "coordinates": [[[1400.0, 300.0], [1400.0, 262.5], [1500.0, 262.5], [1500.0, 300.0], [1400.0, 300.0]]]}, "properties": {"max_depth": 281.7290344238281}}, {"type": "Feature", "geometry": {"type": "Polygon", "coordinates": [[[1500.0, 300.0], [1500.0, 262.5], [1600.0, 262.5], [1600.0, 300.0], [1500.0, 300.0]]]}, "properties": {"max_depth": 291.3182678222656}}, {"type": "Feature", "geometry": {"type": "Polygon", "coordinates": [[[1600.0, 300.0], [1600.0, 262.5], [1700.0, 262.5], [1700.0, 300.0], [1600.0, 300.0]]]}, "properties": {"max_depth": 286.9279479980469}}, {"type": "Feature", "geometry": {"type": "Polygon", "coordinates": [[[9300.0, 300.0], [9300.0, 262.5], [9400.0, 262.5], [9400.0, 300.0], [9300.0, 300.0]]]}, "properties": {"max_depth": 296.00885009765625}}, {"type": "Feature", "geometry": {"type": "Polygon", "coordinates": [[[9400.0, 300.0], [9400.0, 262.5], [9500.0, 262.5], [9500.0, 300.0], [9400.0, 300.0]]]}, "properties": {"max_depth": 287.6777038574219}}, {"type": "Feature", "geometry": {"type": "Polygon", "coordinates": [[[9500.0, 300.0], [9500.0, 262.5], [9600.0, 262.5], [9600.0, 300.0], [9500.0, 300.0]]]}, "properties": {"max_depth": 297.87274169921875}}, {"type": "Feature", "geometry": {"type": "Polygon", "coordinates": [[[9600.0, 300.0], [9600.0, 262.5], [9700.0, 262.5], [9700.0, 300.0], [9600.0, 300.0]]]}, "properties": {"max_depth": 296.0470275878906}}, {"type": "Feature", "geometry": {"type": "Polygon", "coordinates": [[[9700.0, 300.0], [9700.0, 262.5], [9800.0, 262.5], [9800.0, 300.0], [9700.0, 300.0]]]}, "properties": {"max_depth": 275.3326416015625}}, {"type": "Feature", "geometry": {"type": "Polygon", "coordinates": [[[9800.0, 300.0], [9800.0, 262.5], [9900.0, 262.5], [9900.0, 300.0], [9800.0, 300.0]]]}, "properties": {"max_depth": 267.4722595214844}}, {"type": "Feature", "geometry": {"type": "Polygon", "coordinates": [[[9900.0, 300.0], [9900.0, 262.5], [10000.0, 262.5], [10000.0, 300.0], [9900.0, 300.0]]]}, "properties": {"max_depth": 94.4632797241211}}, {"type": "Feature", "geometry": {"type": "Polygon", "coordinates": [[[100.0, 262.5], [100.0, 225.0], [200.0, 225.0], [200.0, 262.5], [100.0, 262.5]]]}, "properties": {"max_depth": 265.2181091308594}}, {"type": "Feature", "geometry": {"type": "Polygon", "coordinates": [[[200.0, 262.5], [200.0, 225.0], [300.0, 225.0], [300.0, 262.5], [200.0, 262.5]]]}, "properties": {"max_depth": 259.2812805175781}}, {"type": "Feature", "geometry": {"type": "Polygon", "coordinates": [[[300.0, 262.5], [300.0, 225.0], [400.0, 225.0], [400.0, 262.5], [300.0, 262.5]]]}, "properties": {"max_depth": 276.7618713378906}}, {"type": "Feature", "geometry": {"type": "Polygon", "coordinates": [[[400.0, 262.5], [400.0, 225.0], [500.0, 225.0], [500.0, 262.5], [400.0, 262.5]]]}, "properties": {"max_depth": 293.7500305175781}}, {"type": "Feature", "geometry": {"type": "Polygon", "coordinates": [[[500.0, 262.5], [500.0, 225.0], [600.0, 225.0], [600.0, 262.5], [500.0, 262.5]]]}, "properties": {"max_depth": 285.29510498046875}}, {"type": "Feature", "geometry": {"type": "Polygon", "coordinates": [[[600.0, 262.5], [600.0, 225.0], [700.0, 225.0], [700.0, 262.5], [600.0, 262.5]]]}, "properties": {"max_depth": 283.70831298828125}}, {"type": "Feature", "geometry": {"type": "Polygon", "coordinates": [[[700.0, 262.5], [700.0, 225.0], [800.0, 225.0], [800.0, 262.5], [700.0, 262.5]]]}, "properties": {"max_depth": 296.2171630859375}}, {"type": "Feature", "geometry": {"type": "Polygon", "coordinates": [[[800.0, 262.5], [800.0, 225.0], [900.0, 225.0], [900.0, 262.5], [800.0, 262.5]]]}, "properties": {"max_depth": 281.1440734863281}}, {"type": "Feature", "geometry": {"type": "Polygon", "coordinates": [[[900.0, 262.5], [900.0, 225.0], [1000.0, 225.0], [1000.0, 262.5], [900.0, 262.5]]]}, "properties": {"max_depth": 293.5163269042969}}, {"type": "Feature", "geometry": {"type": "Polygon", "coordinates": [[[1000.0, 262.5], [1000.0, 225.0], [1100.0, 225.0], [1100.0, 262.5], [1000.0, 262.5]]]}, "properties": {"max_depth": 285.064697265625}}, {"type": "Feature", "geometry": {"type": "Polygon", "coordinates": [[[1100.0, 262.5], [1100.0, 225.0], [1200.0, 225.0], [1200.0, 262.5], [1100.0, 262.5]]]}, "properties": {"max_depth": 289.5966796875}}, {"type": "Feature", "geometry": {"type": "Polygon", "coordinates": [[[1200.0, 262.5], [1200.0, 225.0], [1300.0, 225.0], [1300.0, 262.5], [1200.0, 262.5]]]}, "properties": {"max_depth": 284.10858154296875}}, {"type": "Feature", "geometry": {"type": "Polygon", "coordinates": [[[1300.0, 262.5], [1300.0, 225.0], [1400.0, 225.0], [1400.0, 262.5], [1300.0, 262.5]]]}, "properties": {"max_depth": 290.0263366699219}}, {"type": "Feature", "geometry": {"type": "Polygon", "coordinates": [[[1400.0, 262.5], [1400.0, 225.0], [1500.0, 225.0], [1500.0, 262.5], [1400.0, 262.5]]]}, "properties": {"max_depth": 287.44427490234375}}, {"type": "Feature", "geometry": {"type": "Polygon", "coordinates": [[[1500.0, 262.5], [1500.0, 225.0], [1600.0, 225.0], [1600.0, 262.5], [1500.0, 262.5]]]}, "properties": {"max_depth": 289.81231689453125}}, {"type": "Feature", "geometry": {"type": "Polygon", "coordinates": [[[1600.0, 262.5], [1600.0, 225.0], [1700.0, 225.0], [1700.0, 262.5], [1600.0, 262.5]]]}, "properties": {"max_depth": 291.4144592285156}}, {"type": "Feature", "geometry": {"type": "Polygon", "coordinates": [[[1700.0, 262.5], [1700.0, 225.0], [1800.0, 225.0], [1800.0, 262.5], [1700.0, 262.5]]]}, "properties": {"max_depth": 291.4809875488281}}, {"type": "Feature", "geometry": {"type": "Polygon", "coordinates": [[[9400.0, 262.5], [9400.0, 225.0], [9500.0, 225.0], [9500.0, 262.5], [9400.0, 262.5]]]}, "properties": {"max_depth": 295.0817565917969}}, {"type": "Feature", "geometry": {"type": "Polygon", "coordinates": [[[9500.0, 262.5], [9500.0, 225.0], [9600.0, 225.0], [9600.0, 262.5], [9500.0, 262.5]]]}, "properties": {"max_depth": 296.43890380859375}}, {"type": "Feature", "geometry": {"type": "Polygon", "coordinates": [[[9600.0, 262.5], [9600.0, 225.0], [9700.0, 225.0], [9700.0, 262.5], [9600.0, 262.5]]]}, "properties": {"max_depth": 292.55072021484375}}, {"type": "Feature", "geometry": {"type": "Polygon", "coordinates": [[[9700.0, 262.5], [9700.0, 225.0], [9800.0, 225.0], [9800.0, 262.5], [9700.0, 262.5]]]}, "properties": {"max_depth": 269.4979553222656}}, {"type": "Feature", "geometry": {"type": "Polygon", "coordinates": [[[9800.0, 262.5], [9800.0, 225.0], [9900.0, 225.0], [9900.0, 262.5], [9800.0, 262.5]]]}, "properties": {"max_depth": 233.02081298828125}}, {"type": "Feature", "geometry": {"type": "Polygon", "coordinates": [[[9900.0, 262.5], [9900.0, 225.0], [10000.0, 225.0], [10000.0, 262.5], [9900.0, 262.5]]]}, "properties": {"max_depth": 72.02779388427734}}, {"type": "Feature", "geometry": {"type": "Polygon", "coordinates": [[[100.0, 225.0], [100.0, 187.5], [200.0, 187.5], [200.0, 225.0], [100.0, 225.0]]]}, "properties": {"max_depth": 272.5148010253906}}, {"type": "Feature", "geometry": {"type": "Polygon", "coordinates": [[[200.0, 225.0], [200.0, 187.5], [300.0, 187.5], [300.0, 225.0], [200.0, 225.0]]]}, "properties": {"max_depth": 258.5704040527344}}, {"type": "Feature", "geometry": {"type": "Polygon", "coordinates": [[[300.0, 225.0], [300.0, 187.5], [400.0, 187.5], [400.0, 225.0], [300.0, 225.0]]]}, "properties": {"max_depth": 264.34918212890625}}, {"type": "Feature", "geometry": {"type": "Polygon", "coordinates": [[[400.0, 225.0], [400.0, 187.5], [500.0, 187.5], [500.0, 225.0], [400.0, 225.0]]]}, "properties": {"max_depth": 290.9867248535156}}, {"type": "Feature", "geometry": {"type": "Polygon", "coordinates": [[[500.0, 225.0], [500.0, 187.5], [600.0, 187.5], [600.0, 225.0], [500.0, 225.0]]]}, "properties": {"max_depth": 277.3788146972656}}, {"type": "Feature", "geometry": {"type": "Polygon", "coordinates": [[[600.0, 225.0], [600.0, 187.5], [700.0, 187.5], [700.0, 225.0], [600.0, 225.0]]]}, "properties": {"max_depth": 286.7514953613281}}, {"type": "Feature", "geometry": {"type": "Polygon", "coordinates": [[[700.0, 225.0], [700.0, 187.5], [800.0, 187.5], [800.0, 225.0], [700.0, 225.0]]]}, "properties": {"max_depth": 291.8360900878906}}, {"type": "Feature", "geometry": {"type": "Polygon", "coordinates": [[[800.0, 225.0], [800.0, 187.5], [900.0, 187.5], [900.0, 225.0], [800.0, 225.0]]]}, "properties": {"max_depth": 267.5762023925781}}, {"type": "Feature", "geometry": {"type": "Polygon", "coordinates": [[[900.0, 225.0], [900.0, 187.5], [1000.0, 187.5], [1000.0, 225.0], [900.0, 225.0]]]}, "properties": {"max_depth": 293.3793640136719}}, {"type": "Feature", "geometry": {"type": "Polygon", "coordinates": [[[1000.0, 225.0], [1000.0, 187.5], [1100.0, 187.5], [1100.0, 225.0], [1000.0, 225.0]]]}, "properties": {"max_depth": 283.6288757324219}}, {"type": "Feature", "geometry": {"type": "Polygon", "coordinates": [[[1100.0, 225.0], [1100.0, 187.5], [1200.0, 187.5], [1200.0, 225.0], [1100.0, 225.0]]]}, "properties": {"max_depth": 287.9244689941406}}, {"type": "Feature", "geometry": {"type": "Polygon", "coordinates": [[[1200.0, 225.0], [1200.0, 187.5], [1300.0, 187.5], [1300.0, 225.0], [1200.0, 225.0]]]}, "properties": {"max_depth": 276.8638610839844}}, {"type": "Feature", "geometry": {"type": "Polygon", "coordinates": [[[1300.0, 225.0], [1300.0, 187.5], [1400.0, 187.5], [1400.0, 225.0], [1300.0, 225.0]]]}, "properties": {"max_depth": 280.3542175292969}}, {"type": "Feature", "geometry": {"type": "Polygon", "coordinates": [[[1400.0, 225.0], [1400.0, 187.5], [1500.0, 187.5], [1500.0, 225.0], [1400.0, 225.0]]]}, "properties": {"max_depth": 285.82781982421875}}, {"type": "Feature", "geometry": {"type": "Polygon", "coordinates": [[[1500.0, 225.0], [1500.0, 187.5], [1600.0, 187.5], [1600.0, 225.0], [1500.0, 225.0]]]}, "properties": {"max_depth": 287.85333251953125}}, {"type": "Feature", "geometry": {"type": "Polygon", "coordinates": [[[9500.0, 225.0], [9500.0, 187.5], [9600.0, 187.5], [9600.0, 225.0], [9500.0, 225.0]]]}, "properties": {"max_depth": 281.9716796875}}, {"type": "Feature", "geometry": {"type": "Polygon", "coordinates": [[[9600.0, 225.0], [9600.0, 187.5], [9700.0, 187.5], [9700.0, 225.0], [9600.0, 225.0]]]}, "properties": {"max_depth": 279.1947021484375}}, {"type": "Feature", "geometry": {"type": "Polygon", "coordinates": [[[9700.0, 225.0], [9700.0, 187.5], [9800.0, 187.5], [9800.0, 225.0], [9700.0, 225.0]]]}, "properties": {"max_depth": 266.7169189453125}}, {"type": "Feature", "geometry": {"type": "Polygon", "coordinates": [[[9800.0, 225.0], [9800.0, 187.5], [9900.0, 187.5], [9900.0, 225.0], [9800.0, 225.0]]]}, "properties": {"max_depth": 248.07627868652344}}, {"type": "Feature", "geometry": {"type": "Polygon", "coordinates": [[[9900.0, 225.0], [9900.0, 187.5], [10000.0, 187.5], [10000.0, 225.0], [9900.0, 225.0]]]}, "properties": {"max_depth": 75.43434143066406}}, {"type": "Feature", "geometry": {"type": "Polygon", "coordinates": [[[100.0, 187.5], [100.0, 150.0], [200.0, 150.0], [200.0, 187.5], [100.0, 187.5]]]}, "properties": {"max_depth": 268.19305419921875}}, {"type": "Feature", "geometry": {"type": "Polygon", "coordinates": [[[200.0, 187.5], [200.0, 150.0], [300.0, 150.0], [300.0, 187.5], [200.0, 187.5]]]}, "properties": {"max_depth": 265.43988037109375}}, {"type": "Feature", "geometry": {"type": "Polygon", "coordinates": [[[300.0, 187.5], [300.0, 150.0], [400.0, 150.0], [400.0, 187.5], [300.0, 187.5]]]}, "properties": {"max_depth": 268.15814208984375}}, {"type": "Feature", "geometry": {"type": "Polygon", "coordinates": [[[400.0, 187.5], [400.0, 150.0], [500.0, 150.0], [500.0, 187.5], [400.0, 187.5]]]}, "properties": {"max_depth": 288.18829345703125}}, {"type": "Feature", "geometry": {"type": "Polygon", "coordinates": [[[500.0, 187.5], [500.0, 150.0], [600.0, 150.0], [600.0, 187.5], [500.0, 187.5]]]}, "properties": {"max_depth": 291.0776672363281}}, {"type": "Feature", "geometry": {"type": "Polygon", "coordinates": [[[600.0, 187.5], [600.0, 150.0], [700.0, 150.0], [700.0, 187.5], [600.0, 187.5]]]}, "properties": {"max_depth": 287.6484680175781}}, {"type": "Feature", "geometry": {"type": "Polygon", "coordinates": [[[700.0, 187.5], [700.0, 150.0], [800.0, 150.0], [800.0, 187.5], [700.0, 187.5]]]}, "properties": {"max_depth": 290.5743408203125}}, {"type": "Feature", "geometry": {"type": "Polygon", "coordinates": [[[800.0, 187.5], [800.0, 150.0], [900.0, 150.0], [900.0, 187.5], [800.0, 187.5]]]}, "properties": {"max_depth": 269.09814453125}}, {"type": "Feature", "geometry": {"type": "Polygon", "coordinates": [[[900.0, 187.5], [900.0, 150.0], [1000.0, 150.0], [1000.0, 187.5], [900.0, 187.5]]]}, "properties": {"max_depth": 292.4125671386719}}, {"type": "Feature", "geometry": {"type": "Polygon", "coordinates": [[[1000.0, 187.5], [1000.0, 150.0], [1100.0, 150.0], [1100.0, 187.5], [1000.0, 187.5]]]}, "properties": {"max_depth": 290.02557373046875}}, {"type": "Feature", "geometry": {"type": "Polygon", "coordinates": [[[1100.0, 187.5], [1100.0, 150.0], [1200.0, 150.0], [1200.0, 187.5], [1100.0, 187.5]]]}, "properties": {"max_depth": 290.140869140625}}, {"type": "Feature", "geometry": {"type": "Polygon", "coordinates": [[[1300.0, 187.5], [1300.0, 150.0], [1400.0, 150.0], [1400.0, 187.5], [1300.0, 187.5]]]}, "properties": {"max_depth": 289.9693908691406}}, {"type": "Feature", "geometry": {"type": "Polygon", "coordinates": [[[1400.0, 187.5], [1400.0, 150.0], [1500.0, 150.0], [1500.0, 187.5], [1400.0, 187.5]]]}, "properties": {"max_depth": 299.3853454589844}}, {"type": "Feature", "geometry": {"type": "Polygon", "coordinates": [[[9500.0, 187.5], [9500.0, 150.0], [9600.0, 150.0], [9600.0, 187.5], [9500.0, 187.5]]]}, "properties": {"max_depth": 292.87738037109375}}, {"type": "Feature", "geometry": {"type": "Polygon", "coordinates": [[[9600.0, 187.5], [9600.0, 150.0], [9700.0, 150.0], [9700.0, 187.5], [9600.0, 187.5]]]}, "properties": {"max_depth": 271.4036865234375}}, {"type": "Feature", "geometry": {"type": "Polygon", "coordinates": [[[9700.0, 187.5], [9700.0, 150.0], [9800.0, 150.0], [9800.0, 187.5], [9700.0, 187.5]]]}, "properties": {"max_depth": 265.0977783203125}}, {"type": "Feature", "geometry": {"type": "Polygon", "coordinates": [[[9800.0, 187.5], [9800.0, 150.0], [9900.0, 150.0], [9900.0, 187.5], [9800.0, 187.5]]]}, "properties": {"max_depth": 251.689208984375}}, {"type": "Feature", "geometry": {"type": "Polygon", "coordinates": [[[9900.0, 187.5], [9900.0, 150.0], [10000.0, 150.0], [10000.0, 187.5], [9900.0, 187.5]]]}, "properties": {"max_depth": 53.626468658447266}}, {"type": "Feature", "geometry": {"type": "Polygon", "coordinates": [[[100.0, 150.0], [100.0, 112.5], [200.0, 112.5], [200.0, 150.0], [100.0, 150.0]]]}, "properties": {"max_depth": 263.5688781738281}}, {"type": "Feature", "geometry": {"type": "Polygon", "coordinates": [[[200.0, 150.0], [200.0, 112.5], [300.0, 112.5], [300.0, 150.0], [200.0, 150.0]]]}, "properties": {"max_depth": 257.6988525390625}}, {"type": "Feature", "geometry": {"type": "Polygon", "coordinates": [[[300.0, 150.0], [300.0, 112.5], [400.0, 112.5], [400.0, 150.0], [300.0, 150.0]]]}, "properties": {"max_depth": 258.125244140625}}, {"type": "Feature", "geometry": {"type": "Polygon", "coordinates": [[[400.0, 150.0], [400.0, 112.5], [500.0, 112.5], [500.0, 150.0], [400.0, 150.0]]]}, "properties": {"max_depth": 278.2429504394531}}, {"type": "Feature", "geometry": {"type": "Polygon", "coordinates": [[[500.0, 150.0], [500.0, 112.5], [600.0, 112.5], [600.0, 150.0], [500.0, 150.0]]]}, "properties": {"max_depth": 282.4692077636719}}, {"type": "Feature", "geometry": {"type": "Polygon", "coordinates": [[[600.0, 150.0], [600.0, 112.5], [700.0, 112.5], [700.0, 150.0], [600.0, 150.0]]]}, "properties": {"max_depth": 293.07275390625}}, {"type": "Feature", "geometry": {"type": "Polygon", "coordinates": [[[700.0, 150.0], [700.0, 112.5], [800.0, 112.5], [800.0, 150.0], [700.0, 150.0]]]}, "properties": {"max_depth": 280.27569580078125}}, {"type": "Feature", "geometry": {"type": "Polygon", "coordinates": [[[800.0, 150.0], [800.0, 112.5], [900.0, 112.5], [900.0, 150.0], [800.0, 150.0]]]}, "properties": {"max_depth": 282.0047302246094}}, {"type": "Feature", "geometry": {"type": "Polygon", "coordinates": [[[900.0, 150.0], [900.0, 112.5], [1000.0, 112.5], [1000.0, 150.0], [900.0, 150.0]]]}, "properties": {"max_depth": 279.298583984375}}, {"type": "Feature", "geometry": {"type": "Polygon", "coordinates": [[[1200.0, 187.5], [1200.0, 150.0], [1000.0, 150.0], [1000.0, 112.5], [1300.0, 112.5], [1300.0, 187.5], [1200.0, 187.5]]]}, "properties": {"max_depth": 300.0}}, {"type": "Feature", "geometry": {"type": "Polygon", "coordinates": [[[1300.0, 150.0], [1300.0, 112.5], [1400.0, 112.5], [1400.0, 150.0], [1300.0, 150.0]]]}, "properties": {"max_depth": 287.87677001953125}}, {"type": "Feature", "geometry": {"type": "Polygon", "coordinates": [[[9500.0, 150.0], [9500.0, 112.5], [9600.0, 112.5], [9600.0, 150.0], [9500.0, 150.0]]]}, "properties": {"max_depth": 290.6346740722656}}, {"type": "Feature", "geometry": {"type": "Polygon", "coordinates": [[[9600.0, 150.0], [9600.0, 112.5], [9700.0, 112.5], [9700.0, 150.0], [9600.0, 150.0]]]}, "properties": {"max_depth": 281.0580139160156}}, {"type": "Feature", "geometry": {"type": "Polygon", "coordinates": [[[9700.0, 150.0], [9700.0, 112.5], [9800.0, 112.5], [9800.0, 150.0], [9700.0, 150.0]]]}, "properties": {"max_depth": 244.91912841796875}}, {"type": "Feature", "geometry": {"type": "Polygon", "coordinates": [[[9800.0, 150.0], [9800.0, 112.5], [9900.0, 112.5], [9900.0, 150.0], [9800.0, 150.0]]]}, "properties": {"max_depth": 242.4463653564453}}, {"type": "Feature", "geometry": {"type": "Polygon", "coordinates": [[[9900.0, 150.0], [9900.0, 112.5], [10000.0, 112.5], [10000.0, 150.0], [9900.0, 150.0]]]}, "properties": {"max_depth": 65.90435028076172}}, {"type": "Feature", "geometry": {"type": "Polygon", "coordinates": [[[100.0, 112.5], [100.0, 75.0], [200.0, 75.0], [200.0, 112.5], [100.0, 112.5]]]}, "properties": {"max_depth": 256.9898986816406}}, {"type": "Feature", "geometry": {"type": "Polygon", "coordinates": [[[200.0, 112.5], [200.0, 75.0], [300.0, 75.0], [300.0, 112.5], [200.0, 112.5]]]}, "properties": {"max_depth": 257.4414367675781}}, {"type": "Feature", "geometry": {"type": "Polygon", "coordinates": [[[300.0, 112.5], [300.0, 75.0], [400.0, 75.0], [400.0, 112.5], [300.0, 112.5]]]}, "properties": {"max_depth": 257.8416748046875}}, {"type": "Feature", "geometry": {"type": "Polygon", "coordinates": [[[400.0, 112.5], [400.0, 75.0], [500.0, 75.0], [500.0, 112.5], [400.0, 112.5]]]}, "properties": {"max_depth": 270.50604248046875}}, {"type": "Feature", "geometry": {"type": "Polygon", "coordinates": [[[500.0, 112.5], [500.0, 75.0], [600.0, 75.0], [600.0, 112.5], [500.0, 112.5]]]}, "properties": {"max_depth": 275.561279296875}}, {"type": "Feature", "geometry": {"type": "Polygon", "coordinates": [[[600.0, 112.5], [600.0, 75.0], [700.0, 75.0], [700.0, 112.5], [600.0, 112.5]]]}, "properties": {"max_depth": 287.9058532714844}}, {"type": "Feature", "geometry": {"type": "Polygon", "coordinates": [[[700.0, 112.5], [700.0, 75.0], [800.0, 75.0], [800.0, 112.5], [700.0, 112.5]]]}, "properties": {"max_depth": 288.3122253417969}}, {"type": "Feature", "geometry": {"type": "Polygon", "coordinates": [[[800.0, 112.5], [800.0, 75.0], [900.0, 75.0], [900.0, 112.5], [800.0, 112.5]]]}, "properties": {"max_depth": 283.4931335449219}}, {"type": "Feature", "geometry": {"type": "Polygon", "coordinates": [[[900.0, 112.5], [900.0, 75.0], [1000.0, 75.0], [1000.0, 112.5], [900.0, 112.5]]]}, "properties": {"max_depth": 294.3544006347656}}, {"type": "Feature", "geometry": {"type": "Polygon", "coordinates": [[[1000.0, 112.5], [1000.0, 75.0], [1100.0, 75.0], [1100.0, 112.5], [1000.0, 112.5]]]}, "properties": {"max_depth": 295.7498779296875}}, {"type": "Feature", "geometry": {"type": "Polygon", "coordinates": [[[1100.0, 112.5], [1100.0, 75.0], [1200.0, 75.0], [1200.0, 112.5], [1100.0, 112.5]]]}, "properties": {"max_depth": 287.4627990722656}}, {"type": "Feature", "geometry": {"type": "Polygon", "coordinates": [[[1200.0, 112.5], [1200.0, 75.0], [1300.0, 75.0], [1300.0, 112.5], [1200.0, 112.5]]]}, "properties": {"max_depth": 297.0443115234375}}, {"type": "Feature", "geometry": {"type": "Polygon", "coordinates": [[[1300.0, 112.5], [1300.0, 75.0], [1400.0, 75.0], [1400.0, 112.5], [1300.0, 112.5]]]}, "properties": {"max_depth": 283.9508361816406}}, {"type": "Feature", "geometry": {"type": "Polygon", "coordinates": [[[9400.0, 112.5], [9400.0, 75.0], [9500.0, 75.0], [9500.0, 112.5], [9400.0, 112.5]]]}, "properties": {"max_depth": 291.6562805175781}}, {"type": "Feature", "geometry": {"type": "Polygon", "coordinates": [[[9500.0, 112.5], [9500.0, 75.0], [9600.0, 75.0], [9600.0, 112.5], [9500.0, 112.5]]]}, "properties": {"max_depth": 261.2734375}}, {"type": "Feature", "geometry": {"type": "Polygon", "coordinates": [[[9600.0, 112.5], [9600.0, 75.0], [9700.0, 75.0], [9700.0, 112.5], [9600.0, 112.5]]]}, "properties": {"max_depth": 273.7552185058594}}, {"type": "Feature", "geometry": {"type": "Polygon", "coordinates": [[[9700.0, 112.5], [9700.0, 75.0], [9800.0, 75.0], [9800.0, 112.5], [9700.0, 112.5]]]}, "properties": {"max_depth": 236.51028442382812}}, {"type": "Feature", "geometry": {"type": "Polygon", "coordinates": [[[9800.0, 112.5], [9800.0, 75.0], [9900.0, 75.0], [9900.0, 112.5], [9800.0, 112.5]]]}, "properties": {"max_depth": 250.04075622558594}}, {"type": "Feature", "geometry": {"type": "Polygon", "coordinates": [[[9900.0, 112.5], [9900.0, 75.0], [10000.0, 75.0], [10000.0, 112.5], [9900.0, 112.5]]]}, "properties": {"max_depth": 35.98369598388672}}, {"type": "Feature", "geometry": {"type": "Polygon", "coordinates": [[[0.0, 1462.5], [0.0, 37.5], [100.0, 37.5], [100.0, 1462.5], [0.0, 1462.5]]]}, "properties": {"max_depth": 300.0}}, {"type": "Feature", "geometry": {"type": "Polygon", "coordinates": [[[200.0, 75.0], [200.0, 37.5], [300.0, 37.5], [300.0, 75.0], [200.0, 75.0]]]}, "properties": {"max_depth": 257.29998779296875}}, {"type": "Feature", "geometry": {"type": "Polygon", "coordinates": [[[300.0, 75.0], [300.0, 37.5], [400.0, 37.5], [400.0, 75.0], [300.0, 75.0]]]}, "properties": {"max_depth": 257.70001220703125}}, {"type": "Feature", "geometry": {"type": "Polygon", "coordinates": [[[400.0, 75.0], [400.0, 37.5], [500.0, 37.5], [500.0, 75.0], [400.0, 75.0]]]}, "properties": {"max_depth": 266.9414367675781}}, {"type": "Feature", "geometry": {"type": "Polygon", "coordinates": [[[500.0, 75.0], [500.0, 37.5], [600.0, 37.5], [600.0, 75.0], [500.0, 75.0]]]}, "properties": {"max_depth": 261.9256896972656}}, {"type": "Feature", "geometry": {"type": "Polygon", "coordinates": [[[600.0, 75.0], [600.0, 37.5], [700.0, 37.5], [700.0, 75.0], [600.0, 75.0]]]}, "properties": {"max_depth": 288.1247863769531}}, {"type": "Feature", "geometry": {"type": "Polygon", "coordinates": [[[800.0, 75.0], [800.0, 37.5], [900.0, 37.5], [900.0, 75.0], [800.0, 75.0]]]}, "properties": {"max_depth": 292.8183898925781}}, {"type": "Feature", "geometry": {"type": "Polygon", "coordinates": [[[1200.0, 75.0], [1200.0, 37.5], [1300.0, 37.5], [1300.0, 75.0], [1200.0, 75.0]]]}, "properties": {"max_depth": 293.6512451171875}}, {"type": "Feature", "geometry": {"type": "Polygon", "coordinates": [[[9300.0, 75.0], [9300.0, 37.5], [9400.0, 37.5], [9400.0, 75.0], [9300.0, 75.0]]]}, "properties": {"max_depth": 285.3077697753906}}, {"type": "Feature", "geometry": {"type": "Polygon", "coordinates": [[[9400.0, 75.0], [9400.0, 37.5], [9500.0, 37.5], [9500.0, 75.0], [9400.0, 75.0]]]}, "properties": {"max_depth": 300.0}}, {"type": "Feature", "geometry": {"type": "Polygon", "coordinates": [[[9500.0, 75.0], [9500.0, 37.5], [9600.0, 37.5], [9600.0, 75.0], [9500.0, 75.0]]]}, "properties": {"max_depth": 245.189208984375}}, {"type": "Feature", "geometry": {"type": "Polygon", "coordinates": [[[9600.0, 75.0], [9600.0, 37.5], [9700.0, 37.5], [9700.0, 75.0], [9600.0, 75.0]]]}, "properties": {"max_depth": 269.14349365234375}}, {"type": "Feature", "geometry": {"type": "Polygon", "coordinates": [[[9700.0, 75.0], [9700.0, 37.5], [9800.0, 37.5], [9800.0, 75.0], [9700.0, 75.0]]]}, "properties": {"max_depth": 218.6077880859375}}, {"type": "Feature", "geometry": {"type": "Polygon", "coordinates": [[[9800.0, 75.0], [9800.0, 37.5], [9900.0, 37.5], [9900.0, 75.0], [9800.0, 75.0]]]}, "properties": {"max_depth": 253.77540588378906}}, {"type": "Feature", "geometry": {"type": "Polygon", "coordinates": [[[9900.0, 75.0], [9900.0, 37.5], [10000.0, 37.5], [10000.0, 75.0], [9900.0, 75.0]]]}, "properties": {"max_depth": 55.94905090332031}}, {"type": "Feature", "geometry": {"type": "Polygon", "coordinates": [[[100.0, 75.0], [100.0, 0.0], [200.0, 0.0], [200.0, 75.0], [100.0, 75.0]]]}, "properties": {"max_depth": 256.8999938964844}}, {"type": "Feature", "geometry": {"type": "Polygon", "coordinates": [[[0.0, 37.5], [0.0, 0.0], [100.0, 0.0], [100.0, 37.5], [0.0, 37.5]]]}, "properties": {"max_depth": 256.5}}, {"type": "Feature", "geometry": {"type": "Polygon", "coordinates": [[[200.0, 1500.0], [200.0, 1462.5], [1300.0, 1462.5], [1300.0, 1387.5], [1500.0, 1387.5], [1500.0, 1350.0], [1600.0, 1350.0], [1600.0, 1312.5], [2100.0, 1312.5], [2100.0, 1275.0], [2000.0, 1275.0], [2000.0, 1237.5], [1900.0, 1237.5], [1900.0, 1200.0], [1700.0, 1200.0], [1700.0, 1125.0], [1500.0, 1125.0], [1500.0, 1087.5], [1600.0, 1087.5], [1600.0, 1050.0], [1500.0, 1050.0], [1500.0, 975.0], [1400.0, 975.0], [1400.0, 937.5], [1200.0, 937.5], [1200.0, 825.0], [1100.0, 825.0], [1100.0, 750.0], [1000.0, 750.0], [1000.0, 787.5], [800.0, 787.5], [800.0, 712.5], [1100.0, 712.5], [1100.0, 562.5], [1200.0, 562.5], [1200.0, 525.0], [1300.0, 525.0], [1300.0, 487.5], [1400.0, 487.5], [1400.0, 412.5], [1500.0, 412.5], [1500.0, 337.5], [1600.0, 337.5], [1600.0, 300.0], [1700.0, 300.0], [1700.0, 262.5], [1800.0, 262.5], [1800.0, 225.0], [1600.0, 225.0], [1600.0, 187.5], [1500.0, 187.5], [1500.0, 150.0], [1400.0, 150.0], [1400.0, 75.0], [1300.0, 75.0], [1300.0, 37.5], [1200.0, 37.5], [1200.0, 75.0], [900.0, 75.0], [900.0, 37.5], [800.0, 37.5], [800.0, 75.0], [700.0, 75.0], [700.0, 37.5], [200.0, 37.5], [200.0, 0.0], [9300.0, 0.0], [9300.0, 75.0], [9400.0, 75.0], [9400.0, 112.5], [9500.0, 112.5], [9500.0, 225.0], [9400.0, 225.0], [9400.0, 262.5], [9300.0, 262.5], [9300.0, 337.5], [9400.0, 337.5], [9400.0, 300.0], [9500.0, 300.0], [9500.0, 412.5], [9800.0, 412.5], [9800.0, 450.0], [9500.0, 450.0], [9500.0, 487.5], [9700.0, 487.5], [9700.0, 525.0], [9800.0, 525.0], [9800.0, 562.5], [9500.0, 562.5], [9500.0, 600.0], [9700.0, 600.0], [9700.0, 637.5], [9500.0, 637.5], [9500.0, 675.0], [9600.0, 675.0], [9600.0, 712.5], [9700.0, 712.5], [9700.0, 750.0], [9600.0, 750.0], [9600.0, 787.5], [9500.0, 787.5], [9500.0, 825.0], [9600.0, 825.0], [9600.0, 862.5], [9400.0, 862.5], [9400.0, 900.0], [9600.0, 900.0], [9600.0, 937.5], [9500.0, 937.5], [9500.0, 975.0], [9600.0, 975.0], [9600.0, 1050.0], [9400.0, 1050.0], [9400.0, 1087.5], [9500.0, 1087.5], [9500.0, 1125.0], [9400.0, 1125.0], [9400.0, 1200.0], [9300.0, 1200.0], [9300.0, 1275.0], [9200.0, 1275.0], [9200.0, 1312.5], [9100.0, 1312.5], [9100.0, 1275.0], [9000.0, 1275.0], [9000.0, 1312.5], [8900.0, 1312.5], [8900.0, 1425.0], [9100.0, 1425.0], [9100.0, 1462.5], [9300.0, 1462.5], [9300.0, 1500.0], [200.0, 1500.0]], [[1400.0, 1462.5], [1500.0, 1462.5], [1500.0, 1425.0], [1400.0, 1425.0], [1400.0, 1462.5]], [[8500.0, 1425.0], [8800.0, 1425.0], [8800.0, 1387.5], [8500.0, 1387.5], [8500.0, 1425.0]], [[8700.0, 1350.0], [8800.0, 1350.0], [8800.0, 1312.5], [8700.0, 1312.5], [8700.0, 1350.0]], [[8900.0, 1275.0], [9000.0, 1275.0], [9000.0, 1237.5], [8900.0, 1237.5], [8900.0, 1275.0]], [[2000.0, 1200.0], [2100.0, 1200.0], [2100.0, 1125.0], [2000.0, 1125.0], [2000.0, 1200.0]], [[1800.0, 1125.0], [2000.0, 1125.0], [2000.0, 1012.5], [1900.0, 1012.5], [1900.0, 1087.5], [1800.0, 1087.5], [1800.0, 1125.0]], [[1700.0, 1050.0], [1800.0, 1050.0], [1800.0, 1012.5], [1700.0, 1012.5], [1700.0, 1050.0]], [[1600.0, 975.0], [1700.0, 975.0], [1700.0, 937.5], [1600.0, 937.5], [1600.0, 975.0]], [[1300.0, 787.5], [1500.0, 787.5], [1500.0, 750.0], [1300.0, 750.0], [1300.0, 787.5]], [[2500.0, 637.5], [2600.0, 637.5], [2600.0, 600.0], [2700.0, 600.0], [2700.0, 562.5], [2500.0, 562.5], [2500.0, 637.5]], [[1500.0, 562.5], [1700.0, 562.5], [1700.0, 525.0], [1500.0, 525.0], [1500.0, 562.5]], [[2300.0, 525.0], [2400.0, 525.0], [2400.0, 487.5], [2300.0, 487.5], [2300.0, 525.0]], [[2600.0, 525.0], [2800.0, 525.0], [2800.0, 487.5], [2600.0, 487.5], [2600.0, 525.0]], [[1600.0, 487.5], [1800.0, 487.5], [1800.0, 450.0], [1900.0, 450.0], [1900.0, 412.5], [1800.0, 412.5], [1800.0, 375.0], [1700.0, 375.0], [1700.0, 450.0], [1600.0, 450.0], [1600.0, 487.5]], [[2400.0, 412.5], [2500.0, 412.5], [2500.0, 375.0], [2400.0, 375.0], [2400.0, 412.5]]]}, "properties": {"max_depth": 300.0}}, {"type": "Feature", "geometry": {"type": "Polygon", "coordinates": [[[9300.0, 37.5], [9300.0, 0.0], [9400.0, 0.0], [9400.0, 37.5], [9300.0, 37.5]]]}, "properties": {"max_depth": 204.6338653564453}}, {"type": "Feature", "geometry": {"type": "Polygon", "coordinates": [[[9400.0, 37.5], [9400.0, 0.0], [9500.0, 0.0], [9500.0, 37.5], [9400.0, 37.5]]]}, "properties": {"max_depth": 296.04449462890625}}, {"type": "Feature", "geometry": {"type": "Polygon", "coordinates": [[[9500.0, 37.5], [9500.0, 0.0], [9600.0, 0.0], [9600.0, 37.5], [9500.0, 37.5]]]}, "properties": {"max_depth": 191.6110382080078}}, {"type": "Feature", "geometry": {"type": "Polygon", "coordinates": [[[9600.0, 37.5], [9600.0, 0.0], [9700.0, 0.0], [9700.0, 37.5], [9600.0, 37.5]]]}, "properties": {"max_depth": 283.145263671875}}, {"type": "Feature", "geometry": {"type": "Polygon", "coordinates": [[[9700.0, 37.5], [9700.0, 0.0], [9800.0, 0.0], [9800.0, 37.5], [9700.0, 37.5]]]}, "properties": {"max_depth": 95.3738784790039}}, {"type": "Feature", "geometry": {"type": "Polygon", "coordinates": [[[9800.0, 37.5], [9800.0, 0.0], [9900.0, 0.0], [9900.0, 37.5], [9800.0, 37.5]]]}, "properties": {"max_depth": 248.96795654296875}}]}