MonsoonIntensity,TopographyDrainage,RiverManagement,Deforestation,Urbanization,ClimateChange,DamsQuality,Siltation,AgriculturalPractices,Encroachments,IneffectiveDisasterPreparedness,DrainageSystems,CoastalVulnerability,Landslides,Watersheds,DeterioratingInfrastructure,PopulationScore,WetlandLoss,InadequatePlanning,PoliticalFactors,FloodProbability
6,9,10,9,9,5,6,7,9,4,6,6,8,2,8,8,9,5,8,5,0.7867
6,8,2,2,9,4,4,8,2,2,6,4,6,7,4,12,6,9,3,7,0.665
5,3,4,12,10,7,6,6,3,4,7,4,11,2,5,3,3,7,8,3,0.6787
7,3,7,7,6,8,5,8,7,5,7,5,3,9,5,6,5,7,3,6,0.6977
6,5,6,2,9,8,4,8,6,5,7,2,8,13,8,6,5,3,3,10,0.7424
4,8,10,2,8,8,5,6,2,5,4,10,4,9,6,4,1,6,2,6,0.6214
6,6,3,0,3,7,2,5,8,4,5,7,6,7,7,8,4,4,6,1,0.5707
4,8,2,6,14,9,11,8,3,3,4,2,13,7,10,8,6,7,8,3,0.7821
7,5,6,9,14,8,6,11,7,2,9,10,7,7,6,8,4,12,7,9,0.8648
7,3,8,4,6,5,8,5,8,6,10,3,7,5,2,10,3,6,2,5,0.642
4,3,6,5,5,7,4,7,4,6,1,8,6,8,8,5,4,5,6,5,0.6164
7,5,5,6,2,7,11,6,2,7,6,7,6,5,10,7,3,5,4,5,0.5981
6,2,8,5,11,2,8,5,8,11,6,8,6,3,7,8,3,10,2,3,0.6761
6,6,8,11,5,8,6,6,3,3,8,8,5,3,6,5,9,7,7,0,0.6501
6,4,3,6,6,6,5,4,5,6,2,7,10,9,14,2,6,3,4,5,0.6472
6,6,7,5,9,5,2,10,7,5,1,8,4,6,11,4,5,5,6,8,0.6936
6,6,2,5,3,8,1,5,6,7,1,7,6,7,9,5,6,5,6,10,0.6601
3,13,5,4,5,6,5,7,3,8,5,7,8,5,4,5,4,4,3,5,0.6182
6,11,9,5,4,8,5,6,5,3,4,6,5,5,6,5,7,6,3,6,0.6524
2,8,6,6,8,2,6,10,8,6,8,4,4,4,8,6,7,7,7,5,0.6819
10,10,3,11,4,8,5,11,6,2,3,5,7,7,3,4,5,6,4,3,0.7227
5,4,5,8,7,3,6,3,15,2,3,7,7,6,6,3,6,4,7,3,0.663
4,8,6,8,4,1,5,6,4,6,6,5,11,4,7,7,6,5,6,6,0.6547
3,3,2,6,6,4,8,9,4,7,7,6,4,4,8,3,1,10,5,9,0.5984
9,8,5,5,3,5,6,5,7,6,6,5,9,2,4,8,6,5,5,4,0.6483
5,6,5,7,7,7,7,5,8,5,6,4,4,4,5,4,4,5,8,2,0.6444
5,8,5,5,6,4,6,1,9,4,5,3,6,4,3,7,9,1,6,6,0.597
7,8,9,8,4,7,8,4,7,5,4,9,7,6,5,7,8,8,6,7,0.7036
7,7,7,1,6,6,6,6,10,7,7,7,7,5,6,4,6,6,3,4,0.6672
5,7,5,7,7,12,5,7,6,7,4,2,5,10,8,9,9,6,7,6,0.7616
3,7,5,9,7,4,3,4,6,5,2,9,5,9,8,5,8,6,9,5,0.6842
5,3,5,5,4,4,3,7,4,7,5,3,5,6,4,4,6,6,4,7,0.5965
5,6,6,11,5,9,6,9,8,5,8,6,9,6,7,7,3,7,6,8,0.7818
10,3,7,7,8,10,5,4,5,3,7,5,6,3,6,3,6,9,11,1,0.7074
10,4,7,9,3,5,5,5,11,5,6,6,7,4,6,8,5,5,7,4,0.7241
5,2,9,8,5,10,6,8,7,7,11,7,4,6,5,7,5,2,5,3,0.711
3,8,5,7,7,5,7,4,1,3,8,7,3,9,8,6,15,7,8,4,0.711
5,9,4,7,5,6,5,8,7,5,4,6,5,5,12,5,5,7,9,8,0.6963
7,8,3,6,2,6,5,4,8,4,5,7,5,7,5,6,7,2,7,9,0.6474
8,10,9,4,4,5,2,2,6,9,8,7,6,3,7,8,10,8,7,13,0.7554
8,4,8,6,7,7,9,8,8,10,6,6,8,9,6,7,8,8,5,12,0.8373
2,6,6,6,4,10,4,8,8,5,2,4,4,8,4,3,4,8,5,4,0.589
4,6,8,5,7,5,6,3,9,10,4,8,4,7,9,7,3,7,3,11,0.698
9,7,9,3,5,3,4,12,8,6,5,8,5,9,6,7,8,8,7,6,0.7624
9,3,4,5,2,4,3,5,8,5,5,9,3,7,8,10,11,4,7,12,0.7215
11,6,7,6,4,4,4,7,4,9,13,7,7,4,5,5,3,5,4,6,0.7158
9,7,6,6,6,4,5,4,4,4,9,6,5,5,4,4,2,3,6,6,0.6559
4,3,5,4,5,8,5,3,8,7,9,2,5,9,7,4,7,4,9,8,0.6687
4,3,6,7,8,9,8,8,9,4,5,4,6,5,9,5,7,6,10,8,0.7265
3,6,8,5,6,5,6,7,3,7,6,4,8,6,8,6,4,11,9,4,0.6565
4,9,9,5,7,11,6,8,2,6,8,4,4,4,6,5,6,2,5,0,0.6334
5,7,7,8,4,9,6,5,8,3,2,6,8,8,6,5,8,7,3,4,0.6863
6,7,8,6,7,7,5,3,6,7,7,6,8,4,7,8,9,8,2,7,0.7197
6,4,7,8,3,7,7,5,10,5,4,5,5,6,2,6,3,5,5,8,0.6393
4,6,5,10,10,4,4,5,5,4,6,5,4,5,6,6,5,9,7,5,0.6776
10,5,4,7,3,6,6,7,7,4,8,4,6,5,6,4,4,6,8,2,0.6568
3,6,5,10,8,7,6,4,2,5,6,4,4,2,9,3,6,2,7,5,0.595
1,10,8,7,4,7,6,3,2,8,6,10,4,6,2,5,6,7,11,4,0.628
5,5,7,3,4,5,7,6,5,7,4,9,2,10,5,4,5,4,5,8,0.6091
5,7,4,5,3,4,7,7,4,8,5,6,7,7,4,6,3,4,4,4,0.5862
5,7,4,11,6,8,5,6,8,3,5,8,4,9,2,5,7,2,7,5,0.7077
5,5,11,7,5,9,2,2,5,6,5,5,7,3,7,12,7,3,8,5,0.7058
4,1,8,8,6,9,5,5,3,5,6,9,5,9,9,9,4,4,5,2,0.6733
10,8,7,5,9,5,8,7,6,5,7,5,7,5,6,4,6,3,2,6,0.7213
3,5,7,6,4,4,7,8,7,6,5,3,3,9,8,6,4,6,7,8,0.6735
2,4,6,8,1,10,3,5,8,4,1,6,6,4,8,8,11,4,6,4,0.5735
5,5,7,6,10,7,0,4,5,5,4,5,6,4,5,10,4,2,7,8,0.6673
9,3,4,6,10,7,2,5,5,7,11,2,7,5,9,2,8,7,2,3,0.7492
6,8,10,5,8,6,6,4,6,5,4,9,8,5,4,5,7,6,7,5,0.6871
8,9,7,6,5,5,4,4,5,9,7,6,7,6,13,9,4,6,4,6,0.7258
8,6,8,6,7,4,6,7,7,9,4,4,3,7,5,9,8,7,7,3,0.712
7,5,5,8,4,4,6,8,5,4,5,4,3,2,6,2,6,6,1,11,0.5964
8,2,4,5,10,13,6,3,6,5,8,8,2,6,7,7,6,2,6,5,0.7241
3,6,8,4,7,6,8,4,6,5,9,4,7,6,5,5,8,3,3,8,0.6281
4,5,9,4,10,8,2,7,6,5,10,6,9,6,4,7,7,7,10,7,0.7269
3,4,3,3,6,1,9,4,8,3,9,8,8,7,8,5,7,2,4,6,0.5933
4,10,2,5,2,7,5,8,8,7,9,1,4,4,9,7,7,5,6,8,0.6539
9,4,6,6,6,4,6,7,5,10,3,4,5,7,5,5,10,8,3,2,0.7077
4,2,8,8,10,4,7,3,10,9,9,7,3,4,4,7,8,6,3,5,0.676
4,3,5,9,11,5,4,4,4,3,7,5,8,3,7,3,5,10,7,5,0.6685
4,6,4,5,5,7,5,9,6,8,6,3,3,4,8,7,3,6,3,5,0.6191
8,3,8,4,5,7,10,8,3,5,6,12,1,6,8,9,9,3,4,5,0.6445
5,8,4,2,10,3,8,6,6,9,5,5,5,5,4,5,7,2,8,4,0.6412
7,5,2,6,1,8,3,5,6,13,4,5,8,7,6,5,7,5,6,6,0.6768
11,4,5,3,5,2,8,3,4,7,1,3,10,3,9,7,3,6,9,7,0.6384
8,10,5,6,5,8,7,4,4,12,5,6,3,8,3,11,2,3,6,4,0.6664
5,4,5,6,8,6,8,7,8,4,6,6,5,7,7,8,3,7,9,6,0.6899
11,7,7,4,7,5,6,7,2,5,13,6,5,9,2,6,6,6,8,4,0.7886
6,12,7,8,3,4,7,3,4,4,4,7,7,4,8,5,7,8,5,0,0.6394
6,5,7,5,10,4,8,7,6,3,6,7,5,7,5,6,8,7,5,7,0.6967
8,8,5,9,6,8,6,4,7,6,4,7,9,3,7,6,13,3,8,4,0.739
12,6,7,4,9,1,8,6,8,9,10,7,15,5,5,9,7,6,5,8,0.8313
8,4,8,2,3,6,5,5,7,4,7,2,6,6,8,11,7,6,3,8,0.6793
11,2,2,8,3,5,5,9,9,6,2,9,3,6,1,3,7,8,7,9,0.7102
4,8,4,6,4,8,10,5,11,4,6,8,5,4,3,5,4,5,4,6,0.6086
2,3,6,1,6,5,6,6,7,4,2,5,5,11,6,4,6,9,7,8,0.5915
6,8,6,8,5,5,2,5,12,8,3,5,8,3,6,7,2,7,6,4,0.6291
8,5,5,11,2,1,7,4,6,4,9,3,9,8,2,5,7,3,8,7,0.6924
6,8,6,6,5,7,10,6,11,4,6,8,7,5,5,3,8,5,5,9,0.6839
2,3,7,6,8,4,8,9,8,2,4,7,8,8,5,3,6,7,2,5,0.6153
5,7,6,6,6,3,5,7,2,10,5,6,6,4,6,7,8,5,9,4,0.6669
6,2,8,4,9,3,4,6,6,9,3,5,8,5,5,2,11,6,2,3,0.6561
3,6,5,6,8,4,3,7,7,7,10,3,8,9,2,4,6,2,8,11,0.7108
4,4,6,8,5,6,5,6,3,4,4,5,8,5,7,3,8,6,12,9,0.646
6,8,8,8,9,5,6,3,10,4,8,5,7,6,6,10,9,3,4,3,0.755
5,9,5,4,3,10,10,2,10,6,7,8,7,7,6,5,4,3,12,3,0.6698
5,3,3,5,6,3,4,6,4,7,8,4,7,7,6,6,4,7,5,11,0.6489
8,3,10,6,8,6,1,4,7,7,2,12,9,8,7,4,5,7,8,4,0.7876
6,3,7,11,5,8,8,4,4,4,6,6,3,8,3,8,5,2,6,7,0.6577
4,4,7,2,6,3,5,6,4,7,8,7,8,5,5,9,6,8,2,4,0.6235
3,3,4,5,6,7,5,7,6,8,2,4,4,4,3,7,2,9,7,5,0.5693
5,5,2,5,3,6,12,6,4,7,6,4,2,5,8,4,3,6,9,6,0.5915
6,5,4,5,8,9,8,7,6,4,6,7,7,3,7,7,7,3,4,6,0.6574
6,7,4,6,4,4,2,4,5,6,6,6,6,2,8,10,2,7,5,11,0.6204
6,7,11,6,4,11,4,5,8,4,7,10,5,6,5,8,9,5,5,7,0.7177
4,9,7,6,9,2,7,10,7,5,3,5,5,6,5,8,3,7,3,5,0.6456
5,6,6,7,5,3,4,3,7,7,10,6,5,5,8,6,7,9,2,8,0.6821
7,5,5,1,7,8,3,4,6,3,1,3,4,10,5,4,8,4,3,8,0.6013
9,7,12,5,2,4,6,5,8,6,4,5,7,4,6,11,6,5,6,4,0.6918
5,9,3,11,4,13,5,4,6,7,9,9,4,3,8,7,5,3,5,5,0.7058
4,3,2,9,11,5,5,5,7,6,5,3,9,9,9,5,11,2,7,7,0.774
6,5,9,7,1,4,7,8,3,9,5,9,4,5,6,9,6,3,3,5,0.6292
4,7,5,3,6,12,6,7,7,5,8,4,6,3,6,8,7,4,2,6,0.6329
9,3,6,3,5,9,2,2,6,7,5,5,7,6,8,6,6,4,4,5,0.6695
7,7,8,11,4,5,5,8,6,5,10,5,7,10,6,10,6,3,4,3,0.7882
6,6,4,5,9,5,4,7,8,8,12,9,7,5,5,4,6,11,12,10,0.8023
3,4,5,7,8,8,6,6,3,7,9,5,11,7,4,3,7,7,4,3,0.6702
10,8,6,7,9,6,2,9,3,7,4,3,3,9,7,6,7,6,10,2,0.8025
8,2,4,10,2,9,4,3,7,4,8,6,11,9,6,10,3,2,9,7,0.7473
7,10,8,3,2,8,6,5,5,5,2,4,5,2,2,5,7,4,3,5,0.565
6,6,8,7,6,8,2,3,7,5,3,5,7,7,11,2,7,1,10,4,0.6836
3,10,7,1,5,5,5,3,4,6,6,11,5,11,5,8,6,6,6,9,0.6281
9,4,3,2,5,9,8,4,2,6,10,2,5,10,7,7,4,2,9,4,0.646
7,8,5,3,3,4,5,9,6,1,8,7,4,4,8,5,7,4,6,6,0.6187
6,4,5,0,3,9,6,7,5,2,6,2,5,4,13,6,3,7,6,5,0.5837
9,8,4,5,7,3,5,5,2,5,5,5,6,6,8,6,7,7,7,11,0.7251
4,10,6,6,5,3,11,11,2,4,4,4,4,5,6,0,8,4,4,7,0.5711
9,6,4,4,4,7,11,7,6,7,2,6,2,4,6,7,8,6,4,4,0.6248
5,2,7,4,2,9,7,9,5,4,6,4,8,9,6,7,8,2,5,6,0.6424
6,7,6,7,6,6,2,10,9,4,6,6,7,8,7,6,6,7,6,7,0.7555
2,7,6,7,6,10,7,5,3,3,8,9,6,6,11,7,5,2,5,4,0.634
8,7,7,3,4,4,9,11,2,5,8,4,0,8,6,6,6,9,5,4,0.6552
3,8,6,7,5,5,4,3,3,6,9,5,3,5,1,1,5,4,5,6,0.5658
5,10,3,5,10,6,9,9,3,7,6,8,4,4,4,7,5,6,3,6,0.654
3,7,6,9,5,5,6,4,9,8,7,7,7,8,7,10,9,2,7,7,0.7406
4,10,4,5,3,7,2,6,6,6,12,7,7,9,8,7,2,5,8,8,0.6928
7,7,5,4,6,2,5,5,2,1,6,7,8,8,2,8,5,9,7,6,0.6463
4,7,5,5,3,8,5,8,7,1,5,4,5,8,10,7,9,8,7,6,0.6715
5,9,6,8,3,0,5,11,3,11,5,5,8,4,4,7,7,3,5,9,0.6576
5,6,8,5,8,6,10,7,6,8,8,2,4,3,1,6,4,9,12,2,0.6972
7,8,7,9,6,4,3,4,9,7,5,4,5,7,4,1,6,9,6,9,0.7296
5,8,8,3,9,10,4,6,1,3,8,3,4,2,7,6,10,7,6,9,0.6772
3,7,7,6,7,14,4,8,9,5,6,4,5,9,7,5,6,4,7,3,0.7064
6,3,12,8,8,8,10,3,7,4,9,8,5,1,2,3,7,9,3,5,0.6478
5,5,8,8,6,5,7,7,5,6,7,8,4,9,5,5,4,6,7,7,0.6919
4,5,8,6,6,9,6,5,9,5,13,7,6,4,9,7,4,5,5,4,0.6863
3,1,4,6,5,8,5,6,6,6,5,8,6,8,4,2,9,9,3,6,0.6099
7,8,5,11,11,6,11,8,9,4,4,6,12,7,7,6,4,6,3,2,0.7518
7,9,2,4,5,5,4,7,4,9,8,1,5,7,5,11,6,9,8,8,0.7181
8,0,6,5,6,6,5,6,8,3,4,2,6,7,9,4,11,7,7,6,0.663
2,3,4,4,7,8,8,4,2,8,10,5,5,3,3,9,10,6,9,5,0.6086
8,5,3,11,6,4,6,5,8,5,4,6,5,4,4,8,9,7,7,6,0.7073
3,7,2,4,4,4,5,4,5,6,6,7,2,5,10,5,2,7,7,11,0.5796
7,7,5,3,7,9,4,5,6,7,2,7,8,3,7,9,3,10,4,3,0.6532
3,5,4,10,6,8,6,6,5,8,5,7,5,9,6,4,2,6,10,4,0.6688
6,6,11,5,3,7,4,4,3,8,10,6,2,13,6,6,8,8,7,6,0.7214
5,3,8,4,9,5,2,4,6,4,8,7,5,3,1,8,5,6,6,7,0.6284
5,10,6,9,6,4,8,6,8,9,4,5,9,11,5,8,8,8,2,1,0.7875
6,5,5,7,7,3,3,2,6,9,9,7,7,2,12,4,4,5,4,10,0.7013
8,5,6,7,8,5,7,3,2,6,3,6,7,13,4,8,5,6,6,5,0.7333
5,4,4,8,7,7,2,4,8,10,6,7,8,1,6,7,7,4,3,9,0.6663
4,2,6,5,8,3,4,5,3,7,3,6,5,4,9,5,8,5,6,4,0.6104
9,2,4,5,5,12,7,6,9,9,9,6,2,9,3,8,4,4,7,2,0.7104
6,9,6,5,4,5,4,4,7,6,8,6,5,5,10,7,1,5,5,5,0.6481
11,7,3,6,5,10,6,5,7,5,7,6,4,5,9,7,6,4,7,4,0.7382
5,11,4,7,9,6,3,9,8,6,4,5,8,11,13,4,12,7,11,11,0.8812
6,3,8,6,8,3,6,6,4,4,7,4,6,4,4,8,6,4,3,2,0.6082
11,9,11,9,6,7,6,7,5,4,6,7,12,2,13,3,8,2,6,9,0.8005
4,8,8,3,7,6,6,10,6,5,8,6,5,2,4,4,5,2,3,4,0.6209
4,8,6,6,8,4,5,6,4,7,6,8,8,5,3,4,5,6,4,8,0.6173
8,6,8,8,5,8,4,7,6,4,3,4,3,1,6,7,7,5,7,9,0.6579
5,10,5,6,3,11,6,4,6,3,5,4,7,6,7,5,6,9,3,3,0.6342
11,6,7,6,4,4,2,4,9,8,5,7,10,7,6,7,12,6,8,4,0.8231
5,5,4,7,6,6,8,5,10,15,10,2,0,2,8,4,7,9,5,5,0.6691
4,4,8,8,9,8,7,3,9,8,7,3,6,8,7,6,11,11,5,10,0.8213
4,5,8,1,8,5,6,10,5,7,4,10,4,10,7,6,9,9,9,4,0.6943
7,5,5,6,6,3,8,5,10,4,4,6,9,8,6,8,7,4,4,7,0.6922
8,5,5,5,0,9,7,11,4,8,9,7,8,8,7,7,10,7,3,5,0.7316
4,3,1,3,5,5,8,3,7,4,11,5,5,3,7,9,4,4,6,8,0.5713
3,7,9,8,7,8,3,9,6,2,7,8,6,6,8,5,9,5,4,5,0.6543
8,4,4,10,6,7,6,4,7,6,6,4,6,6,4,3,8,9,4,5,0.6884
8,4,5,4,6,6,5,5,4,7,3,8,5,7,5,8,3,6,8,9,0.6722
8,4,6,9,3,4,7,8,6,3,4,4,5,6,7,5,4,4,7,2,0.6432
3,1,8,6,8,3,7,6,6,11,10,4,3,6,3,6,9,3,7,6,0.663
3,4,2,5,4,7,10,4,6,7,6,5,2,6,11,10,7,9,12,4,0.6801
5,6,8,7,10,4,5,6,8,8,5,10,4,6,5,8,5,8,1,6,0.709
10,4,6,11,8,2,5,4,7,3,5,11,6,8,5,3,8,7,9,4,0.7722
9,3,2,7,4,8,8,4,7,7,11,7,4,6,5,8,1,4,8,4,0.684
5,5,8,8,9,2,5,5,4,6,2,2,10,5,7,6,4,8,8,11,0.7099
3,7,5,6,11,7,5,2,7,4,5,8,9,3,3,10,3,3,5,3,0.6116
10,5,6,4,7,9,4,7,5,3,3,4,3,4,9,5,7,4,8,4,0.7039
10,6,7,6,5,5,8,3,8,3,8,9,8,5,4,3,7,3,10,5,0.7018
4,5,5,5,12,9,9,8,8,5,9,8,5,4,7,6,6,6,2,8,0.7289
5,5,9,4,5,4,4,3,5,4,6,7,4,5,2,10,3,7,7,2,0.5934
7,6,5,6,6,5,4,6,5,5,3,9,8,9,7,7,7,6,4,9,0.7376
1,6,4,7,6,4,9,7,4,5,5,5,5,5,3,3,6,5,7,6,0.5753
7,6,6,6,3,8,7,7,6,6,7,6,5,6,2,6,5,5,5,2,0.6028
6,10,5,6,7,7,7,5,3,8,3,7,5,2,6,2,9,1,2,8,0.6397
8,6,4,3,4,1,5,5,4,7,4,5,7,6,10,8,7,3,13,8,0.6828
9,8,6,5,10,9,6,6,4,4,4,6,7,6,7,4,4,5,8,2,0.7173
1,8,4,10,6,3,6,9,10,11,12,8,5,7,5,9,5,2,7,7,0.7129
10,6,7,11,7,7,10,10,10,4,2,8,8,10,14,3,11,2,3,6,0.85
4,4,7,2,9,4,4,10,6,7,7,7,9,4,4,6,3,5,6,4,0.6455
7,3,9,4,6,4,7,6,7,8,3,5,7,5,4,7,6,8,4,5,0.6502
6,6,3,4,7,15,8,5,5,2,10,14,4,4,7,6,4,7,4,3,0.6512
7,2,10,3,6,10,2,9,10,9,8,1,5,7,4,6,6,6,8,2,0.7323
5,7,5,5,11,10,7,9,7,8,8,16,3,6,6,8,12,7,4,5,0.7886
7,8,4,1,8,6,7,5,8,8,11,3,5,4,6,6,4,6,5,9,0.6562
7,8,1,3,8,5,8,5,5,6,5,7,6,5,5,5,3,5,10,7,0.6534
2,3,8,6,3,9,4,8,7,4,7,5,2,8,6,6,4,7,6,4,0.6051
4,6,3,5,7,8,9,5,4,5,3,7,5,5,8,4,8,6,7,10,0.6539
2,8,10,6,5,2,5,5,8,2,3,3,8,7,3,6,10,4,7,6,0.6141
6,7,1,5,4,10,9,3,10,4,12,7,6,6,5,6,5,8,5,7,0.6856
6,5,4,7,6,13,4,10,7,6,6,2,12,6,2,6,5,2,7,4,0.7305
7,4,7,6,9,3,4,2,8,8,15,7,5,3,5,6,7,9,3,4,0.7079
7,6,4,6,8,6,4,6,4,2,3,3,9,2,11,2,7,3,6,7,0.6514
2,4,4,6,8,5,5,5,6,4,7,9,13,9,4,4,7,5,4,9,0.67
4,7,7,10,8,4,3,5,6,5,7,5,2,4,5,6,3,7,7,3,0.6449
6,7,3,8,11,9,9,1,3,9,4,7,6,8,5,9,4,7,7,3,0.7763
6,8,8,5,9,8,4,7,4,6,7,6,7,4,6,11,6,4,3,3,0.7117
3,6,7,7,6,3,2,9,4,10,5,6,7,6,7,2,7,4,4,4,0.644
8,2,9,5,5,7,3,5,4,6,3,6,4,6,7,7,6,4,5,4,0.6618
8,5,5,2,9,4,8,6,2,4,6,3,4,4,4,7,7,9,10,10,0.6774
8,4,7,4,8,3,8,5,6,5,7,6,7,3,7,6,6,9,4,10,0.7037
7,2,6,5,10,7,6,6,0,8,4,2,3,8,7,7,5,5,6,6,0.7083
7,6,3,6,7,3,3,5,7,6,6,10,3,5,1,4,7,4,7,1,0.6206
7,5,6,6,7,5,6,7,4,4,5,6,8,10,3,11,6,7,6,4,0.7143
6,7,8,7,6,10,7,6,9,9,3,7,6,5,4,8,4,3,5,9,0.6933
6,6,6,8,4,5,6,3,6,9,6,6,4,5,8,8,4,2,7,4,0.6431
6,2,8,7,6,2,6,9,8,2,6,6,5,4,5,4,8,6,5,5,0.6299
8,4,10,10,4,3,12,5,5,4,4,9,9,5,11,6,8,3,6,4,0.6999
5,2,3,8,9,9,6,10,3,6,5,4,10,7,1,7,4,8,5,4,0.7029
7,8,3,8,7,10,4,3,6,5,13,5,2,10,4,5,5,6,6,6,0.7454
5,3,7,5,11,6,5,7,5,5,5,5,8,8,8,3,2,6,5,5,0.6843
8,6,6,5,5,12,4,10,9,5,7,5,6,12,4,7,9,9,7,6,0.8178
3,7,7,5,4,3,10,7,1,4,5,7,7,6,5,10,5,3,13,6,0.6387
5,6,4,7,11,7,4,3,4,9,4,5,5,7,7,6,4,4,6,6,0.7059
12,5,6,6,5,2,5,6,11,3,6,6,6,2,5,7,3,7,1,2,0.67
7,4,5,5,6,4,4,6,4,3,6,5,4,7,5,7,5,5,7,9,0.667
8,8,4,9,6,3,5,3,3,6,9,8,6,8,10,7,11,9,5,5,0.7943
12,2,7,10,5,4,5,9,3,4,5,8,11,9,7,4,5,10,7,9,0.8233
2,1,7,8,6,4,7,9,5,5,7,7,9,3,9,7,6,8,5,7,0.634
6,7,10,9,6,1,8,9,6,3,5,5,7,3,4,8,4,5,4,8,0.6479
4,4,3,9,4,2,8,5,5,8,3,5,9,6,7,8,4,5,3,7,0.6088
8,5,5,3,5,6,3,6,6,6,4,6,4,4,9,6,3,3,5,3,0.578
8,4,4,7,4,6,5,1,7,5,4,3,6,7,3,4,7,6,5,12,0.6594
3,8,3,2,9,10,7,9,9,6,6,6,3,10,4,3,7,1,7,8,0.6961
2,6,11,4,3,6,6,9,8,9,8,4,6,5,5,7,6,5,9,6,0.6541
6,6,2,4,3,3,9,5,7,7,7,6,5,5,3,9,8,8,2,4,0.6037
5,4,10,8,7,8,7,7,3,3,12,5,7,6,3,6,11,10,5,5,0.7475
7,4,8,6,2,3,10,14,8,3,6,6,6,7,6,8,9,4,9,3,0.6745
5,7,8,6,6,4,6,8,5,6,6,3,7,8,4,6,5,7,7,4,0.6989
5,6,5,7,6,11,6,4,9,6,8,7,4,6,6,9,3,5,7,7,0.744
6,3,7,6,4,2,2,5,1,9,7,8,7,6,12,4,5,8,4,6,0.6253
10,3,7,6,5,7,6,10,3,5,10,5,7,5,6,5,4,6,4,9,0.7129
9,4,4,5,6,7,6,5,5,5,6,2,6,1,3,4,5,5,6,4,0.6033
6,1,3,5,6,6,7,7,4,7,8,3,5,3,4,4,7,5,10,6,0.6121
5,7,0,3,5,8,3,5,5,9,7,4,5,4,2,6,5,6,5,5,0.5737
6,6,7,6,9,3,6,7,10,2,8,9,3,7,12,5,10,3,7,8,0.7573
10,6,7,4,3,4,7,7,3,9,5,5,3,10,3,8,8,4,6,8,0.6893
6,4,6,5,7,5,5,3,10,11,9,6,6,9,4,5,5,8,5,7,0.745
3,4,8,6,3,8,5,8,5,7,2,5,2,5,6,5,7,10,3,4,0.5727
3,7,4,8,6,8,6,7,5,10,5,7,8,13,7,6,6,5,6,5,0.7531
5,8,5,9,6,9,4,3,5,7,8,8,11,5,7,10,6,6,6,4,0.7273
9,7,3,4,7,2,9,7,7,5,5,6,8,2,5,9,9,8,10,4,0.7132
6,2,7,2,4,6,8,5,5,6,5,6,4,4,7,7,4,2,4,3,0.5349
3,6,3,6,4,4,5,5,5,4,6,3,11,5,3,4,6,3,7,5,0.5441
7,5,6,8,8,6,8,3,1,9,5,6,8,3,5,10,6,1,4,6,0.6414
9,7,9,6,5,4,4,4,5,7,3,4,9,10,3,2,5,4,5,4,0.7008
6,4,4,2,5,4,7,5,4,12,8,4,5,4,3,8,3,9,8,9,0.6278
5,5,4,3,4,4,6,4,1,5,7,6,5,7,9,7,4,5,3,9,0.5793
10,10,10,3,6,6,8,9,7,7,5,1,8,6,5,1,5,12,9,8,0.7735
7,3,3,4,3,3,6,7,7,4,6,2,6,9,5,8,11,5,3,4,0.5987
7,4,6,3,8,8,3,3,4,8,4,11,6,3,4,4,4,5,4,9,0.6612
7,10,3,5,4,7,6,6,5,7,8,5,8,4,5,6,7,4,11,3,0.655
9,3,12,8,8,8,6,4,6,5,7,9,3,10,5,7,5,9,6,6,0.8167
3,3,5,2,6,5,9,7,4,3,5,9,7,6,6,5,7,3,7,13,0.5981
2,2,7,6,4,1,7,1,6,7,6,4,5,7,8,5,3,9,5,3,0.5329
8,6,5,8,10,7,12,6,8,5,7,11,6,7,6,7,10,6,4,4,0.7515
5,6,7,9,5,5,4,7,4,7,5,8,6,3,3,2,4,5,8,6,0.6168
5,7,7,5,6,9,5,1,9,5,9,5,7,6,9,6,3,4,10,5,0.7002
6,12,11,9,9,5,3,6,6,5,6,3,0,9,3,10,6,5,6,6,0.7861
3,8,5,12,4,4,3,5,9,6,3,8,7,3,8,4,10,10,5,6,0.6956
10,2,3,3,7,4,3,9,7,5,6,8,3,2,12,8,5,5,4,6,0.6821
6,7,2,5,6,5,3,8,5,2,5,10,8,3,4,5,7,4,4,2,0.5872
3,3,5,6,1,5,6,3,4,3,7,3,6,11,6,4,6,9,4,9,0.5941
2,4,13,7,4,6,2,5,5,9,8,7,3,3,8,7,6,8,1,3,0.6066
6,5,7,6,6,5,7,1,1,3,6,7,3,7,6,6,3,5,5,4,0.6071
6,6,4,7,6,3,14,7,6,4,5,9,6,8,3,6,5,13,2,6,0.6602
5,5,10,4,3,2,6,7,7,10,7,4,9,5,3,11,4,6,8,7,0.6832
7,8,2,5,6,4,5,9,8,5,3,6,7,6,4,3,9,4,9,3,0.6374
10,7,6,6,6,7,7,4,4,6,6,4,6,6,8,3,4,11,7,6,0.7294
7,5,7,5,6,9,9,5,2,5,8,6,3,7,5,3,9,4,3,5,0.6162
7,8,5,6,9,5,6,5,7,4,6,1,3,6,7,4,9,5,7,3,0.7315
4,8,10,4,7,3,3,6,3,11,5,3,7,8,4,8,0,4,5,7,0.6383
3,8,6,6,9,3,4,5,3,3,3,6,7,7,7,10,6,4,5,6,0.6349
8,3,5,9,10,6,6,4,7,4,9,3,6,5,6,6,7,2,3,8,0.7131
4,8,6,8,4,5,4,9,12,5,3,3,6,6,10,4,6,5,5,7,0.6636
2,7,5,13,4,9,9,4,1,10,6,5,8,7,4,4,7,5,6,6,0.6717
7,0,10,5,3,6,7,7,11,9,9,5,10,6,6,4,3,6,6,6,0.6931
5,9,4,5,8,5,3,3,6,7,5,6,7,5,7,4,5,5,3,5,0.6335
9,4,6,8,7,8,9,5,7,5,9,5,8,4,6,7,11,6,4,2,0.7393
6,7,2,5,7,5,5,4,10,4,4,5,5,4,6,2,5,4,5,5,0.6077
5,6,5,4,3,9,4,6,4,3,5,4,3,5,4,6,5,8,4,7,0.5658
11,7,6,8,8,7,4,4,6,6,3,7,3,5,4,9,3,7,8,5,0.7516
7,11,7,9,8,7,10,4,9,5,9,6,2,6,2,3,7,5,1,8,0.6966
4,11,4,5,3,7,8,3,7,4,5,10,6,10,5,13,4,8,5,9,0.6967
10,7,11,4,8,9,7,5,2,4,4,4,3,8,5,5,7,3,7,7,0.7194
6,7,5,8,8,5,6,7,4,5,7,4,3,7,7,3,7,7,6,6,0.7255
5,6,3,5,4,8,7,7,6,7,3,7,5,5,6,4,4,3,5,5,0.5805
6,6,0,5,3,8,7,6,6,8,5,3,5,7,7,3,6,8,5,4,0.6335
2,5,5,4,4,7,7,12,6,1,11,9,5,6,7,8,8,5,4,6,0.6805
4,6,5,5,4,2,1,7,5,10,4,11,11,2,4,7,6,5,3,6,0.5682
6,4,7,9,4,2,4,8,10,3,6,9,6,6,4,8,6,7,6,8,0.7061
11,7,2,4,6,10,9,5,1,7,6,5,9,5,4,9,6,7,4,4,0.6753
1,6,4,6,1,10,7,6,7,8,5,4,4,8,7,8,3,2,5,5,0.5844
7,5,4,7,8,10,5,7,8,6,9,5,5,11,3,6,8,8,5,6,0.7924
7,4,5,7,10,5,4,5,1,3,3,9,9,2,7,7,8,3,9,6,0.6869
6,2,6,4,10,8,3,7,5,9,5,4,4,8,11,5,4,4,4,7,0.7073
7,6,15,9,6,8,7,4,7,3,9,11,11,2,4,6,6,5,4,6,0.7549
4,9,5,14,7,6,8,4,5,9,4,4,5,1,4,12,4,10,4,4,0.6809
10,3,7,9,6,3,4,4,3,9,2,7,7,6,4,5,6,12,6,4,0.7349
6,4,4,5,6,8,6,7,6,3,4,9,6,6,6,6,3,6,4,4,0.5995
3,6,4,5,8,7,8,3,10,9,5,5,4,4,5,2,8,8,3,6,0.6257
6,2,2,10,5,6,8,6,11,8,2,7,7,5,6,4,9,4,8,8,0.7028
8,7,8,9,11,4,8,7,5,10,9,3,6,9,7,1,5,4,4,6,0.7722
5,6,4,8,7,7,5,5,5,5,2,6,3,8,4,3,8,8,3,6,0.6516
4,2,1,7,8,4,5,9,5,6,4,10,7,7,6,5,6,6,7,10,0.6537
2,5,6,7,3,5,3,3,5,4,6,6,6,7,3,4,7,6,2,4,0.5458
4,7,2,3,6,4,5,4,9,9,6,4,7,6,4,6,4,8,6,6,0.6099
4,10,8,4,7,4,6,3,9,9,9,5,10,8,6,7,4,3,5,5,0.6956
3,11,7,4,8,3,6,4,7,6,9,5,5,2,8,3,7,6,6,3,0.6187
6,5,7,8,3,6,3,16,7,11,2,5,3,9,6,3,9,7,5,6,0.7444
5,6,8,6,5,5,9,5,5,4,5,5,8,12,6,7,5,5,4,8,0.6963
6,5,5,5,6,7,5,5,11,4,4,4,6,5,7,4,7,6,8,3,0.6611
6,8,4,8,7,7,3,3,7,6,12,8,4,5,9,6,7,5,4,5,0.7044
5,5,4,5,4,6,9,7,4,5,12,3,10,5,7,7,7,7,11,7,0.7074
5,6,4,6,5,7,7,5,12,8,10,5,9,8,4,16,6,10,6,5,0.7695
4,6,5,7,4,6,4,2,8,7,1,8,6,6,5,3,3,6,5,7,0.6093
9,4,11,7,6,4,3,7,5,7,7,9,4,4,6,4,7,8,10,4,0.7207
4,5,4,9,6,5,6,8,8,3,4,3,5,13,9,3,11,9,5,4,0.7586
5,6,3,4,3,6,4,7,8,4,7,6,4,4,4,3,6,3,9,11,0.5917
8,9,7,6,5,10,3,7,6,5,5,3,3,7,5,4,7,4,8,14,0.7162
4,4,6,6,3,5,3,9,6,5,4,10,12,7,10,0,9,5,8,1,0.667
6,9,7,7,5,4,1,8,9,7,7,4,15,5,11,11,8,8,8,5,0.8336
7,7,1,4,4,5,8,5,6,6,8,6,2,9,9,7,4,9,3,11,0.7017
7,3,5,5,9,4,4,10,6,6,3,4,4,3,6,4,3,5,5,12,0.665
8,4,12,7,3,6,3,4,10,4,5,8,6,8,4,4,5,4,9,6,0.7043
5,1,4,7,2,6,6,2,4,7,4,3,6,6,13,9,6,7,7,5,0.6242
8,7,9,5,2,7,9,8,2,3,4,3,7,5,3,7,9,8,5,7,0.6497
7,4,6,8,9,7,6,2,3,10,10,6,7,7,3,3,4,6,3,2,0.6954
3,5,5,8,3,9,4,10,10,4,4,8,3,7,6,2,2,6,10,10,0.6568
6,5,10,8,7,5,13,1,3,4,6,6,8,3,6,5,5,6,4,3,0.5935
10,5,6,6,5,7,8,7,3,10,8,5,5,5,3,4,8,5,9,9,0.7246
8,5,1,5,6,6,8,4,8,11,6,8,9,3,6,6,5,7,11,3,0.6905
5,5,5,8,9,4,6,7,3,5,7,6,11,6,7,4,7,10,7,7,0.7519
10,3,9,5,6,5,9,4,6,10,8,10,3,5,5,9,5,6,7,6,0.7007
4,8,4,6,5,6,5,5,7,3,5,10,5,4,7,6,2,6,6,4,0.6142
8,3,6,7,6,9,7,5,4,5,5,5,6,7,3,4,4,7,4,3,0.6519
2,7,2,6,4,7,4,2,2,10,4,6,8,3,3,7,7,5,4,14,0.5841
11,7,4,6,3,6,2,5,12,5,7,5,8,5,3,5,7,11,5,6,0.7355
6,1,2,7,4,10,4,5,9,5,1,9,7,8,7,8,6,9,4,2,0.6502
5,8,7,9,9,8,6,4,6,3,5,6,7,7,6,4,8,5,8,9,0.7386
8,4,6,8,5,6,10,5,13,9,6,7,9,4,4,8,3,7,4,8,0.732
7,6,11,12,4,6,3,7,5,9,6,4,5,16,5,5,7,9,10,7,0.9096
5,2,4,5,7,6,7,10,4,8,7,4,8,8,4,4,7,7,6,1,0.6588
6,6,4,8,6,6,8,6,6,4,3,8,2,4,7,8,4,1,0,3,0.6064
8,5,4,5,5,5,6,9,4,7,4,0,9,5,5,3,7,7,4,6,0.6425
4,6,5,3,7,10,2,9,8,4,4,5,3,8,8,9,6,6,2,6,0.6537
8,8,6,4,6,7,7,4,7,1,2,3,9,5,6,3,6,4,6,6,0.6153
7,4,9,8,6,7,7,3,7,8,3,4,7,6,5,8,7,4,5,3,0.6903
10,9,3,9,6,2,4,6,6,6,8,11,7,3,9,3,2,5,4,6,0.7274
4,1,7,7,2,5,7,6,12,6,11,6,5,6,7,8,6,6,4,8,0.6922
8,6,9,4,4,4,3,5,7,9,5,5,3,5,10,7,6,5,11,8,0.7227
5,8,6,8,4,1,5,2,9,6,3,2,6,7,6,8,4,5,10,7,0.6519
5,3,7,11,8,7,2,3,4,6,9,5,4,4,6,4,4,1,4,6,0.6483
4,5,5,6,13,11,1,12,6,4,5,6,5,6,6,11,6,7,7,8,0.7844
3,5,7,2,9,6,6,2,5,3,5,4,5,9,3,7,7,3,6,7,0.591
1,4,6,4,1,7,5,6,5,7,6,5,6,9,5,12,4,3,8,7,0.6
3,6,5,3,7,9,3,6,8,2,11,6,5,13,10,8,4,11,6,5,0.7183
9,3,7,5,4,5,8,1,6,4,5,5,4,8,9,6,4,4,10,8,0.6833
5,4,7,3,8,4,7,5,4,7,6,5,4,2,6,8,5,10,6,6,0.6263
7,7,11,3,3,9,5,7,8,2,4,6,8,7,3,5,4,8,5,12,0.6825
8,4,5,5,4,4,3,4,7,6,6,10,7,8,5,3,7,4,5,11,0.665
3,4,4,6,6,6,3,1,5,2,5,3,8,7,5,6,6,8,10,4,0.5992
7,6,6,7,10,7,5,4,10,3,7,8,3,2,7,5,10,7,8,5,0.7234
5,4,7,5,7,3,2,3,6,7,6,9,5,5,7,5,4,10,8,7,0.6473
5,4,5,6,6,2,5,5,6,3,2,10,8,2,8,1,7,7,3,2,0.5384
1,8,7,3,3,4,7,7,4,4,6,4,6,10,8,6,6,4,6,5,0.5894
7,9,4,1,4,8,4,5,4,7,6,8,7,1,8,4,6,2,7,6,0.6183
2,7,7,5,2,6,9,5,5,2,7,5,5,11,4,7,5,8,1,16,0.6337
4,7,4,7,4,7,5,4,4,4,7,8,9,2,3,3,7,4,12,5,0.5812
8,6,10,4,6,4,11,5,6,8,6,6,8,7,10,5,9,6,8,7,0.7506
7,5,2,4,3,6,7,7,6,8,11,4,4,6,5,3,2,7,1,4,0.6274
11,3,7,4,7,9,6,3,8,6,7,7,8,6,4,4,3,6,10,6,0.7618
4,10,10,2,5,1,10,4,3,7,4,6,2,4,8,4,3,5,8,2,0.5568
3,5,7,5,7,8,3,6,5,5,8,4,7,6,5,7,6,6,6,4,0.6447
6,1,9,5,9,5,10,3,8,4,8,4,4,4,3,9,3,5,7,3,0.6597
7,8,8,6,4,11,4,3,9,9,13,2,3,8,5,6,4,7,10,3,0.7385
3,6,4,6,4,6,10,6,9,9,6,8,4,5,0,5,7,5,5,2,0.5692
5,7,3,6,10,3,8,4,2,8,4,5,9,7,8,4,4,6,2,6,0.6485
3,7,5,3,9,7,2,6,8,6,6,3,8,5,4,10,7,8,4,9,0.6752
5,12,9,4,4,6,7,4,6,4,6,7,4,4,5,8,6,8,11,6,0.6563
9,5,5,11,7,6,3,7,8,5,8,6,11,3,8,8,5,9,7,9,0.7807
7,8,4,4,9,6,11,9,5,9,6,7,8,7,9,6,1,4,5,5,0.7122
8,4,2,4,8,5,2,8,6,6,4,6,5,7,6,2,4,3,4,3,0.6253
3,7,8,10,6,6,8,7,8,8,6,6,5,4,9,4,8,4,5,6,0.6803
7,2,5,4,5,7,8,5,4,6,4,7,5,7,9,5,4,6,4,7,0.6433
11,7,11,7,6,5,3,9,5,10,5,3,2,8,5,4,9,5,3,3,0.7639
2,4,1,7,6,6,1,13,5,9,3,9,6,7,9,5,10,8,12,3,0.7016
8,8,8,5,10,6,6,3,5,6,9,6,5,8,11,5,12,6,7,4,0.814
8,8,2,6,6,10,14,8,2,10,3,9,6,11,5,6,10,6,9,8,0.77
8,5,8,6,4,5,4,5,7,5,5,9,5,10,7,5,5,9,4,8,0.74
12,5,6,9,10,6,4,7,10,3,6,8,5,10,11,9,6,2,6,1,0.8773
6,8,0,11,7,5,3,5,6,5,5,6,3,5,9,5,1,3,10,5,0.6626
6,7,11,4,5,9,8,1,1,6,8,5,3,5,8,12,6,7,5,5,0.6739
3,2,8,4,2,10,3,7,9,3,5,8,4,9,7,4,7,5,4,7,0.5965
4,6,9,8,6,7,4,7,8,5,9,3,7,4,7,2,6,4,5,7,0.6605
5,9,5,9,8,10,9,5,5,5,10,6,2,6,4,8,3,4,8,5,0.7094
6,7,4,7,5,3,6,6,5,4,7,3,5,5,3,5,9,5,5,4,0.6017
11,3,3,8,7,6,5,6,5,6,4,3,11,5,3,5,4,3,5,3,0.6929
5,10,5,1,6,4,7,2,5,4,6,8,3,4,2,3,6,8,8,3,0.5594
3,9,6,5,5,6,7,7,11,8,3,7,3,6,2,9,2,6,4,6,0.6375
6,4,4,6,4,7,3,8,9,7,6,10,9,9,3,5,5,4,6,10,0.7171
4,7,4,3,9,11,5,7,8,5,6,2,7,4,10,4,8,7,5,7,0.6958
6,8,7,5,6,3,7,4,10,7,4,11,8,3,3,3,4,6,6,4,0.6032
8,6,7,2,12,7,5,10,4,5,6,4,8,5,9,6,5,10,2,6,0.7479
8,8,6,4,6,3,6,11,7,8,6,7,6,7,6,3,5,2,7,7,0.7053
4,4,3,5,6,4,7,5,6,8,3,10,4,6,10,2,6,4,5,13,0.6035
8,9,10,8,6,4,6,5,6,6,3,3,3,7,7,7,4,9,6,5,0.7203
4,8,10,6,8,11,9,9,6,7,4,5,4,7,5,2,6,4,4,10,0.7271
2,6,8,9,9,6,5,6,8,5,10,11,6,9,10,5,12,6,6,8,0.7725
3,9,5,4,7,8,6,5,6,7,3,4,1,5,10,10,4,7,6,6,0.6516
5,8,6,3,10,11,3,7,8,2,6,12,6,7,8,8,7,4,9,3,0.7497
4,4,4,6,4,9,5,7,6,4,4,7,7,5,5,4,7,7,3,4,0.5906
7,9,7,8,10,8,7,7,5,8,5,6,5,5,9,6,5,7,4,9,0.7698
5,6,4,6,8,6,4,4,3,5,6,5,6,6,10,3,8,5,6,3,0.6532
2,8,5,4,5,7,3,8,5,9,9,7,4,7,6,3,11,7,4,7,0.6333
8,10,8,6,7,9,5,5,4,4,7,8,5,8,3,4,4,9,3,6,0.701
7,9,6,9,2,4,7,7,6,2,4,7,6,5,5,7,7,5,7,8,0.6855
5,8,6,3,10,6,8,2,6,4,9,3,6,10,7,8,6,4,5,9,0.6948
6,1,3,9,3,8,2,11,10,8,10,4,8,3,7,3,3,3,6,6,0.6521
8,5,7,3,4,4,5,8,6,8,6,8,4,5,9,6,5,7,5,3,0.6649
7,10,5,6,5,10,12,6,8,3,9,5,2,6,5,6,3,3,5,6,0.6994
5,2,7,5,7,12,7,5,2,6,6,7,9,5,7,7,6,8,6,5,0.6643
5,6,4,7,5,8,7,7,4,2,5,4,7,8,9,7,3,1,5,12,0.6437
3,4,10,9,7,10,8,1,8,10,7,3,6,7,6,7,7,5,7,5,0.7646
5,3,8,6,4,3,12,3,8,6,6,3,4,7,7,2,6,6,4,8,0.5956
3,7,5,8,5,2,5,7,5,2,8,5,4,2,4,10,8,6,7,2,0.5852
9,3,4,5,6,7,6,3,8,9,6,9,9,11,8,7,6,11,6,3,0.7799
3,5,4,6,5,7,2,7,7,10,5,4,7,7,8,6,7,6,9,4,0.6681
2,2,5,3,4,11,3,4,7,7,6,2,4,4,5,6,4,6,5,8,0.5222
5,6,7,6,8,6,4,4,9,3,5,6,8,3,6,10,7,4,5,2,0.6494
6,12,7,6,2,7,5,4,10,2,9,6,7,6,4,2,4,8,3,5,0.6374
8,8,8,6,4,2,7,6,4,4,9,7,4,8,9,7,6,6,5,4,0.7095
6,6,9,6,8,6,10,5,6,8,6,8,4,9,4,5,7,8,8,5,0.7185
8,5,7,4,9,6,5,7,3,2,5,4,2,7,13,10,4,6,1,7,0.6736
7,4,5,10,5,8,9,4,10,5,3,6,3,6,10,6,7,6,7,7,0.7056
9,7,6,8,4,8,9,5,5,6,10,6,8,4,7,8,8,3,8,1,0.7189
6,6,11,6,6,6,8,6,5,4,4,4,8,8,3,10,7,2,5,5,0.713
3,6,3,5,3,6,10,4,8,5,8,8,7,6,1,10,8,7,3,9,0.6276
4,4,4,4,3,9,5,1,5,4,9,5,6,8,9,5,4,3,4,9,0.6098
5,6,6,3,3,6,5,5,7,7,7,9,8,6,8,3,3,4,5,8,0.6149
6,5,11,4,5,4,3,6,6,3,5,5,6,5,6,9,8,11,2,6,0.666
3,5,4,5,4,4,9,5,4,9,7,3,5,5,5,5,6,3,5,4,0.5714
13,3,11,9,7,4,5,4,8,9,13,6,5,4,6,11,7,7,4,2,0.8364
6,3,3,6,6,5,3,4,1,2,3,7,4,9,6,9,10,4,5,5,0.6256
12,4,9,3,1,5,5,5,7,9,11,10,5,4,5,6,9,12,4,8,0.7477
7,8,6,5,4,5,7,4,8,3,5,6,6,8,5,5,14,5,6,5,0.6773
1,5,6,5,7,4,2,8,4,8,4,5,4,6,3,1,10,7,8,6,0.5801
8,7,8,4,4,2,7,7,3,5,7,4,6,2,7,7,5,4,8,7,0.6236
2,2,8,9,10,12,5,7,6,6,6,7,8,10,8,6,2,7,11,4,0.7504
5,5,5,5,6,12,5,4,8,4,4,6,4,3,12,7,5,12,3,0,0.6491
6,5,5,8,6,10,6,4,3,6,6,3,6,8,3,4,5,6,8,8,0.6872
10,3,3,4,3,8,4,11,0,5,7,3,8,6,8,5,5,2,3,3,0.6124
5,7,6,3,14,6,5,10,6,10,2,4,2,3,6,5,5,9,6,2,0.685
4,10,8,3,3,4,6,5,4,5,8,7,2,5,15,3,8,6,4,9,0.6063
3,8,9,8,8,6,3,10,4,6,7,6,3,4,4,5,7,5,7,4,0.6585
8,5,5,2,5,5,4,4,8,7,14,10,11,5,5,6,6,6,7,9,0.7211
9,5,5,4,5,11,5,8,4,5,7,5,5,11,10,10,7,7,11,11,0.8443
5,4,6,4,4,7,4,7,6,5,10,7,6,4,7,4,3,6,3,5,0.6085
3,8,4,4,5,8,6,4,7,11,5,7,2,6,3,8,11,3,8,2,0.6164
11,9,10,7,6,5,4,9,8,2,4,4,2,6,8,5,3,6,4,4,0.7256
6,6,9,11,6,3,8,5,3,8,5,11,6,5,2,8,6,7,5,6,0.7097
4,8,4,6,8,2,4,8,3,5,16,5,6,1,5,5,4,5,8,7,0.6236
4,5,4,10,11,6,5,9,3,2,5,7,8,7,8,6,4,4,1,2,0.6998
4,4,7,4,10,7,7,6,5,5,3,1,4,7,10,6,5,3,6,4,0.6564
8,9,7,8,4,6,4,1,5,6,8,6,5,6,7,2,2,5,3,5,0.6534
10,6,8,5,5,8,6,6,4,6,3,5,9,8,5,4,5,5,7,4,0.6917
4,5,5,7,12,2,4,5,10,5,2,6,4,10,6,8,9,6,3,7,0.7233
6,4,6,8,10,1,8,7,4,4,7,7,1,9,4,4,9,5,1,7,0.6771
5,3,7,7,8,7,11,8,6,7,7,4,4,3,6,5,5,7,9,6,0.683
11,7,8,5,5,5,5,5,7,7,7,6,6,11,5,1,8,3,7,3,0.7265
10,5,5,2,7,6,3,4,4,5,6,6,5,5,6,7,12,5,6,11,0.7473
8,2,5,1,6,5,4,6,8,9,2,7,7,8,6,10,5,9,6,4,0.6897
3,6,6,6,8,9,5,5,6,7,7,5,6,5,4,5,7,4,10,5,0.6626
9,9,10,3,6,7,4,7,12,7,12,8,6,8,5,5,6,7,7,9,0.835
7,3,8,4,6,4,3,4,4,11,6,7,4,3,5,6,7,4,6,5,0.6193
5,4,8,3,3,3,6,2,8,3,8,4,7,5,3,5,6,6,5,4,0.5313
6,7,7,6,6,1,5,4,5,5,2,5,5,3,8,5,3,2,9,5,0.5719
5,4,5,5,4,7,5,9,6,3,7,6,5,6,6,8,5,11,6,12,0.6837
6,8,9,2,8,11,7,3,10,5,11,3,8,4,2,8,3,11,4,7,0.7271
3,8,2,2,5,5,5,5,7,6,8,4,4,5,8,5,7,11,4,4,0.5798
4,6,4,9,5,2,3,8,5,6,5,4,4,4,8,7,9,6,7,5,0.6385
8,8,5,4,6,5,9,7,3,2,6,4,7,10,3,6,6,3,9,7,0.6751
6,7,3,7,3,10,4,1,4,10,6,7,6,5,8,7,3,6,4,9,0.6541
6,4,6,4,7,9,3,2,9,4,5,5,6,6,7,6,8,5,5,4,0.671
6,4,6,6,6,2,10,7,2,5,3,6,8,9,8,6,7,5,5,4,0.6607
6,2,6,4,8,5,7,7,3,6,5,7,8,4,7,5,9,5,7,10,0.6886
3,3,5,6,12,7,3,10,5,8,2,6,11,6,6,8,8,9,3,5,0.7221
4,0,3,1,5,8,3,3,6,4,2,5,6,9,3,5,2,7,8,5,0.5302
6,7,4,8,7,10,6,7,4,5,6,9,6,2,10,7,9,7,8,3,0.7277
7,4,5,5,5,4,6,6,3,6,6,3,7,8,8,2,6,9,6,3,0.6418
7,9,4,5,7,7,5,2,2,8,3,6,3,6,6,6,4,4,6,13,0.6569
8,6,2,8,5,4,9,3,6,7,2,7,9,1,4,8,6,5,6,7,0.6276
5,5,7,3,6,5,4,4,4,5,9,8,8,5,6,9,5,8,9,7,0.6811
6,4,5,4,9,9,6,5,3,4,4,5,3,5,7,13,3,7,8,9,0.694
4,3,8,9,7,2,9,8,7,7,9,5,6,2,6,7,6,5,6,7,0.677
7,4,5,6,4,6,6,3,6,6,1,4,7,7,5,13,5,6,4,8,0.6694
3,3,6,7,3,13,6,9,5,5,1,8,7,6,5,7,8,4,5,8,0.6462
5,3,9,8,8,7,5,6,8,4,7,7,6,7,8,6,3,6,5,5,0.7036
7,12,6,4,1,13,8,11,5,8,8,7,7,9,2,5,6,7,7,4,0.7475
13,2,8,4,7,2,5,7,2,6,4,6,2,6,10,5,7,6,4,8,0.7304
8,6,6,11,3,2,6,7,7,6,6,7,7,7,10,5,5,1,8,5,0.742
8,4,7,6,5,1,6,5,6,5,2,13,6,6,6,10,5,7,7,4,0.6731
4,7,6,8,6,2,6,2,4,8,8,8,11,7,5,4,8,4,6,11,0.7203
3,8,11,6,8,6,7,8,4,2,7,3,6,4,1,5,6,7,7,10,0.6445
5,1,14,3,4,7,6,4,3,11,4,4,4,6,6,3,8,2,2,7,0.5758
5,2,8,5,8,3,8,7,3,7,6,5,5,5,9,4,4,9,6,5,0.6626
6,6,1,3,5,3,7,10,4,10,6,7,8,7,7,6,9,10,6,8,0.6966
3,8,3,7,7,6,3,5,3,8,10,4,6,7,4,5,2,1,8,4,0.6354
5,11,3,8,6,3,7,5,3,4,8,5,4,7,5,6,9,5,4,6,0.6771
11,4,5,5,3,15,8,2,7,5,6,8,9,7,2,8,2,7,4,7,0.7181
9,7,9,5,4,5,5,5,3,6,6,4,6,6,6,9,7,8,7,5,0.7297
6,8,10,10,8,13,3,11,3,7,3,5,7,4,6,10,3,7,3,8,0.8187
5,4,5,5,6,7,6,6,8,8,4,9,9,4,4,5,6,4,4,6,0.6358
2,6,6,3,3,5,6,5,1,10,4,1,4,5,4,7,10,5,7,3,0.5408
5,6,3,4,10,7,7,5,6,6,7,4,13,12,4,7,9,8,7,5,0.7793
3,6,3,6,10,3,7,7,3,6,10,4,4,3,3,6,6,10,5,7,0.6351
5,8,4,5,5,6,4,7,7,4,2,7,5,5,5,11,9,2,3,5,0.5871
3,7,5,3,9,6,10,7,4,5,6,7,8,7,3,7,5,6,2,5,0.629
6,5,7,3,5,4,2,5,4,9,6,6,5,9,8,6,10,4,5,5,0.6339
6,8,5,4,8,7,7,6,6,3,5,6,3,8,10,8,9,5,5,9,0.7474
6,6,7,4,3,11,5,6,1,10,10,4,5,8,4,11,8,8,6,1,0.6995
5,7,4,5,3,8,4,5,9,4,9,11,9,6,5,5,5,2,3,2,0.6245
6,8,8,6,6,9,7,7,6,7,8,5,6,10,8,7,8,6,6,6,0.8032
5,5,10,2,8,6,7,1,5,6,4,6,3,8,7,7,5,4,7,8,0.6502
1,4,6,3,2,8,5,4,5,8,2,9,4,5,6,6,9,4,9,8,0.538
10,8,5,4,10,11,8,7,0,6,5,11,6,9,7,8,4,6,8,8,0.7755
8,3,8,9,6,5,4,8,8,4,9,6,8,6,3,1,6,5,4,5,0.7077
5,8,7,16,5,7,3,8,11,4,7,5,4,8,5,8,10,7,2,11,0.8282
4,7,6,6,8,8,8,4,8,5,10,12,4,4,4,7,6,10,10,3,0.7275
6,4,7,7,2,4,3,4,4,5,4,7,7,9,7,5,8,5,9,4,0.6334
5,6,1,5,4,9,9,2,6,9,6,5,8,5,6,6,12,4,8,8,0.669
1,7,4,1,8,3,4,7,3,4,4,2,7,7,6,4,2,7,3,5,0.5379
5,7,6,7,6,5,7,7,3,8,7,5,13,8,13,12,5,8,5,5,0.755
8,6,4,9,8,7,5,7,4,9,6,6,7,8,7,1,7,9,7,5,0.8078
6,7,6,7,6,8,5,11,8,8,6,11,5,6,10,8,2,6,4,2,0.726
10,1,8,7,5,8,5,5,6,5,5,0,5,4,7,5,10,8,5,7,0.7413
6,7,6,7,5,10,5,3,7,7,1,9,8,5,10,9,5,10,5,9,0.7485
6,4,11,4,6,7,4,2,8,8,5,7,1,8,6,6,8,8,8,5,0.7027
6,8,3,3,6,4,7,12,4,3,8,6,10,6,10,4,6,4,7,7,0.6799
8,5,3,5,3,4,2,7,13,7,5,8,5,8,6,6,7,3,7,4,0.6847
9,3,10,1,6,9,6,7,7,6,6,6,6,9,3,4,5,5,9,5,0.7123
6,5,7,9,5,6,6,5,6,5,2,3,5,10,8,3,5,4,3,7,0.6677
3,6,5,8,1,7,1,8,2,3,5,4,8,7,7,5,4,4,5,7,0.576
5,4,6,7,5,8,6,3,4,1,5,3,2,6,8,6,3,9,3,5,0.5827
9,12,9,3,9,7,7,3,5,5,5,9,12,5,8,7,4,7,3,8,0.7718
7,8,9,2,6,8,4,4,7,8,2,6,2,5,9,5,8,9,8,4,0.6902
4,5,9,7,10,7,3,8,3,3,4,3,6,10,6,5,6,7,4,6,0.7334
4,9,4,9,5,7,3,8,7,4,8,6,3,7,6,5,4,2,5,9,0.6445
4,4,8,8,4,8,4,6,6,2,4,6,8,7,3,6,6,6,3,6,0.5937
7,6,7,4,5,4,1,6,4,8,1,7,5,6,6,8,4,4,7,4,0.6239
11,5,7,5,9,4,4,6,9,5,4,6,7,13,2,2,7,6,7,4,0.7962
11,6,3,11,10,4,1,7,1,7,7,5,7,6,9,4,4,3,9,3,0.8144
6,6,5,2,5,7,7,3,4,7,5,8,10,5,7,6,5,5,3,5,0.6135
9,11,10,4,9,8,8,10,0,7,5,5,9,1,7,7,1,10,7,6,0.7785
6,4,9,6,3,6,5,3,9,7,8,6,1,9,2,5,7,8,5,5,0.6543
3,8,11,4,6,7,3,4,10,8,9,8,8,5,7,7,3,11,3,6,0.7045
9,10,3,6,10,6,7,5,9,4,6,4,8,8,5,5,4,3,6,2,0.7451
7,6,8,3,7,3,10,7,4,8,4,5,8,6,6,7,9,7,8,3,0.6931
2,5,5,4,4,6,7,4,8,1,10,8,7,6,7,5,8,8,4,8,0.6249
10,5,6,7,7,5,4,4,5,6,3,5,2,9,6,3,5,3,3,7,0.6922
5,7,7,8,4,4,7,3,4,6,5,3,4,8,11,5,3,3,8,4,0.6385
7,6,8,8,2,6,5,6,5,6,7,4,2,4,4,5,5,8,8,3,0.6193
6,8,7,4,10,3,3,3,4,2,5,3,5,8,3,5,7,6,8,8,0.7079
3,10,5,9,5,5,9,8,7,6,1,7,5,5,2,9,8,6,11,5,0.6444
4,8,2,12,4,3,2,3,6,6,3,6,4,3,4,6,4,2,5,6,0.5822
6,5,4,7,5,4,9,5,1,9,6,8,3,8,12,12,3,1,5,3,0.6657
4,2,5,4,9,5,1,4,7,8,6,5,4,3,11,7,6,10,5,8,0.6509
3,8,4,3,6,6,4,6,5,6,6,4,8,6,5,8,4,6,6,6,0.6136
6,2,4,4,3,7,4,4,6,7,6,7,8,5,3,6,6,7,8,8,0.6512
4,2,7,10,7,4,9,3,3,6,7,5,8,3,6,6,4,4,3,12,0.609
6,6,11,12,5,7,4,3,7,6,6,5,4,5,9,7,3,6,8,8,0.7319
5,2,6,2,7,9,4,5,8,7,6,9,2,4,11,4,6,1,6,8,0.6228
3,9,12,5,5,10,2,8,3,7,10,6,7,7,6,7,5,6,4,8,0.7033
8,5,7,8,3,11,6,13,6,4,2,3,7,5,4,1,5,8,4,9,0.6781
8,4,4,3,8,3,2,10,7,9,9,1,6,6,7,5,7,7,7,6,0.7247
8,3,7,7,7,9,4,9,4,6,6,8,6,5,7,3,6,11,7,4,0.7589
5,4,3,5,6,7,9,1,8,5,4,4,2,7,7,4,2,1,8,7,0.5363
6,4,6,8,3,4,5,6,8,8,5,9,6,10,5,7,5,5,6,6,0.6911
4,8,6,4,5,7,10,5,6,6,7,5,9,7,9,7,7,3,9,7,0.6907
8,6,7,12,3,10,5,4,10,8,5,11,6,4,7,6,9,5,4,7,0.7841
6,4,13,4,6,10,6,5,6,2,5,2,7,6,5,2,3,4,8,10,0.6445
6,5,6,7,6,2,8,2,6,8,6,8,7,7,5,7,9,11,6,7,0.743
3,4,3,5,4,9,9,3,6,9,4,3,6,5,9,0,1,7,7,6,0.5657
8,2,6,7,8,5,4,5,2,6,4,5,5,7,5,8,2,5,5,5,0.6662
4,4,6,2,7,2,5,4,5,7,5,3,4,5,3,2,5,5,4,6,0.5238
7,9,9,7,7,9,3,6,9,6,5,6,6,5,8,8,5,3,6,4,0.7396
8,5,5,3,6,1,8,7,12,3,7,8,1,6,7,8,6,4,7,6,0.6581
3,5,4,6,7,6,3,2,4,6,3,7,7,4,4,3,8,7,8,10,0.6056
8,9,8,7,10,7,3,4,4,1,5,4,8,5,5,7,2,4,5,7,0.7338
4,5,7,2,9,9,3,5,7,6,3,4,2,8,6,4,4,9,5,9,0.6404
3,8,2,8,3,10,9,8,8,6,4,5,10,8,9,5,6,7,5,7,0.7205
4,3,7,4,6,7,6,7,3,5,5,7,3,7,9,3,4,6,3,2,0.5663
4,6,6,3,7,6,7,6,7,8,7,5,2,10,5,6,7,7,5,4,0.6719
8,7,3,4,7,5,7,9,3,10,12,8,5,7,5,5,7,5,6,6,0.7421
7,5,5,5,6,5,6,8,3,6,6,10,5,4,11,6,4,8,7,4,0.6691
6,4,6,7,4,6,7,5,8,2,5,8,3,6,9,7,6,12,9,3,0.69
13,7,11,11,8,4,3,5,9,8,4,1,4,9,4,5,5,8,4,5,0.8757
4,7,6,4,5,10,11,10,7,6,8,5,10,4,8,6,5,5,4,5,0.686
8,9,7,3,11,5,6,11,6,10,4,6,4,2,5,8,5,8,7,5,0.7569
6,7,4,6,6,3,7,7,3,6,6,10,5,6,7,5,2,6,8,5,0.6475
4,9,4,7,7,9,3,13,6,7,6,9,8,6,9,6,10,5,8,7,0.7359
6,4,6,2,3,2,3,7,7,5,7,0,8,4,5,4,5,5,4,6,0.5729
10,7,7,4,10,9,6,6,5,5,9,6,6,6,5,5,4,9,9,9,0.8227
2,2,10,7,8,2,4,6,6,2,8,8,8,7,2,7,9,4,4,6,0.6173
7,5,8,6,7,6,6,4,6,7,6,5,9,3,4,6,7,9,6,8,0.6967
5,7,6,4,4,5,6,5,7,4,2,5,7,11,1,3,6,5,5,9,0.6019
5,4,6,4,5,3,7,4,8,2,7,4,11,4,6,6,4,7,5,6,0.6183
7,6,7,6,10,5,6,3,3,4,9,1,6,4,7,6,4,7,7,4,0.6993
9,10,6,9,6,7,3,2,4,6,9,3,7,9,7,6,7,6,9,5,0.8083
5,6,7,6,6,1,4,1,6,4,5,4,5,9,9,8,8,10,5,6,0.682
5,7,13,8,6,6,2,6,6,6,6,5,5,6,5,5,7,1,5,7,0.6972
6,9,7,8,4,5,5,6,9,7,9,6,5,4,6,3,6,4,9,6,0.7065
3,9,5,4,7,5,7,6,6,7,4,6,5,5,11,7,4,6,5,7,0.668
6,9,2,8,2,3,3,8,3,8,5,7,11,6,0,5,4,5,8,5,0.6186
4,3,5,3,6,7,4,6,3,6,8,9,6,1,9,3,10,4,10,6,0.596
5,5,10,13,6,4,5,5,2,3,8,5,5,7,5,5,8,2,8,6,0.7124
8,10,10,7,11,4,5,8,4,2,3,6,8,7,6,5,5,8,9,11,0.8331
6,8,12,8,4,5,7,3,3,4,4,5,6,7,6,9,10,5,5,6,0.7146
8,8,11,9,8,3,4,8,3,2,6,10,4,5,7,10,8,8,8,7,0.8019
8,1,5,7,8,3,7,7,3,8,4,3,9,11,10,4,2,5,7,7,0.7289
3,6,7,10,4,8,5,9,6,4,5,8,7,6,5,4,5,7,11,7,0.6961
7,3,5,9,6,4,6,4,6,7,5,2,9,5,5,6,2,4,10,4,0.6633
6,4,5,8,7,5,7,7,9,5,8,7,6,4,5,7,7,10,8,6,0.732
7,5,8,6,7,9,4,4,6,7,5,5,3,6,6,11,7,10,8,8,0.7624
6,11,6,6,3,9,12,9,6,6,6,4,3,3,3,5,10,4,11,4,0.6439
2,4,2,2,7,10,10,5,8,6,4,8,9,7,7,5,5,9,5,5,0.6307
3,2,8,5,7,2,11,10,7,3,4,9,1,6,5,7,5,9,7,3,0.6073
7,5,8,8,4,6,7,5,6,4,8,3,3,8,8,11,3,3,7,2,0.6907
12,4,6,7,8,9,10,7,8,10,0,5,4,7,7,5,7,8,5,2,0.7626
8,5,5,8,9,4,4,8,3,5,3,4,7,3,5,6,5,3,7,9,0.6946
6,7,5,6,5,5,5,2,7,6,7,6,5,6,8,6,3,6,8,5,0.6283
4,4,7,5,2,10,10,7,5,6,8,6,6,4,5,7,4,2,6,4,0.5966
2,6,8,3,1,5,6,9,7,5,7,5,6,6,7,9,8,9,3,6,0.6032
10,6,8,5,8,9,11,7,1,8,4,7,3,8,7,11,3,4,5,7,0.7503
4,6,4,3,4,5,4,2,5,2,5,5,7,4,5,4,8,6,1,8,0.5419
4,11,5,5,7,7,8,8,3,7,6,4,5,4,5,4,8,4,6,3,0.6464
4,7,4,10,11,1,7,6,3,5,6,10,8,5,3,5,2,4,5,5,0.6661
6,3,4,7,12,9,10,8,5,5,7,5,4,7,4,6,9,6,6,8,0.7451
3,10,11,6,4,6,3,4,5,10,8,7,7,4,3,5,6,6,8,7,0.6742
3,7,2,4,4,8,7,4,5,8,4,4,7,6,4,8,7,10,5,5,0.6012
9,7,6,9,4,6,14,6,5,11,9,6,6,6,8,4,7,6,10,6,0.7641
5,10,4,5,10,5,3,2,4,2,8,3,2,6,7,6,10,8,6,8,0.7204
1,8,7,3,8,7,6,0,4,0,9,4,5,4,7,7,3,3,5,5,0.5268
4,8,6,4,7,7,8,3,7,6,2,5,4,7,8,7,1,8,8,4,0.6282
7,8,3,2,6,3,6,9,10,3,6,5,5,7,8,8,6,9,5,4,0.7226
6,5,5,3,6,2,7,3,9,10,6,1,3,6,4,9,6,7,5,6,0.6295
6,6,5,5,3,5,10,7,7,8,4,6,5,9,6,9,13,3,9,6,0.7248
3,5,9,6,7,9,5,9,9,9,6,5,4,7,2,9,5,3,2,6,0.7009
5,5,4,5,4,9,4,8,6,6,3,6,7,9,5,4,6,5,5,4,0.6288
7,4,7,4,5,4,9,10,5,8,4,4,6,8,9,8,8,9,7,7,0.719
4,3,4,4,6,5,8,5,4,3,7,8,6,3,4,6,8,9,4,4,0.5478
2,3,2,7,10,7,6,9,5,8,4,5,11,5,4,5,5,2,9,9,0.6758
8,8,5,6,8,9,5,6,4,7,5,5,7,2,6,4,1,8,10,4,0.6791
4,4,8,6,3,2,7,4,4,7,5,3,4,5,4,5,7,6,5,7,0.5441
7,1,2,2,5,5,4,3,2,4,7,4,6,6,6,7,5,7,3,4,0.5584
5,5,3,11,9,6,6,6,7,6,8,4,1,6,10,9,10,6,10,7,0.8007
10,4,5,5,7,9,4,8,7,9,9,7,8,8,5,6,6,6,2,8,0.7916
10,10,9,4,6,8,4,5,7,9,8,8,6,6,5,9,6,6,7,8,0.8011
3,6,7,7,4,9,3,3,8,3,5,5,5,11,5,9,5,1,7,8,0.682
7,5,6,3,4,3,4,6,8,9,7,8,7,4,6,5,7,6,8,6,0.69
8,8,8,7,7,7,11,5,6,5,3,6,6,5,4,3,5,5,5,7,0.6715
6,7,5,8,5,10,5,5,6,3,6,6,11,8,6,4,3,6,4,2,0.6616
6,7,6,6,3,3,8,8,10,5,5,5,4,4,9,5,3,5,6,6,0.6197
5,4,5,4,6,4,5,5,4,5,0,5,3,6,6,10,6,8,8,10,0.6324
6,6,7,8,5,9,8,11,5,5,8,6,7,5,4,3,8,4,12,11,0.7569
4,5,2,6,4,8,2,4,6,7,3,8,5,7,1,8,5,5,4,3,0.5655
6,2,5,10,8,7,3,4,6,7,7,10,4,7,5,5,6,8,7,8,0.7279
7,10,4,10,7,5,6,6,3,4,8,9,3,5,8,11,5,3,7,7,0.692
2,4,3,4,5,11,8,4,5,1,6,3,2,2,2,1,4,7,6,5,0.4841
8,3,3,7,6,7,10,5,9,5,8,7,4,5,5,5,4,6,8,7,0.6584
10,5,4,5,9,2,5,6,11,3,8,7,2,7,5,3,4,3,4,4,0.6732
6,2,4,6,4,9,7,10,4,8,6,8,2,3,11,6,6,4,6,6,0.6453
7,8,6,7,8,7,9,8,7,4,1,9,3,4,7,4,11,6,7,10,0.706
5,7,10,2,9,7,6,6,7,4,8,6,6,4,11,5,9,2,3,4,0.6597
5,4,6,4,4,6,5,8,4,3,8,5,4,4,4,6,12,7,5,5,0.6165
5,8,8,8,2,6,4,6,3,9,3,9,8,12,6,4,5,3,4,8,0.6803
8,5,4,8,10,8,8,7,5,6,7,4,3,9,8,9,8,6,7,8,0.8196
5,5,4,3,5,3,5,5,4,6,7,3,6,3,5,6,5,4,7,4,0.5556
2,7,9,8,3,2,6,6,6,5,2,8,9,6,5,6,7,5,5,6,0.6245
11,7,5,5,8,6,2,9,4,5,3,6,8,9,5,5,5,8,11,6,0.8186
7,6,6,3,6,3,4,6,5,7,9,5,5,3,3,4,3,4,10,6,0.6265
9,5,8,6,7,2,7,7,5,9,9,8,5,5,12,4,4,4,6,8,0.726
5,5,6,6,4,4,6,9,6,4,3,6,7,5,5,6,4,6,4,6,0.5937
7,4,2,4,4,8,8,5,5,4,11,9,6,6,5,5,4,5,7,3,0.6379
3,8,10,4,8,9,5,5,8,5,5,7,9,9,6,8,2,8,3,12,0.731
7,8,5,7,6,4,8,7,2,10,7,7,5,7,7,6,8,6,9,7,0.7539
7,5,5,2,6,12,4,8,9,7,5,2,7,6,5,9,6,3,13,4,0.7093
8,6,5,6,4,3,3,8,10,5,6,8,10,4,5,9,2,5,6,11,0.7262
2,7,5,8,7,3,8,6,7,5,6,5,4,5,5,3,3,5,5,11,0.6178
4,3,4,6,7,6,4,7,9,5,7,8,8,6,5,4,5,7,2,7,0.6326
8,8,7,7,9,6,9,11,4,9,2,7,7,6,4,8,7,7,5,5,0.7681
4,6,4,6,7,5,7,7,5,6,7,6,9,6,12,6,9,9,5,6,0.7213
7,4,5,6,8,3,9,12,7,6,7,6,6,7,5,3,6,7,6,5,0.7255
5,6,8,7,2,8,4,6,4,6,13,3,6,7,2,3,9,2,8,4,0.6309
6,5,6,1,3,5,9,5,6,6,5,6,4,3,5,7,4,6,4,7,0.5509
6,2,5,9,6,7,6,6,3,8,6,4,4,5,3,6,9,5,6,7,0.6698
5,6,5,4,6,3,3,5,11,4,4,7,3,10,3,11,4,9,5,7,0.6557
8,3,3,3,6,10,4,4,9,4,7,2,5,2,3,4,9,2,7,4,0.609
6,7,3,0,7,5,8,6,2,3,4,9,6,7,9,4,7,8,7,4,0.6313
7,6,4,3,4,11,7,0,9,5,7,6,5,7,5,8,6,9,4,7,0.6802
6,5,4,7,7,11,3,8,3,6,2,7,3,9,7,10,7,4,3,4,0.717
7,6,2,2,3,7,8,1,3,4,9,12,6,8,7,4,3,5,4,9,0.6022
8,3,8,5,2,6,6,9,3,5,1,5,9,5,9,5,3,8,6,4,0.6291
4,6,8,2,11,3,5,9,8,7,4,4,9,5,5,7,4,9,6,9,0.6896
4,4,12,3,6,4,4,4,4,6,7,9,8,5,6,2,8,5,8,3,0.6256
7,7,6,2,3,9,4,8,3,9,7,8,6,8,8,4,12,7,4,2,0.7033
11,3,8,4,4,6,8,7,3,6,2,11,8,5,4,4,10,5,8,6,0.6939
8,2,3,3,10,6,3,6,7,9,3,3,7,6,10,5,5,4,4,10,0.7306
4,8,4,7,6,6,6,11,7,6,10,5,5,5,5,11,8,8,7,9,0.783
3,8,6,9,7,3,7,3,7,4,5,5,6,6,9,4,9,4,9,6,0.7073
5,9,5,5,7,7,4,7,4,6,4,1,7,8,2,8,4,1,4,4,0.6337
5,9,5,4,10,5,5,2,6,9,8,5,6,10,6,6,8,6,7,4,0.7241
3,6,4,5,6,4,5,5,3,9,5,8,11,6,4,4,5,5,7,6,0.6014
7,4,8,8,7,7,4,3,7,4,4,2,5,6,5,9,6,8,7,8,0.7313
3,3,7,7,15,4,7,8,8,6,5,5,6,1,5,4,6,4,9,7,0.6966
3,1,3,4,5,9,4,0,7,4,5,5,1,6,4,6,10,6,5,4,0.5344
6,5,3,7,6,10,3,8,5,4,2,4,2,2,5,2,9,4,7,4,0.5845
5,7,8,8,7,5,6,4,5,5,3,6,6,5,1,7,3,4,6,5,0.6393
8,6,7,6,4,7,2,5,2,7,8,8,7,8,5,4,6,7,11,4,0.725
1,8,9,5,8,3,7,7,6,3,6,8,6,8,4,5,8,10,2,7,0.6761
7,5,5,4,8,6,6,6,9,7,5,6,7,8,2,7,6,7,7,7,0.7405
4,8,5,4,3,5,4,1,5,5,6,7,5,9,7,0,8,10,2,4,0.5767
7,6,11,4,9,7,4,6,11,2,2,5,4,5,4,6,5,7,4,8,0.705
7,7,8,3,6,7,5,4,3,9,4,3,6,5,3,10,3,1,7,4,0.6347
9,10,4,10,6,4,3,8,8,8,6,4,9,7,8,5,8,4,3,5,0.8134
6,5,3,6,4,7,6,6,6,8,8,6,10,7,2,6,7,4,6,7,0.68
8,5,5,2,8,8,6,4,8,6,8,4,2,8,3,7,4,3,4,3,0.6664
4,8,5,5,5,5,4,8,4,2,3,5,4,5,1,6,3,5,6,6,0.5423
5,3,5,6,4,4,2,3,3,5,8,4,5,4,8,3,6,4,6,6,0.5806
8,5,6,4,7,3,5,3,8,10,4,8,9,8,6,5,8,9,3,8,0.7421
7,5,4,8,8,11,9,7,3,8,6,8,5,2,9,7,9,4,6,9,0.7315
5,9,1,4,9,3,1,5,7,8,10,7,7,5,5,4,3,10,7,5,0.6408
8,6,4,7,8,9,4,6,6,2,8,7,5,3,5,2,4,5,2,5,0.635
3,6,4,5,4,6,7,2,7,6,8,4,1,6,5,4,2,5,9,6,0.5631
5,6,6,5,8,4,4,7,8,10,6,4,4,3,9,3,5,13,5,6,0.6941
3,7,2,3,7,5,6,7,7,3,2,3,5,3,7,3,9,9,6,8,0.5797
5,7,1,6,4,7,8,6,2,7,4,4,5,0,2,9,3,6,8,5,0.5588
6,3,3,5,9,7,8,4,9,4,8,3,8,10,6,8,6,9,7,6,0.7386
9,5,7,1,8,6,8,4,4,6,5,5,13,2,6,10,7,7,5,7,0.7038
5,5,5,8,3,10,7,8,8,9,4,5,4,6,5,3,5,7,5,3,0.6355
6,6,9,5,7,10,3,4,6,7,6,7,5,6,8,6,5,6,3,7,0.6974
5,9,3,3,10,9,6,6,8,7,5,9,9,4,5,5,5,5,7,11,0.7247
5,6,4,5,6,9,3,6,8,7,5,5,6,6,7,6,12,2,8,4,0.7138
6,9,5,6,7,8,3,5,7,6,6,7,3,7,4,7,6,3,9,6,0.7041
9,10,3,10,6,7,10,9,2,4,9,8,4,3,7,5,6,5,4,2,0.6818
4,5,5,3,4,9,5,7,5,8,7,5,7,5,7,6,5,8,4,3,0.593
7,5,7,7,10,5,3,4,4,4,2,9,7,8,6,4,7,10,4,2,0.6661
10,2,10,4,6,7,7,6,7,4,6,7,12,7,8,6,4,4,10,6,0.74
8,3,3,5,7,8,6,8,4,3,6,5,5,4,6,6,4,7,7,12,0.6976
7,2,7,5,7,5,4,2,6,7,8,6,4,10,8,6,5,7,5,5,0.6842
4,5,7,10,6,7,3,6,3,7,6,6,6,9,4,3,6,6,6,4,0.663
9,3,3,6,1,5,2,2,6,6,3,7,7,9,5,6,5,3,6,12,0.6594
3,7,6,3,5,8,8,8,6,2,5,5,3,2,4,6,4,6,6,5,0.5274
8,5,5,4,7,7,5,5,5,5,9,2,5,4,7,4,4,7,4,5,0.6507
7,5,5,4,8,5,6,4,5,10,7,5,9,2,8,9,2,7,5,5,0.677
6,5,5,5,8,7,5,7,2,4,7,3,8,5,3,8,7,6,8,3,0.6457
8,6,4,8,3,6,6,4,6,6,3,2,10,8,3,5,5,4,4,5,0.6268
3,6,11,5,6,7,3,7,8,5,8,5,7,6,4,10,10,5,8,4,0.714
7,7,14,6,10,9,3,4,7,10,6,7,7,12,7,2,7,8,4,5,0.8592
7,3,8,8,6,9,4,5,5,4,6,5,4,6,9,5,9,7,9,7,0.7377
9,4,7,6,3,4,6,6,6,7,7,3,5,3,6,4,0,8,9,5,0.6306
7,6,5,6,11,4,4,4,4,11,10,9,9,6,9,4,4,4,4,5,0.7294
7,3,10,5,3,4,5,7,6,8,4,6,6,6,3,9,11,7,9,5,0.7204
2,7,9,6,10,10,4,4,4,6,6,4,7,7,3,3,6,3,11,7,0.7107
7,3,5,8,7,7,5,6,8,2,5,2,6,5,5,6,5,11,5,5,0.6675
6,4,6,7,5,6,5,7,4,10,9,7,4,8,8,2,6,3,7,4,0.6618
9,10,8,5,7,5,3,3,7,7,8,3,4,1,5,7,7,7,5,8,0.6908
7,10,1,4,4,5,4,7,6,5,9,8,2,10,5,5,5,6,6,9,0.6552
5,2,6,8,4,7,6,6,3,5,4,3,8,5,11,5,3,3,6,5,0.6023
3,5,8,2,3,6,8,8,8,10,5,9,6,6,11,4,4,7,7,4,0.6368
6,4,4,4,7,7,9,9,5,5,8,8,5,8,3,3,0,3,9,6,0.6327
6,4,8,3,1,7,5,5,2,8,6,6,7,8,3,7,5,3,4,8,0.5935
4,7,3,3,8,11,7,8,3,2,9,9,4,7,6,7,12,6,6,5,0.6918
4,4,7,8,6,7,4,6,6,7,7,3,4,6,8,6,6,4,7,6,0.6517
5,6,5,2,6,5,8,2,9,4,4,6,4,7,4,5,3,5,4,6,0.5445
6,7,3,3,7,7,4,10,9,10,7,5,6,5,4,9,7,8,4,7,0.7247
12,8,11,6,7,11,7,5,8,4,10,5,2,9,5,2,6,9,3,5,0.777
3,7,7,8,5,2,12,7,6,5,7,2,8,6,3,12,6,8,7,6,0.6802
7,8,2,8,2,3,4,5,5,3,6,9,6,9,4,3,7,6,6,9,0.669
4,7,7,8,5,8,6,9,5,8,5,5,5,10,5,3,8,3,7,6,0.7178
5,2,4,5,9,8,5,5,7,4,2,5,8,4,7,3,5,6,5,5,0.6237
6,9,7,2,6,4,8,7,4,5,3,8,4,3,2,4,10,9,5,8,0.6433
3,3,11,4,9,3,4,8,5,7,7,3,8,7,7,4,8,3,6,7,0.6622
6,7,9,11,6,3,3,8,5,1,6,9,6,4,7,2,5,4,8,8,0.6854
4,5,7,5,9,7,7,7,6,12,4,5,5,7,4,5,11,5,2,3,0.6865
7,5,5,6,9,6,2,4,5,2,8,5,4,6,2,8,4,8,5,8,0.6911
8,2,4,6,5,1,4,3,7,3,6,4,6,8,6,4,8,9,6,8,0.6554
5,11,6,7,9,6,9,3,7,6,7,2,5,8,4,6,1,6,6,11,0.7439
8,6,6,6,8,8,10,4,8,11,6,3,3,6,6,6,5,3,10,4,0.729
4,8,5,7,5,7,6,4,7,7,3,8,0,5,5,2,5,10,8,6,0.5983
6,3,4,6,5,3,8,5,9,7,6,8,8,4,5,9,5,1,4,9,0.6627
6,5,8,3,5,3,4,1,9,5,1,7,6,6,7,6,8,5,5,3,0.5964
7,7,9,7,4,6,7,7,4,7,8,12,10,5,7,4,5,13,5,5,0.7435
7,8,5,8,7,6,7,4,7,10,3,4,2,5,5,7,9,6,2,6,0.6701
4,7,7,5,8,6,6,9,7,4,3,5,7,3,2,7,4,3,5,3,0.6071
4,5,6,7,7,2,4,5,7,6,5,3,7,6,7,3,5,5,8,11,0.6668
7,7,4,10,7,4,4,7,8,6,5,5,6,4,2,3,4,3,5,5,0.6191
6,3,7,3,8,5,5,2,5,6,7,3,4,7,5,3,3,5,4,3,0.5776
4,8,5,7,3,9,2,7,7,6,9,7,2,5,6,6,3,7,4,8,0.6253
5,4,2,6,8,6,6,7,7,6,8,5,5,6,3,4,7,8,7,8,0.6652
5,8,2,2,7,4,9,7,3,12,4,4,8,9,6,6,4,5,8,6,0.6587
4,5,10,8,8,8,3,8,9,4,8,4,3,3,6,5,6,5,7,9,0.6958
4,4,5,5,11,5,10,2,5,7,10,8,6,5,3,7,4,6,10,9,0.6901
9,4,7,3,9,7,7,3,4,7,5,4,5,4,12,4,10,6,8,8,0.7213
6,4,8,6,5,6,4,4,6,9,8,11,4,2,10,8,7,6,3,7,0.6798
6,10,4,7,3,7,9,6,7,4,10,4,6,5,9,5,10,4,5,8,0.7156
8,4,4,5,5,8,5,5,2,5,5,6,9,8,4,5,6,5,9,4,0.6598
8,4,6,7,3,3,2,6,5,12,6,4,4,6,5,8,7,6,6,4,0.7042
9,6,4,8,8,10,9,4,3,9,6,4,3,4,4,7,2,9,5,4,0.7135
7,3,1,6,4,2,11,6,4,4,10,4,4,4,6,6,3,4,13,5,0.585
7,4,5,10,5,5,7,6,2,7,4,2,5,5,3,4,6,4,5,4,0.6195
11,6,5,7,4,10,6,7,6,10,7,6,3,4,4,8,6,5,3,7,0.729
4,11,10,6,5,5,4,1,5,5,3,7,6,8,5,11,5,7,7,4,0.6667
5,10,4,7,9,4,6,10,3,16,7,5,5,5,8,3,10,8,4,10,0.7694
10,3,7,8,1,7,7,6,4,4,5,9,11,7,7,2,3,4,3,5,0.6431
4,6,11,5,7,5,5,4,4,2,2,5,7,3,6,7,6,6,5,16,0.6513
8,8,8,9,2,3,11,5,6,7,6,7,6,7,11,5,5,3,8,7,0.7027
6,3,10,5,4,4,3,6,11,11,12,7,8,6,10,7,3,7,6,7,0.727
4,5,9,6,6,6,9,12,4,7,5,6,5,6,4,1,7,9,5,0,0.6532
10,5,6,7,3,1,5,4,3,3,7,6,5,4,3,3,5,4,4,8,0.585
2,4,4,4,8,5,9,9,6,5,3,1,6,4,7,7,2,8,4,11,0.6195
7,11,5,7,5,10,3,6,1,4,5,3,2,7,2,2,3,7,8,6,0.6855
11,4,8,8,8,3,3,8,5,5,8,10,5,12,6,4,7,7,5,5,0.8277
5,2,6,3,6,9,2,10,4,6,6,4,3,7,3,5,3,5,6,7,0.61
6,6,2,11,6,6,3,3,6,4,6,8,5,7,10,4,2,6,2,4,0.6579
9,10,6,5,12,7,6,5,5,4,7,2,9,7,7,4,9,8,8,7,0.8477
4,8,10,4,4,7,3,9,5,6,5,8,3,5,8,1,8,2,3,9,0.6119
6,4,2,6,4,2,3,7,8,11,5,4,4,6,4,9,4,4,6,4,0.6247
3,3,4,8,8,3,11,2,5,6,8,6,7,6,6,2,10,7,8,8,0.6639
3,4,4,9,5,4,7,8,9,5,5,4,6,4,8,5,11,11,6,6,0.6899
6,10,1,10,5,4,5,2,4,7,6,8,5,8,7,4,5,3,3,5,0.645
1,3,4,5,9,3,6,7,2,2,2,2,6,5,6,4,6,8,10,7,0.5601
4,5,4,4,2,6,7,8,4,7,3,8,3,6,4,6,9,8,6,6,0.5803
4,10,7,4,5,4,6,3,6,7,6,6,2,3,9,4,8,6,6,4,0.5914
7,5,1,6,7,0,6,8,4,5,4,4,8,5,7,7,6,4,4,9,0.6761
9,9,5,3,4,13,8,2,6,2,10,8,10,10,5,3,8,7,8,5,0.7627
9,6,8,6,2,8,5,3,7,7,5,6,12,5,2,4,6,4,7,4,0.6733
7,3,9,6,7,5,12,8,3,8,8,9,7,9,8,7,13,8,3,2,0.7663
4,4,8,7,5,6,7,7,5,3,4,8,10,5,8,2,4,3,7,7,0.6383
6,5,3,2,5,10,3,5,7,5,7,5,3,7,4,10,9,4,6,2,0.6129
8,2,8,7,6,4,7,8,4,11,3,5,7,4,9,5,8,7,2,6,0.6905
6,10,7,7,6,10,7,7,4,5,7,7,6,2,2,9,9,7,6,10,0.7212
6,10,3,6,9,8,5,3,6,6,6,3,5,15,6,5,8,4,3,6,0.7647
5,2,11,6,5,5,5,6,12,6,6,5,5,4,9,5,3,8,5,7,0.6616
5,6,8,16,8,8,2,6,4,3,3,1,8,8,8,9,7,5,4,7,0.8
5,3,7,7,4,3,7,4,4,5,5,6,4,7,4,4,7,5,5,5,0.5727
5,10,9,5,8,8,3,3,5,10,9,10,7,5,4,6,4,6,13,4,0.7515
11,8,4,7,6,7,8,7,9,5,6,4,5,6,7,5,3,8,10,7,0.7633
9,5,4,5,3,12,10,5,4,6,6,5,7,3,4,4,5,7,9,6,0.6583
5,8,7,10,6,8,6,6,8,5,4,5,6,4,7,11,7,4,3,6,0.7024
10,3,3,5,6,5,4,6,3,11,2,5,3,5,7,7,7,6,6,4,0.6647
6,3,6,4,6,3,6,7,8,5,7,7,4,4,7,6,2,6,5,4,0.5955
4,9,9,7,7,6,5,4,7,6,5,5,2,3,5,3,3,9,7,10,0.6439
6,4,5,6,10,13,6,5,4,4,8,9,8,9,6,6,5,5,7,6,0.7519
9,6,5,2,6,7,1,6,7,7,6,8,9,8,9,4,4,6,6,9,0.7447
2,9,8,8,7,8,4,5,1,6,4,2,5,5,7,5,6,3,3,3,0.5978
5,7,8,10,7,5,4,6,5,7,6,8,2,7,4,5,7,6,5,5,0.7099
12,6,4,9,3,6,8,2,7,4,6,3,7,10,6,6,7,3,4,7,0.7348
7,9,5,6,6,4,6,5,11,9,11,4,7,3,7,10,5,5,5,2,0.7085
8,4,8,2,5,6,6,6,5,4,5,1,3,3,8,7,3,4,4,6,0.5838
8,5,10,3,6,5,6,2,5,6,7,5,2,7,3,9,6,7,6,3,0.6547
4,5,8,7,4,3,8,6,11,6,7,6,6,9,7,5,8,5,5,4,0.6779
7,10,3,4,6,7,3,4,6,2,8,6,5,6,4,8,4,7,6,6,0.6712
6,8,10,3,6,5,8,12,6,4,5,4,9,4,9,3,6,3,4,7,0.6646
4,4,10,6,7,4,4,4,7,9,4,7,6,6,2,7,6,5,7,8,0.6895
2,5,6,7,4,5,6,8,4,5,6,8,11,3,4,7,3,3,9,5,0.5653
3,9,6,9,4,4,4,7,5,3,9,4,6,7,3,6,4,8,3,3,0.6219
3,4,6,5,8,7,7,5,5,3,5,4,5,7,13,5,7,5,6,4,0.6342
9,8,4,4,7,7,12,6,2,1,5,8,5,1,6,10,3,6,9,9,0.6599
8,6,5,9,8,5,5,5,4,3,2,5,3,6,4,5,7,5,4,4,0.6378
6,7,5,8,6,6,8,5,6,6,3,6,5,4,6,3,3,5,6,5,0.6294
2,4,6,7,9,2,7,7,7,6,6,6,3,10,6,1,6,10,6,3,0.6345
4,5,6,8,7,2,3,13,1,5,3,4,6,3,8,4,9,10,7,5,0.6476
8,3,6,6,6,10,6,4,6,7,4,4,5,4,7,7,11,9,6,11,0.7344
5,3,8,2,3,6,6,4,9,4,5,8,6,4,5,7,6,6,6,5,0.5844
2,7,9,6,4,5,2,6,9,5,7,5,2,8,8,7,3,9,6,8,0.6528
8,6,7,8,6,4,3,11,6,7,3,10,3,6,7,9,5,9,5,5,0.7704
11,10,6,5,6,1,5,11,5,6,9,4,8,4,5,5,7,4,4,8,0.7438
5,5,3,3,4,6,8,6,6,5,3,9,4,4,6,9,5,1,4,3,0.5612
7,1,6,6,7,10,6,6,8,4,4,6,4,1,7,6,3,5,3,4,0.6319
4,7,6,9,8,8,6,5,5,7,3,5,7,3,3,7,8,7,10,4,0.6813
7,5,8,13,5,4,6,9,7,4,9,3,9,8,6,8,4,5,4,9,0.7837
6,6,4,4,4,5,3,9,10,5,9,4,2,5,8,6,2,7,2,6,0.5896
8,5,8,8,7,7,4,8,8,7,1,5,2,4,6,4,5,7,2,11,0.689
10,5,7,2,7,6,4,5,9,7,7,7,6,5,6,7,10,6,3,6,0.7621
2,8,3,3,6,2,5,6,6,3,4,7,6,5,7,1,7,10,2,3,0.553
4,5,6,8,9,4,2,6,4,8,9,9,5,5,5,6,4,8,4,2,0.649
9,10,3,4,11,7,7,4,5,7,5,7,5,10,10,9,4,7,8,2,0.79
4,7,5,2,7,7,4,4,6,5,10,6,3,15,2,9,8,4,2,4,0.6593
5,11,6,6,4,4,4,5,5,7,10,6,7,5,12,4,4,4,7,10,0.7203
7,5,5,13,2,5,5,7,6,5,4,4,8,6,4,3,8,12,7,4,0.7086
5,7,6,5,5,6,6,5,5,4,6,6,4,7,2,6,6,6,11,5,0.6173
4,7,8,6,3,4,7,7,4,6,8,10,6,7,4,5,7,5,5,5,0.6111
8,4,7,8,10,7,3,3,8,9,4,5,6,5,2,2,7,8,5,7,0.7434
2,10,3,6,6,4,11,4,8,1,7,3,4,6,5,3,7,8,5,6,0.5958
9,7,6,3,6,6,2,6,7,7,7,5,3,12,9,7,7,7,5,6,0.7565
1,5,9,6,5,7,2,9,5,10,4,11,1,7,5,10,9,3,4,3,0.6283
6,7,12,4,8,10,2,6,5,10,8,6,8,7,4,5,7,7,8,6,0.7753
9,6,4,3,4,5,2,6,7,8,9,3,10,5,5,6,3,3,5,4,0.6522
9,7,6,5,6,6,5,6,2,5,4,7,6,3,3,9,5,7,5,1,0.6541
3,5,6,5,2,10,6,9,2,6,9,5,7,3,7,6,9,4,3,2,0.5885
5,5,6,2,9,8,6,8,5,8,3,3,4,3,6,5,4,6,5,6,0.6264
8,7,5,5,7,5,6,6,6,5,6,2,5,7,6,3,8,6,2,9,0.7137
10,4,4,9,6,7,6,3,3,3,4,5,5,6,6,8,6,5,3,5,0.6762
3,6,11,10,8,5,9,6,8,1,10,6,7,6,6,4,10,7,2,6,0.7222
5,4,9,12,6,5,4,7,6,10,6,6,3,7,7,9,6,4,6,5,0.7482
3,5,9,8,7,8,8,5,7,6,5,6,2,6,8,9,3,3,5,4,0.6682
9,8,9,7,8,7,5,13,8,4,4,5,13,9,6,9,4,6,6,5,0.8358
2,8,5,8,7,4,4,8,3,1,7,5,4,3,9,1,7,9,3,7,0.5687
4,7,4,7,7,9,7,4,1,4,7,8,8,6,9,5,2,6,5,6,0.6699
9,13,4,5,4,6,4,10,2,1,5,3,6,4,10,8,2,5,5,5,0.6534
6,4,3,5,6,9,5,8,4,8,5,5,4,3,5,5,6,5,9,3,0.6489
10,6,5,5,9,12,6,4,5,3,6,6,10,6,10,3,7,5,5,5,0.7763
7,9,7,6,6,8,7,9,6,6,8,5,6,6,6,4,8,6,9,5,0.7635
5,6,8,7,7,3,9,8,5,9,4,4,8,3,6,7,10,6,4,6,0.7197
6,5,6,9,4,8,9,3,6,3,5,7,5,5,6,9,6,7,6,7,0.6746
8,7,4,9,12,5,5,2,8,6,8,7,6,5,7,5,6,6,7,9,0.7973
5,7,6,4,7,5,4,1,7,3,11,7,8,7,4,6,10,3,8,5,0.6661
6,5,3,7,7,3,5,2,7,7,6,4,3,9,4,6,9,4,8,7,0.6683
7,5,5,7,6,3,3,10,6,6,3,3,3,7,5,3,3,11,5,9,0.6686
5,7,6,4,10,8,9,6,3,8,4,4,1,6,6,7,5,5,12,3,0.7101
5,4,9,4,5,4,6,8,4,2,7,9,8,5,10,10,9,10,2,7,0.6972
4,6,8,8,7,3,11,8,5,7,7,10,4,6,7,3,4,3,5,6,0.6537
3,7,4,5,8,10,7,9,6,4,7,5,4,3,8,7,5,7,7,7,0.6647
6,1,3,4,5,7,5,7,8,7,5,4,5,6,7,6,4,4,5,6,0.5831
3,4,6,6,3,6,6,6,3,6,4,6,7,3,10,5,2,5,8,6,0.5585
9,7,6,8,5,10,6,9,6,6,4,8,2,2,8,13,7,7,7,8,0.7567
7,6,6,3,5,4,4,7,4,4,5,3,3,7,7,7,5,6,12,5,0.6703
7,5,5,11,4,4,2,4,8,5,11,4,7,5,9,9,3,7,4,3,0.6764
7,8,7,13,4,6,5,7,7,5,5,4,2,4,6,5,9,7,8,6,0.7453
6,3,2,3,6,10,6,6,7,5,4,4,6,2,8,2,5,3,6,8,0.6009
5,6,6,9,6,6,4,8,3,4,7,9,4,9,3,10,5,4,7,8,0.6834
4,7,7,5,6,8,6,7,11,5,2,7,6,4,6,8,5,6,4,6,0.6488
8,9,8,11,7,7,6,6,7,6,3,7,4,9,9,3,7,6,6,4,0.7999
6,2,5,7,6,5,9,7,4,5,10,5,4,5,4,4,3,6,6,4,0.6215
6,11,6,8,4,4,5,7,5,8,4,7,5,2,4,5,4,5,8,4,0.6268
5,6,6,6,2,6,8,3,6,7,6,9,3,7,9,7,2,5,4,4,0.6058
4,7,6,6,2,9,6,7,5,8,6,4,5,4,5,2,3,5,4,7,0.5738
6,3,13,6,3,3,8,2,12,4,2,5,6,5,8,7,8,9,6,9,0.683
5,3,7,7,2,8,5,3,5,4,8,6,7,8,4,4,6,6,7,4,0.6215
8,5,6,9,6,3,7,2,8,2,3,2,5,4,11,4,5,7,5,5,0.6685
11,8,3,6,5,4,3,8,7,8,2,8,5,4,5,3,2,3,3,7,0.646
6,11,8,7,6,5,4,6,9,3,4,9,5,6,8,8,9,5,7,5,0.749
8,8,5,6,4,4,10,11,9,9,6,5,4,5,11,6,4,4,10,5,0.7183
5,2,8,2,5,10,5,6,1,4,2,6,6,4,7,5,9,4,5,10,0.5758
4,5,1,3,7,2,13,3,10,7,4,1,5,4,10,7,7,8,4,8,0.619
5,5,6,5,4,6,3,4,6,7,4,7,4,6,5,12,8,6,6,4,0.6433
1,4,5,8,8,2,8,7,6,9,4,6,4,4,4,4,7,3,7,5,0.5885
7,8,7,4,7,5,4,8,1,3,9,8,5,4,9,6,6,8,5,4,0.7041
7,8,7,8,2,3,5,6,6,8,5,4,6,8,7,3,6,9,6,4,0.707
5,6,6,6,2,7,6,2,6,2,6,5,9,5,5,9,11,11,6,5,0.6418
8,6,9,7,11,3,7,5,7,6,13,4,5,7,4,4,10,4,8,1,0.8047
3,9,6,10,7,7,5,7,8,4,1,4,6,5,8,7,6,8,9,9,0.7049
8,3,8,7,7,5,3,1,4,7,5,4,5,8,6,10,6,6,6,5,0.703
4,2,8,4,5,9,4,5,3,11,6,11,3,5,4,6,7,5,4,6,0.5858
10,9,6,9,8,5,3,5,4,3,9,7,3,7,11,11,10,7,8,7,0.8744
6,6,8,3,5,8,6,9,7,7,5,6,10,3,2,3,4,4,7,7,0.6614
2,8,6,9,4,3,7,8,10,5,11,3,8,8,5,3,6,8,6,5,0.6972
6,7,5,9,8,4,3,7,5,5,4,7,7,10,10,4,4,3,8,7,0.7707
6,6,6,2,8,6,5,8,3,8,9,6,8,4,8,6,6,6,5,8,0.713
3,4,6,4,9,4,4,3,5,12,6,4,3,7,2,9,3,7,11,9,0.6717
1,5,12,7,3,5,3,4,6,3,5,7,12,3,4,6,4,6,3,8,0.5474
9,8,3,7,7,1,7,6,6,5,8,3,6,4,4,4,4,5,4,6,0.64
7,9,6,7,2,4,11,5,10,7,4,2,3,4,7,3,10,8,8,3,0.6591
6,12,4,7,11,7,6,3,5,6,2,6,3,8,8,6,4,6,5,7,0.7348
9,8,9,12,5,9,6,5,6,8,3,11,6,6,6,5,9,7,6,9,0.8334
7,6,3,1,8,4,3,9,7,5,8,7,6,7,2,7,6,7,2,3,0.6432
5,6,4,9,5,1,5,5,4,5,5,6,4,7,7,5,4,8,4,7,0.6308
7,2,6,7,6,7,2,4,3,5,8,9,4,8,9,5,3,8,4,4,0.6648
8,6,5,4,6,6,7,6,7,7,6,7,6,7,2,4,6,3,8,6,0.6734
8,6,5,4,5,10,5,6,8,3,12,13,4,4,4,4,8,7,8,5,0.748
6,9,2,5,8,6,6,5,8,9,7,5,5,3,2,3,4,5,6,5,0.6274
4,4,5,7,7,4,9,8,4,8,5,9,5,3,4,4,2,3,7,6,0.5904
4,5,4,9,5,7,7,2,3,2,5,4,8,11,3,11,6,5,8,6,0.7209
1,8,6,7,6,6,2,6,2,7,7,6,6,10,8,5,5,6,3,11,0.6651
7,8,4,1,7,8,3,6,3,9,7,2,9,6,5,8,5,6,5,8,0.7185
4,5,5,4,5,4,8,9,2,8,8,4,1,11,4,7,2,2,4,6,0.5828
11,6,5,5,11,11,5,5,2,3,5,6,3,3,7,6,7,2,5,6,0.7307
9,4,5,4,2,7,4,4,5,7,7,10,7,7,10,4,9,6,4,9,0.7234
4,7,6,10,3,6,15,1,4,6,3,5,5,7,6,8,8,5,5,6,0.669
2,4,5,7,9,6,5,4,5,3,9,5,3,8,9,2,2,5,8,5,0.6504
3,6,4,7,8,5,7,8,10,5,8,4,8,8,3,9,6,12,9,5,0.7522
3,6,7,5,3,5,11,5,8,4,7,3,4,6,7,5,10,4,5,7,0.6156
5,10,5,8,4,8,7,4,7,12,9,8,7,5,5,6,5,11,6,5,0.7665
5,9,4,8,5,4,5,9,4,6,4,10,5,3,9,5,8,7,4,5,0.6431
6,1,6,5,8,6,5,7,8,5,5,4,6,3,5,7,3,4,8,9,0.6436
8,6,9,5,3,6,10,9,4,11,6,5,5,5,3,9,4,6,9,6,0.6985
7,6,4,3,5,8,2,9,7,9,6,5,6,8,8,5,10,7,9,8,0.7609
3,4,2,6,7,4,6,4,4,4,6,3,6,4,5,5,4,11,5,7,0.5714
6,7,6,4,6,6,3,4,5,4,4,7,5,11,3,6,5,4,10,4,0.6164
8,4,12,5,5,10,3,6,7,5,4,4,8,7,10,10,7,6,5,12,0.798
5,2,7,7,8,8,6,11,2,8,4,3,6,7,4,4,6,5,6,7,0.6774
8,8,3,9,5,6,8,5,6,9,2,5,3,4,5,5,2,8,4,6,0.6407
9,4,9,8,10,10,3,6,5,7,4,7,7,7,2,10,8,6,2,8,0.8332
7,2,5,7,9,5,4,7,4,8,8,2,2,8,7,5,5,5,12,4,0.7397
5,6,5,4,6,4,6,7,5,5,1,7,4,4,4,3,9,6,4,8,0.5697
3,1,5,6,3,4,7,8,6,3,7,3,3,5,7,7,4,3,6,6,0.5412
7,6,9,6,8,3,7,4,9,5,6,2,7,8,5,3,7,7,9,6,0.7198
7,7,5,6,14,8,5,7,7,7,5,5,5,4,5,1,10,2,5,10,0.7586
6,6,2,14,5,6,5,4,7,4,2,6,5,7,5,5,7,6,2,7,0.7128
9,5,7,3,9,5,7,9,5,6,1,4,5,8,6,3,4,7,4,5,0.7095
2,7,8,9,9,5,3,5,4,6,7,4,2,4,7,8,6,5,5,7,0.6473
9,5,4,2,6,6,9,5,6,5,8,10,2,1,5,7,6,7,5,10,0.6412
5,7,5,3,4,2,4,6,3,9,5,9,7,4,4,5,5,4,6,6,0.5712
2,10,5,9,6,5,8,9,3,3,6,8,6,3,6,5,5,8,4,3,0.5971
7,7,5,3,6,6,4,7,7,7,4,9,4,4,5,7,6,7,4,3,0.5986
6,6,6,7,7,8,1,10,10,10,5,3,5,7,6,2,7,8,8,3,0.7593
8,4,4,8,4,4,6,9,3,7,12,3,15,7,9,5,4,5,9,5,0.7711
4,9,3,4,8,3,0,5,5,3,5,3,5,4,7,5,7,6,9,4,0.6397
7,6,5,10,6,3,6,8,7,6,7,6,5,6,7,3,3,5,7,4,0.6753
2,3,7,0,8,3,4,7,5,4,5,8,8,6,6,2,8,5,5,9,0.5588
7,3,8,5,6,7,7,6,10,6,7,3,8,11,5,8,4,9,4,3,0.7251
5,7,7,7,7,5,7,7,6,2,6,5,7,9,8,5,14,5,4,5,0.7166
5,7,7,8,6,4,4,4,6,6,3,8,5,4,8,10,6,6,5,8,0.7022
6,9,5,2,4,3,4,8,5,5,5,3,3,4,6,2,8,7,6,1,0.5497
5,5,7,8,5,5,5,8,7,4,6,6,7,6,10,10,3,5,6,5,0.6962
3,4,8,7,3,5,3,2,6,7,5,7,6,4,5,6,8,3,12,5,0.5937
6,5,5,9,4,4,4,2,5,6,6,6,8,3,8,2,9,5,5,10,0.6279
8,6,4,3,8,7,7,3,11,5,2,6,7,6,8,7,6,3,6,6,0.7066
5,5,12,8,4,4,3,5,5,10,7,4,5,5,5,6,7,8,9,5,0.7009
5,6,8,5,4,8,3,8,10,8,5,6,4,10,5,3,6,4,8,3,0.6976
3,6,4,5,4,7,4,7,7,4,10,6,13,8,6,6,4,6,8,7,0.6582
5,8,8,7,8,6,4,5,6,2,5,5,9,10,8,6,5,5,5,2,0.7274
4,12,5,4,3,5,7,4,5,9,7,6,2,5,5,4,7,6,10,10,0.6354
5,4,9,5,7,6,7,5,6,6,8,5,8,4,3,5,7,7,8,6,0.6788
7,7,2,10,3,4,6,2,8,4,9,6,7,6,3,9,7,6,11,7,0.7318
11,8,7,5,9,8,4,7,8,8,3,2,6,3,5,3,9,6,4,9,0.8047
6,3,6,12,8,6,10,5,5,6,6,2,8,5,6,5,12,2,12,6,0.7434
5,5,7,5,11,7,7,10,7,5,4,7,4,9,4,5,6,3,5,7,0.7323
6,3,5,6,4,10,4,1,10,3,6,6,6,4,9,3,6,6,6,4,0.6177
6,4,6,7,6,4,6,4,2,7,7,6,8,9,1,4,7,7,7,5,0.6752
6,6,3,4,3,4,9,5,11,8,7,7,8,3,6,6,6,8,7,7,0.6821
8,12,7,6,6,5,4,7,9,5,4,6,5,10,5,8,6,4,7,7,0.78
11,6,6,9,7,4,3,6,6,6,7,10,3,3,5,4,9,9,5,4,0.7512
7,4,7,10,5,7,5,6,5,3,3,5,5,9,3,7,9,6,8,7,0.7284
5,5,8,6,6,10,6,5,4,8,7,10,1,6,7,7,3,6,3,8,0.6873
6,7,6,2,5,5,3,8,11,10,11,4,4,5,7,6,5,1,6,8,0.6847
7,7,7,5,10,7,3,2,2,5,6,6,6,7,7,4,6,6,11,6,0.7347
6,14,5,8,4,4,5,9,4,6,5,7,4,8,10,8,3,11,7,5,0.7905
6,6,3,4,6,5,4,6,5,5,3,6,6,6,5,6,3,5,11,10,0.6467
4,6,10,3,1,2,10,10,8,7,6,4,7,2,8,4,5,5,8,9,0.6089
5,5,7,2,5,7,4,7,7,4,9,11,5,6,3,7,4,5,6,6,0.6193
4,7,7,8,2,9,9,6,0,5,6,5,8,11,9,5,4,7,5,3,0.6715
7,3,6,8,8,6,5,6,5,10,10,2,10,4,12,7,8,4,2,5,0.7486
3,6,7,3,6,8,4,8,5,8,12,4,5,2,3,4,8,8,7,8,0.6648
5,6,5,6,5,6,4,10,4,6,5,6,8,8,8,5,1,6,5,12,0.6856
6,3,7,6,5,8,7,8,3,6,5,7,11,5,5,8,9,5,6,8,0.7207
4,6,3,8,7,5,6,5,10,5,6,8,8,2,8,8,4,5,4,7,0.6268
8,2,6,3,4,8,7,11,5,3,5,5,6,8,6,5,5,5,5,6,0.642
8,2,5,8,6,5,5,4,7,2,6,10,6,8,4,8,7,4,7,6,0.7304
7,5,5,1,5,7,6,5,8,6,6,8,6,3,5,5,6,7,6,6,0.6269
5,5,6,3,2,3,6,9,4,5,3,6,6,4,6,6,6,9,9,9,0.5912
8,3,4,9,6,8,5,6,5,11,8,8,9,4,5,7,9,7,5,7,0.7515
4,5,6,5,8,3,3,6,7,7,6,6,5,6,7,9,6,7,4,5,0.6684
6,6,4,1,3,9,7,11,3,5,4,5,8,8,6,10,6,4,4,9,0.6554
7,6,6,3,9,0,8,4,7,5,6,5,6,3,5,5,1,6,9,8,0.6437
3,9,8,10,9,7,8,8,6,3,6,8,7,7,3,3,6,9,6,4,0.7276
6,10,8,8,6,3,11,4,4,3,5,6,10,9,6,6,6,7,2,5,0.682
9,6,4,7,4,4,5,8,4,11,8,6,8,2,7,5,7,7,8,3,0.7198
4,7,4,9,5,10,3,8,8,9,5,4,4,3,8,2,7,3,10,9,0.6517
6,8,11,4,8,5,7,11,2,4,5,9,6,7,9,5,10,13,6,2,0.753
5,8,4,2,2,7,7,3,1,5,6,8,7,4,7,6,8,6,5,8,0.5747
6,7,3,3,6,7,6,4,4,10,3,4,9,5,6,3,4,5,5,7,0.6238
6,6,2,2,3,7,4,8,7,5,6,6,4,13,8,9,4,9,5,10,0.6773
8,10,2,6,8,6,8,11,5,7,5,8,0,4,5,3,11,5,3,8,0.6931
6,6,8,7,11,5,5,2,4,6,9,8,8,3,4,5,5,8,8,6,0.7274
5,8,5,7,2,6,7,8,6,4,2,10,2,7,6,2,6,10,6,9,0.6416
7,6,6,5,6,8,5,8,5,6,5,8,4,6,8,8,2,4,10,4,0.6809
5,8,5,3,6,6,7,5,6,7,6,10,6,2,6,13,5,7,8,8,0.6967
3,6,8,5,7,7,6,8,7,5,11,5,6,3,7,3,2,4,4,3,0.6129
4,2,13,3,8,5,10,5,4,8,8,5,4,7,4,2,7,6,5,4,0.6441
1,5,7,7,5,3,5,6,5,9,5,3,7,10,6,8,8,5,3,5,0.664
10,3,8,8,4,5,4,5,6,5,8,6,12,7,5,5,3,8,8,4,0.7606
5,9,6,6,5,8,6,6,4,5,6,6,10,5,4,3,5,9,5,11,0.6859
3,5,5,8,8,5,9,7,11,4,10,4,12,7,3,11,8,7,5,9,0.7814
5,10,9,8,3,5,1,7,6,7,11,5,6,5,5,3,8,6,4,5,0.6699
4,8,9,4,6,9,2,6,2,6,5,10,4,6,4,4,4,4,6,6,0.5971
4,7,3,8,8,3,6,7,8,3,4,9,5,5,6,8,4,4,3,12,0.6694
8,4,6,5,7,5,5,5,9,6,6,6,9,4,4,9,5,4,3,10,0.713
5,2,5,7,8,5,8,4,3,5,5,4,8,3,4,6,9,6,5,4,0.585
4,6,3,6,10,3,7,6,4,5,9,6,6,6,3,8,12,4,8,13,0.7182
6,3,3,5,5,6,9,5,4,6,7,6,4,8,6,5,3,3,8,7,0.6224
5,6,7,5,8,7,5,10,6,1,5,5,6,6,10,6,7,2,2,8,0.6716
6,3,5,7,10,3,6,6,3,4,4,8,5,5,3,7,2,4,13,11,0.6702
4,5,10,5,7,8,7,3,9,5,6,7,6,7,4,6,6,6,6,3,0.6708
10,13,9,4,6,7,4,4,7,8,8,6,7,6,6,5,4,8,6,2,0.7497
5,9,7,8,5,6,3,11,5,8,7,7,3,5,6,7,3,9,9,6,0.7252
5,10,6,9,5,8,5,9,8,7,4,9,5,9,4,3,7,3,10,7,0.7587
3,6,7,8,8,6,3,4,8,4,3,7,11,4,7,3,6,7,2,2,0.6393
7,6,5,4,4,2,6,6,4,6,8,7,10,5,8,4,6,7,6,5,0.6513
7,5,2,6,11,2,3,7,8,4,6,3,11,6,4,12,8,4,12,7,0.7734
1,6,2,6,6,7,8,3,5,9,6,3,9,2,6,2,5,9,5,8,0.5771
6,4,4,10,4,5,3,4,4,7,6,6,8,4,4,4,11,5,8,7,0.6566
7,7,5,8,9,4,6,4,8,8,12,5,8,8,7,6,7,7,13,4,0.8175
7,2,2,5,3,5,5,9,6,3,6,3,9,6,4,7,12,7,3,0,0.6068
8,9,5,12,2,7,8,5,4,8,5,6,6,5,4,6,6,3,9,9,0.7339
9,3,6,6,4,2,4,9,1,5,4,6,9,7,7,2,3,6,2,5,0.6278
4,3,6,9,9,9,7,2,5,3,4,10,10,8,9,8,6,2,8,6,0.7148
4,4,8,3,2,7,2,7,7,7,4,6,7,9,4,3,7,7,4,5,0.5914
10,5,12,11,4,7,8,7,10,9,9,9,6,5,6,3,8,9,6,5,0.8424
6,1,5,5,2,3,7,7,5,11,3,7,6,9,9,5,4,6,6,7,0.619
6,5,5,4,10,10,3,3,2,8,7,5,3,2,11,9,6,9,6,5,0.6849
5,6,6,5,2,6,5,5,4,5,8,8,11,6,8,4,10,4,2,7,0.6352
5,8,5,8,9,8,8,5,7,2,3,5,7,6,3,7,10,7,4,11,0.7277
8,5,5,11,5,3,4,5,10,7,8,3,9,3,4,9,3,8,4,9,0.7241
5,8,7,5,2,5,5,7,1,7,3,5,5,2,9,2,4,7,6,4,0.5462
7,6,5,10,3,5,7,5,9,1,5,7,3,7,9,6,5,6,6,5,0.6975
7,8,8,10,5,6,6,6,2,4,7,7,9,10,7,8,7,8,10,4,0.7906
6,5,11,7,5,9,8,6,5,3,5,8,9,8,4,4,8,6,8,10,0.7394
4,9,4,5,6,10,9,6,10,3,4,10,5,4,7,4,5,6,11,4,0.6572
8,9,9,4,3,11,7,5,3,4,9,7,9,6,6,6,5,9,10,5,0.7632
4,2,5,6,5,6,9,3,9,4,5,8,5,10,13,8,6,6,5,9,0.7096
5,3,9,8,6,3,6,8,6,6,9,4,5,9,7,5,6,8,6,10,0.7472
7,7,1,6,3,5,6,10,4,7,8,5,3,7,7,1,10,5,8,5,0.659
3,5,3,9,7,2,5,6,7,4,9,9,4,7,6,3,6,7,3,3,0.6223
1,7,12,8,10,3,0,3,9,7,7,6,6,2,2,11,7,5,5,6,0.6261
7,4,3,9,5,5,7,3,7,4,6,5,5,5,6,5,5,9,4,7,0.6162
8,2,3,5,6,8,5,9,6,5,4,3,10,6,5,7,3,11,3,5,0.6842
6,10,8,2,5,4,3,11,4,9,9,3,12,8,6,6,3,5,3,7,0.7253
5,6,4,4,9,8,4,7,5,12,6,4,5,5,7,7,6,5,8,3,0.7254
9,3,4,2,11,5,8,7,6,7,3,4,7,3,6,6,10,8,6,4,0.698
7,4,5,7,6,5,6,2,9,5,8,9,0,6,5,6,10,5,6,9,0.6771
6,4,3,5,7,4,3,7,3,7,3,6,4,4,11,4,4,7,7,7,0.5863
4,5,6,3,9,7,3,3,6,8,5,6,3,6,5,5,5,2,6,7,0.6096
8,4,5,7,3,8,7,7,6,6,12,12,3,6,7,4,4,7,8,3,0.6925
4,5,5,6,7,5,2,8,8,7,4,7,6,2,3,11,5,4,2,5,0.5994
8,7,10,8,6,3,8,6,7,5,5,4,5,5,10,8,5,5,7,6,0.7327
5,8,7,3,6,4,7,6,6,6,8,9,5,8,6,7,5,6,1,4,0.6325
7,7,5,3,7,3,3,4,4,2,6,2,10,2,3,5,8,6,6,5,0.6134
6,6,4,6,5,9,6,3,2,5,3,3,12,4,11,4,11,4,3,7,0.6511
4,8,7,6,6,8,9,1,7,7,2,6,5,6,6,6,10,4,4,6,0.6302
5,4,3,6,8,3,5,4,3,6,6,4,7,9,7,5,7,7,6,9,0.6734
6,6,7,4,7,5,5,8,6,8,11,5,8,3,4,3,5,8,12,9,0.7102
6,3,7,3,2,3,12,3,7,8,6,7,5,2,4,5,4,6,6,5,0.5377
5,9,4,8,7,8,8,7,8,6,4,8,3,2,5,8,6,7,6,6,0.6871
6,4,6,8,6,6,9,5,9,6,10,11,7,7,4,3,7,4,7,4,0.722
7,6,4,8,1,10,2,4,4,7,8,7,5,1,3,8,5,6,6,8,0.6278
5,6,5,6,5,7,5,7,3,5,4,9,10,5,4,5,7,12,7,0,0.6583
6,8,6,5,8,3,6,4,11,5,10,5,6,10,6,4,7,8,9,9,0.8137
9,5,4,3,6,4,4,5,5,8,3,9,2,5,1,4,8,6,8,7,0.6356
3,4,9,2,8,6,7,3,7,8,5,4,7,4,5,6,7,10,7,6,0.6638
2,5,4,2,5,5,7,10,5,9,6,6,2,6,3,9,3,5,3,5,0.5368
5,8,6,6,7,6,5,4,4,5,6,4,6,9,9,14,9,6,6,4,0.7515
4,9,6,9,9,2,6,6,5,11,3,8,9,6,4,6,7,2,6,3,0.6468
7,4,8,5,7,5,11,4,6,4,5,7,7,8,7,3,10,3,7,9,0.6774
4,9,5,7,5,2,5,3,11,4,2,8,3,8,8,6,6,6,4,7,0.6374
6,7,7,7,6,6,4,4,10,11,6,11,4,6,9,5,1,3,10,8,0.7298
6,5,5,5,8,9,6,7,3,2,6,5,4,7,4,1,8,3,10,2,0.6511
6,7,5,13,3,4,3,2,10,6,6,6,9,6,6,8,5,5,4,7,0.7097
5,8,4,9,6,3,2,3,5,8,4,2,5,6,6,8,5,3,5,3,0.6115
5,10,7,7,7,7,7,3,10,7,3,2,8,7,10,6,11,10,3,8,0.7666
11,9,7,7,4,7,8,3,5,6,5,5,4,5,5,5,5,12,7,3,0.709
6,8,8,4,9,5,4,5,8,8,4,3,6,4,7,9,3,4,4,4,0.6798
6,7,10,3,3,6,4,3,6,2,6,7,7,7,3,6,11,4,5,8,0.6335
6,3,3,7,9,6,7,3,7,5,2,5,5,8,6,10,7,5,7,5,0.6885
8,4,7,5,6,4,4,10,3,8,5,5,7,5,4,1,14,3,10,3,0.7154
4,6,10,3,7,9,7,1,2,6,9,7,7,6,4,9,11,4,3,3,0.6496
5,8,8,6,5,5,7,7,6,5,5,8,4,7,6,4,8,7,8,3,0.651
4,10,6,5,8,5,4,1,3,3,5,5,2,11,4,8,9,10,5,5,0.6826
7,8,4,5,5,4,5,6,6,4,5,5,5,9,5,5,8,3,6,8,0.6773
6,7,3,4,4,3,12,5,1,3,3,4,6,4,6,3,6,5,4,4,0.5333
4,5,4,5,8,3,8,8,6,5,10,4,6,3,5,12,9,7,3,6,0.6819
10,8,6,7,8,5,6,12,5,7,1,2,8,6,4,9,6,4,9,3,0.7756
5,2,3,4,6,2,3,7,2,6,10,9,4,11,3,0,8,8,4,6,0.5898
8,10,6,9,4,2,5,6,6,3,9,3,7,5,7,7,9,6,9,11,0.7633
8,11,7,5,8,2,6,7,8,5,4,4,6,7,7,4,2,7,5,6,0.7071
9,4,7,3,10,5,1,3,5,10,11,3,6,3,6,6,7,7,7,5,0.7456
8,4,7,7,5,8,2,9,3,6,13,6,4,5,9,5,6,6,2,6,0.6972
4,3,10,7,7,5,10,8,7,5,5,2,5,10,5,8,3,6,6,6,0.6956
5,8,6,5,2,8,8,7,5,6,4,6,7,5,6,5,5,7,7,8,0.647
6,4,8,4,11,3,5,3,6,5,4,7,7,5,5,9,4,2,6,4,0.6353
6,1,6,2,5,3,3,3,8,6,6,6,4,6,5,6,8,4,6,9,0.6156
6,6,6,10,3,5,11,4,4,5,3,3,7,7,6,8,8,4,12,7,0.6742
6,5,7,6,3,7,11,5,6,12,7,2,9,5,6,2,7,11,5,3,0.6795
2,11,8,6,7,7,5,3,3,5,7,3,5,4,6,11,6,3,6,5,0.6503
4,5,5,2,3,12,2,7,3,5,9,10,6,5,8,10,5,7,8,3,0.645
3,6,6,4,4,12,7,4,8,2,10,8,2,4,3,5,5,5,7,5,0.5872
8,7,3,5,8,6,3,3,5,7,9,3,6,10,3,4,6,9,5,10,0.7483
5,2,5,6,5,8,2,10,4,10,4,4,9,5,5,5,8,8,4,2,0.6437
4,2,11,5,8,5,6,5,3,4,5,9,7,4,4,6,7,1,5,4,0.5709
7,6,4,7,7,9,5,5,10,6,5,8,8,3,9,5,8,6,1,8,0.7166
8,2,10,5,6,8,6,5,7,6,5,8,3,6,4,5,6,6,6,1,0.6425
7,4,12,5,7,4,5,2,5,5,7,7,3,9,5,6,8,5,5,11,0.7197
8,10,7,7,5,7,3,6,5,2,6,6,4,10,8,4,9,6,6,3,0.7365
9,10,5,5,10,4,10,2,6,6,7,7,8,6,2,3,9,4,10,5,0.7381
6,8,6,4,11,8,4,6,4,4,9,3,7,3,9,2,4,4,7,7,0.7095
7,6,3,8,6,6,6,5,7,1,8,9,4,5,6,9,9,8,9,6,0.7221
7,5,6,6,9,7,1,5,5,3,8,8,5,6,6,7,12,2,6,13,0.7564
9,3,10,6,2,5,5,9,5,5,6,9,7,7,4,6,7,3,5,8,0.6857
9,9,6,6,6,3,6,5,6,6,9,9,4,5,6,8,8,12,4,9,0.7217
6,6,3,3,6,2,11,5,5,7,4,2,8,5,5,7,4,5,8,6,0.5894
5,5,6,6,4,9,9,4,4,4,5,5,11,7,3,7,10,3,8,3,0.6534
8,6,12,8,5,1,7,11,7,2,4,9,7,6,6,3,6,5,1,4,0.6984
7,10,3,7,6,9,4,4,7,5,5,6,3,1,6,9,9,8,9,3,0.6872
3,3,6,5,8,3,5,6,4,10,7,9,6,6,9,1,7,8,4,6,0.6564
4,5,9,7,8,11,4,2,6,6,7,5,3,9,5,4,3,3,6,7,0.6697
7,5,4,6,5,4,4,4,4,7,11,8,9,4,6,5,4,4,2,13,0.6727
2,4,8,5,8,6,7,9,4,6,5,8,6,2,7,4,8,5,4,8,0.6193
8,5,4,4,6,3,5,6,4,4,7,8,2,7,9,5,8,4,6,7,0.6732
3,8,8,6,2,4,6,9,7,7,7,8,3,6,7,4,8,9,3,5,0.6443
5,3,4,6,3,7,6,2,5,4,4,4,9,4,4,7,3,5,8,5,0.5854
5,6,3,6,7,6,6,7,11,8,12,1,10,8,1,5,10,9,4,3,0.7298
6,8,3,7,8,7,1,7,7,10,6,7,6,8,4,1,1,8,5,4,0.6981
7,6,9,11,5,5,12,7,8,8,11,4,7,7,6,10,5,7,8,5,0.8106
2,5,3,4,8,8,4,7,7,6,7,6,14,1,8,2,5,6,6,6,0.6335
8,3,6,6,3,5,9,5,6,5,6,5,5,3,4,8,5,7,7,10,0.6522
2,6,7,4,4,1,6,6,7,6,4,4,5,4,5,4,7,6,10,3,0.5109
5,8,6,10,6,7,10,5,4,6,3,3,6,9,7,7,3,7,3,5,0.7149
5,5,3,6,6,9,8,8,7,7,6,2,7,4,8,3,5,7,3,5,0.6448
5,5,10,9,3,3,4,8,10,8,8,6,7,6,4,6,4,12,4,9,0.717
5,2,9,6,3,9,2,5,3,10,6,8,3,8,5,5,5,6,11,4,0.6557
6,3,4,7,10,9,2,7,4,6,7,9,4,10,6,8,7,3,3,6,0.7539
6,9,3,8,7,7,7,4,4,2,8,11,8,5,4,5,4,6,5,6,0.6647
4,3,2,5,5,8,8,3,5,6,3,6,6,4,5,8,7,5,8,8,0.5792
5,8,4,7,8,9,8,11,11,10,9,3,5,8,6,5,4,6,5,7,0.785
8,7,5,6,7,5,5,8,5,3,5,5,8,7,4,10,4,5,7,6,0.7043
8,3,7,7,8,8,4,5,3,3,7,10,5,5,5,7,6,4,4,6,0.7019
7,7,4,4,7,7,7,3,10,7,5,5,7,9,7,10,8,2,6,10,0.7355
8,7,6,7,7,4,3,7,8,7,5,4,5,6,3,3,3,12,5,7,0.7257
4,2,9,5,9,3,5,3,5,7,8,6,7,6,5,8,9,3,3,7,0.6779
3,9,9,9,6,7,6,2,4,8,6,5,4,4,2,5,8,6,4,2,0.5739
5,6,6,8,7,5,9,4,4,4,9,5,6,4,7,6,7,5,7,2,0.6461
6,10,8,6,7,13,9,6,7,4,9,9,5,6,7,2,3,9,5,8,0.7385
4,7,6,7,10,5,10,6,8,6,7,6,10,10,4,5,8,5,9,5,0.7895
5,5,8,10,4,7,7,4,5,6,4,4,4,7,7,8,4,7,8,5,0.6884
5,12,3,4,1,4,7,6,2,4,8,7,3,11,6,5,5,5,5,8,0.6105
6,3,9,8,4,5,4,10,4,5,9,5,3,6,5,5,8,7,4,6,0.6942
7,8,9,5,10,6,8,5,6,4,6,9,5,3,4,4,1,5,4,0,0.6215
4,4,4,6,8,7,5,8,4,4,5,10,5,8,7,9,4,7,5,3,0.6567
5,2,6,5,7,5,9,8,8,8,9,7,5,6,8,4,2,8,5,7,0.67
5,11,8,4,13,7,6,7,6,1,8,5,6,5,7,2,5,4,4,7,0.7008
4,5,4,6,5,7,7,5,6,8,6,6,7,8,7,3,6,5,6,8,0.6468
2,3,5,9,9,10,5,7,7,9,4,2,4,6,2,6,3,4,10,4,0.6464
3,7,7,3,6,3,6,7,6,5,7,3,6,5,6,9,4,11,7,2,0.6318
4,5,8,7,4,2,7,6,11,15,7,7,5,12,8,5,5,7,1,4,0.7002
6,4,6,6,5,5,5,5,3,5,5,5,8,6,5,2,1,5,5,9,0.587
9,6,6,4,9,1,7,5,4,6,8,5,7,4,6,4,4,4,6,5,0.6606
6,4,5,6,5,7,3,5,5,5,7,7,4,7,4,1,7,5,6,4,0.6098
6,5,2,9,6,5,6,10,6,8,2,0,7,5,5,4,8,6,6,3,0.6597
5,4,6,4,10,5,7,5,3,9,5,5,8,5,9,3,7,8,8,9,0.6841
5,2,3,6,9,1,4,4,8,6,8,3,11,8,5,7,2,7,4,4,0.666
7,3,5,7,2,7,3,8,8,9,7,5,6,7,4,3,5,8,4,10,0.6969
5,0,6,6,3,7,7,7,6,9,4,5,9,8,6,6,7,6,3,11,0.6674
4,5,11,6,4,3,13,9,4,7,5,8,6,5,7,5,4,7,7,9,0.6742
6,5,4,8,6,7,7,5,9,4,6,11,9,3,2,7,5,5,7,10,0.6645
7,10,5,8,5,10,7,8,4,5,3,4,6,3,1,5,5,10,7,5,0.6592
6,3,8,2,3,7,6,6,4,5,10,6,1,7,9,4,6,4,6,8,0.6294
4,6,5,4,1,4,7,10,5,8,3,8,6,12,9,7,5,7,7,7,0.6824
8,8,10,1,4,4,3,5,5,8,10,7,4,6,7,5,7,6,7,8,0.7016
7,1,2,5,3,6,5,6,4,10,8,4,7,2,11,4,6,4,4,3,0.5943
5,5,7,5,9,5,11,4,4,6,5,9,3,8,5,9,6,10,5,6,0.6681
5,11,8,8,2,6,7,6,4,5,3,5,6,2,7,6,2,9,10,4,0.6432
10,6,2,6,7,5,6,5,5,4,5,6,6,9,5,3,7,6,3,2,0.6819
8,7,8,4,5,4,7,7,4,8,6,2,5,6,5,5,1,9,6,3,0.6224
8,6,4,7,8,6,5,3,10,9,5,9,1,5,3,7,3,4,5,5,0.677
4,4,3,6,7,7,3,6,7,7,10,4,6,6,6,8,6,2,7,5,0.6816
7,7,7,9,8,4,5,7,4,7,5,7,4,10,6,2,6,3,3,6,0.7036
7,9,5,8,4,6,2,3,6,5,10,10,4,3,8,4,4,8,5,8,0.6553
6,5,5,5,3,3,6,7,5,8,9,3,10,9,4,9,1,5,6,13,0.7066
4,5,6,8,5,6,5,8,8,7,5,5,8,11,10,10,4,6,2,6,0.7249
7,3,7,3,6,5,6,3,6,7,3,9,6,11,3,6,8,6,4,9,0.6632
5,10,6,4,4,6,7,5,4,7,6,4,5,4,4,3,5,7,4,7,0.5991
5,6,9,4,3,14,5,4,3,5,4,5,3,3,8,6,8,6,9,11,0.6506
8,9,2,6,7,5,0,3,4,6,4,10,8,10,5,7,5,7,4,5,0.7347
9,5,10,6,5,6,4,4,7,8,8,6,2,4,9,3,6,5,6,3,0.716
6,5,7,3,6,5,6,1,5,6,7,11,8,2,5,6,7,4,6,6,0.6182
2,7,1,4,10,8,5,6,3,6,6,4,9,3,5,4,9,6,9,6,0.6453
4,12,1,3,6,6,7,7,8,5,5,4,5,7,3,7,5,8,1,3,0.5943
6,5,7,10,9,6,4,5,4,2,3,6,4,4,8,8,4,3,11,4,0.6993
4,4,7,9,11,4,9,6,5,10,2,7,8,7,7,5,8,8,6,3,0.7492
5,6,10,7,5,6,4,6,6,6,3,7,5,4,8,3,4,7,8,8,0.6574
8,10,4,8,3,12,6,8,3,7,5,8,6,7,6,7,7,4,5,6,0.7263
9,6,4,2,6,6,9,9,7,5,5,3,7,3,13,12,4,8,7,5,0.7435
7,10,5,11,5,6,3,6,4,8,9,4,3,7,6,5,2,6,6,3,0.7156
5,5,2,4,7,4,3,8,7,9,8,12,6,7,7,3,5,5,5,6,0.6545
10,9,4,6,9,5,5,6,6,5,10,4,6,7,5,6,3,6,3,9,0.768
6,6,5,7,4,3,5,6,5,2,5,5,5,5,1,5,7,8,6,6,0.6141
5,5,7,7,6,10,5,9,7,7,7,8,6,7,6,13,10,7,9,8,0.8014
4,10,5,7,5,8,8,2,5,5,5,4,7,6,9,4,7,10,2,7,0.6718
8,9,7,9,3,3,8,6,8,6,6,3,5,6,10,4,7,4,8,5,0.7005
5,3,5,6,5,6,7,1,7,5,6,4,3,4,7,7,10,11,4,6,0.6252
5,4,8,4,6,4,9,5,6,5,4,7,4,5,6,4,4,4,4,4,0.5691
7,6,2,7,5,5,3,8,5,6,4,10,4,9,6,5,7,5,4,7,0.685
3,6,2,4,9,4,5,4,10,9,4,4,5,3,7,4,6,4,7,7,0.6279
6,8,6,4,4,4,3,4,6,8,3,9,7,8,9,4,7,4,2,7,0.6487
4,4,6,5,3,11,3,7,3,6,8,5,6,5,3,5,5,3,6,9,0.5773
8,3,3,5,10,7,5,7,6,7,8,7,4,4,9,6,3,4,6,4,0.6776
6,5,8,3,7,10,3,3,3,6,10,8,4,7,7,5,5,7,9,6,0.6909
6,8,6,4,8,8,3,6,8,4,12,3,5,4,2,3,5,10,7,3,0.7088
2,4,2,5,7,6,8,4,4,4,4,5,7,7,7,4,5,6,5,7,0.5633
5,6,4,5,5,3,4,4,7,2,1,8,5,3,2,7,3,3,7,4,0.5422
3,4,11,8,9,5,4,6,3,4,9,5,5,7,4,9,2,2,6,5,0.6497
4,11,6,4,1,1,6,10,5,4,5,8,9,8,6,5,4,4,11,5,0.6296
5,3,7,3,7,5,8,10,13,5,5,5,8,8,7,6,1,2,5,8,0.667
4,6,7,4,9,6,7,8,6,6,8,4,3,6,10,12,6,4,4,3,0.6674
5,3,5,6,6,4,8,7,8,5,7,11,2,8,10,9,5,8,5,3,0.6985
5,10,9,2,8,7,2,6,5,3,3,7,6,10,7,4,9,6,7,5,0.6804
3,5,4,8,5,13,5,10,4,10,7,6,5,8,8,9,5,11,4,8,0.761
7,8,6,6,5,4,10,4,7,10,10,10,6,3,6,7,4,4,9,4,0.6782
7,13,7,7,6,6,3,5,3,2,6,11,7,8,4,7,7,3,6,3,0.7138
5,8,9,4,7,8,6,4,5,6,5,7,5,6,11,4,10,8,4,7,0.703
5,7,4,8,4,7,6,6,5,7,6,5,2,8,8,3,7,8,7,4,0.6513
5,9,8,7,4,10,9,4,3,4,7,6,6,11,3,7,8,7,5,4,0.7484
6,7,5,4,8,11,7,4,8,6,6,6,9,8,6,11,3,2,3,4,0.7088
7,4,6,6,5,5,8,4,4,3,4,3,6,9,8,4,7,8,4,6,0.6803
2,3,6,10,5,10,5,8,7,4,4,6,7,2,9,2,10,7,6,0,0.637
2,5,4,8,3,11,8,6,6,7,6,5,7,5,6,4,6,4,5,10,0.6308
6,2,7,6,5,8,9,3,3,9,6,6,5,5,5,8,9,8,5,4,0.6515
1,7,4,7,9,3,4,2,6,4,10,3,2,9,5,8,7,6,6,4,0.6467
6,3,6,10,6,5,5,9,4,7,6,6,6,8,6,9,8,2,2,5,0.7097
3,3,7,3,6,3,7,3,6,4,3,4,6,4,6,6,4,6,9,5,0.5442
5,3,7,4,9,4,3,5,11,6,4,6,6,5,2,8,9,5,8,5,0.6886
4,5,6,2,6,7,6,7,10,7,3,6,4,9,5,3,4,7,3,5,0.6079
9,3,6,1,4,8,5,9,9,6,4,6,9,5,4,2,6,6,4,7,0.6426
3,8,4,7,7,7,7,8,4,6,11,5,4,14,9,6,8,8,5,7,0.7704
6,7,10,5,5,5,9,8,6,7,8,2,8,14,6,3,1,6,4,10,0.7358
4,6,6,5,4,4,6,3,2,8,4,3,3,4,3,5,8,6,6,7,0.561
5,7,3,3,7,11,4,5,7,1,6,2,11,6,6,7,1,11,8,4,0.6627
5,5,5,1,11,6,3,6,5,3,4,8,3,4,6,3,4,7,6,3,0.5503
10,4,5,6,7,3,4,7,9,5,6,11,6,10,4,4,6,2,9,6,0.7199
5,10,6,2,3,10,3,9,5,5,6,9,7,8,7,8,2,7,4,5,0.6786
6,5,5,11,8,4,7,4,8,8,6,4,4,3,6,6,7,6,5,10,0.6955
6,4,5,6,6,5,3,4,5,5,6,9,6,6,6,1,5,8,5,5,0.6321
6,6,3,2,7,12,4,6,6,9,6,1,4,6,6,6,8,7,3,6,0.6569
4,7,5,4,6,6,7,8,4,5,7,3,2,4,4,4,6,8,6,9,0.606
4,12,5,4,5,10,6,2,2,10,6,7,5,2,8,4,4,6,5,8,0.6179
7,4,6,4,5,3,10,5,4,9,5,5,9,11,1,2,6,3,4,7,0.6068
8,7,7,4,8,6,6,4,3,4,5,6,4,3,9,4,3,8,8,3,0.6403
8,4,9,6,4,7,6,4,6,5,4,3,7,3,3,6,2,13,5,3,0.6102
7,5,3,4,3,5,7,7,8,3,9,6,5,12,7,5,5,2,4,6,0.6572
5,5,7,4,5,5,7,5,5,8,5,8,7,6,3,8,6,6,5,5,0.6493
6,5,10,6,9,5,6,7,9,3,11,8,9,4,7,4,6,4,5,4,0.7172
3,6,8,6,6,6,11,1,2,7,5,7,6,2,3,11,9,4,7,4,0.5991
10,4,7,5,4,5,10,7,9,9,10,5,9,7,5,9,2,2,3,6,0.7301
8,7,7,5,3,5,5,7,6,5,5,6,7,4,12,11,6,5,3,1,0.6758
7,6,4,11,2,9,6,5,5,3,5,7,6,5,6,4,7,4,6,6,0.6379
5,3,4,10,5,6,4,6,10,6,6,6,7,4,4,6,9,9,5,7,0.6921
4,6,6,3,7,5,5,3,10,4,5,10,5,7,4,6,7,3,6,5,0.6201
5,5,6,9,4,5,7,12,2,5,4,10,4,6,6,5,6,5,9,2,0.6419
4,8,7,7,7,5,4,3,10,7,3,8,4,2,4,2,12,5,4,3,0.6239
9,7,5,4,7,9,4,3,9,2,8,4,7,2,9,3,7,3,6,2,0.689
6,12,5,4,5,5,10,5,7,5,7,3,7,7,2,5,7,5,3,9,0.6418
7,4,6,7,5,2,1,7,3,4,6,6,7,10,4,5,4,5,7,7,0.6687
8,7,8,8,3,4,10,4,7,5,1,4,1,4,5,9,8,6,9,7,0.6517
5,7,3,8,10,6,6,4,5,5,6,6,6,7,4,5,3,9,12,5,0.7443
7,3,6,2,3,5,3,8,9,4,4,7,7,6,8,3,2,9,4,7,0.631
6,3,6,7,10,9,12,10,7,4,6,7,10,8,5,8,3,12,9,6,0.8085
6,8,5,2,7,5,1,2,10,4,4,12,9,6,4,2,5,6,5,3,0.6242
9,7,4,7,5,5,11,5,6,12,7,5,7,7,6,7,5,4,6,8,0.7155
7,5,10,2,6,4,3,5,4,7,10,12,1,7,6,4,6,7,5,9,0.679
5,8,4,5,4,8,8,5,5,6,5,3,2,4,7,4,7,4,8,3,0.5983
2,7,9,8,7,4,2,4,10,7,8,3,4,9,6,4,5,9,5,6,0.7051
9,6,14,1,6,5,3,6,4,7,2,7,7,5,5,7,7,4,7,7,0.6979
7,8,9,5,3,0,8,5,6,6,5,7,5,7,7,7,8,2,6,10,0.6878
5,6,6,3,4,7,7,7,7,3,9,5,8,12,3,10,1,4,3,7,0.6308
6,4,8,8,5,9,3,8,4,7,6,4,5,1,5,10,6,4,7,8,0.695
9,7,7,6,1,5,1,6,2,1,7,13,6,6,1,8,5,5,7,2,0.6477
6,6,4,6,4,0,4,6,6,3,6,1,6,6,5,6,8,6,8,7,0.6175
6,7,3,8,8,8,9,1,6,7,6,9,6,4,7,5,2,8,5,4,0.643
5,4,11,4,6,7,7,9,4,6,4,4,7,3,7,11,6,3,4,8,0.6659
1,9,8,4,8,8,6,6,8,6,6,7,10,4,6,4,6,8,8,5,0.6788
3,6,3,5,11,8,2,7,9,5,8,7,9,6,6,4,7,4,2,3,0.6735
4,9,8,5,7,9,5,7,2,7,8,10,7,6,7,9,4,8,5,5,0.699
6,1,5,7,5,11,6,5,7,7,5,11,5,8,7,4,9,7,3,2,0.6805
4,7,5,11,5,4,6,4,11,6,6,9,9,6,11,7,3,4,7,2,0.6828
5,3,3,7,11,7,5,6,1,8,7,10,7,5,8,5,4,5,6,8,0.7013
2,8,4,6,3,7,6,3,5,7,7,7,7,4,13,4,7,6,5,4,0.6067
4,4,3,4,9,5,3,4,3,4,3,5,4,6,5,8,9,6,6,5,0.6278
5,7,0,1,6,3,6,5,3,8,1,3,9,7,7,4,11,9,7,3,0.5813
7,7,9,10,7,8,4,4,9,1,3,9,10,11,4,3,5,6,4,6,0.77
5,8,7,4,7,8,7,8,6,5,8,7,6,2,3,9,9,7,7,10,0.7037
8,4,5,7,4,7,7,8,6,8,4,7,5,7,13,3,2,6,10,6,0.7214
4,8,8,6,3,6,7,6,0,11,6,3,9,9,4,8,7,6,9,5,0.6644
11,6,5,5,1,6,8,9,7,4,7,6,9,7,12,5,6,2,9,7,0.7583
9,3,6,5,2,6,7,4,4,10,8,6,9,6,5,10,4,10,4,3,0.6775
4,7,6,2,6,4,4,11,5,7,9,4,8,1,7,10,6,4,4,6,0.6603
3,8,3,4,10,2,3,5,4,4,4,7,4,9,4,6,4,4,10,3,0.5935
5,4,4,6,4,3,6,6,8,2,6,7,5,6,10,6,2,8,6,5,0.6258
8,4,5,4,10,6,5,8,9,6,6,7,9,2,9,9,3,3,3,5,0.7206
9,7,5,5,7,6,3,6,7,10,4,2,6,8,5,3,7,6,4,5,0.7298
6,5,4,8,9,7,6,3,5,6,13,9,5,5,4,7,9,7,7,6,0.7341
7,5,3,9,7,9,8,6,3,4,6,5,2,5,7,7,3,13,4,5,0.6976
7,6,9,6,9,11,4,4,2,3,9,8,2,5,3,4,3,7,6,7,0.6719
4,3,3,3,7,5,5,2,10,6,8,8,4,3,11,8,6,2,5,8,0.6073
3,5,8,9,11,4,5,5,5,8,6,4,8,6,8,8,6,5,7,5,0.7208
8,9,5,7,9,5,12,4,5,4,6,10,10,7,6,4,9,8,4,9,0.7639
3,4,3,6,5,6,5,7,4,7,10,5,7,7,4,7,5,9,6,4,0.6253
9,5,6,2,6,5,4,7,6,5,10,4,3,7,7,4,8,11,4,5,0.7156
8,5,5,10,7,10,3,7,3,3,5,5,8,5,6,6,4,6,6,8,0.7428
7,4,7,8,7,4,4,5,8,6,9,5,3,6,5,1,11,6,9,7,0.7076
5,7,7,10,7,7,4,3,8,6,3,6,5,9,4,8,9,7,3,5,0.7084
3,3,5,4,7,9,4,5,6,9,7,7,7,9,5,7,4,4,6,6,0.6482
5,3,7,5,2,6,3,6,9,4,7,5,6,3,3,7,6,3,2,7,0.5774
8,8,11,5,6,14,5,5,4,5,5,3,10,4,11,4,5,7,10,4,0.7902
5,1,9,8,7,7,7,6,3,6,6,5,7,2,3,7,7,9,8,4,0.663
4,5,8,10,12,10,8,5,2,9,6,3,4,6,14,7,3,8,5,8,0.8071
8,7,6,3,5,5,4,9,7,5,5,6,5,8,7,7,6,2,3,6,0.68
4,6,6,4,4,12,6,8,6,2,5,7,5,6,6,7,4,5,6,12,0.6573
14,2,4,6,3,1,6,6,8,12,5,9,9,4,8,5,5,5,8,2,0.7259
1,6,6,7,11,4,5,4,5,4,7,5,7,5,8,3,6,8,6,7,0.6751
5,7,7,6,7,4,7,10,11,6,6,5,5,7,4,4,4,5,4,3,0.6869
2,4,11,4,9,5,5,6,3,9,8,5,8,6,9,4,6,4,6,8,0.6605
7,6,7,5,4,5,6,8,5,4,9,9,4,6,4,5,2,3,7,6,0.6296
3,8,6,5,2,8,6,7,6,3,6,4,8,2,4,9,9,6,7,6,0.627
3,4,7,8,9,4,5,6,4,4,13,7,7,5,8,5,12,7,6,3,0.7177
4,5,3,7,9,3,5,4,11,7,6,3,8,7,4,4,6,5,5,4,0.6948
4,8,5,9,3,2,4,10,10,6,7,8,6,6,6,4,13,4,8,6,0.7163
4,11,4,5,6,9,6,6,7,4,9,5,7,7,7,5,3,6,6,7,0.6751
4,6,2,7,7,6,8,7,3,4,5,7,5,3,5,7,4,7,5,11,0.6245
7,11,6,6,4,9,4,7,4,9,7,4,11,7,4,2,5,8,5,4,0.7128
9,6,3,8,4,10,5,3,5,7,7,8,3,9,6,5,6,5,8,7,0.7202
8,3,4,5,4,3,3,1,7,3,8,9,5,2,5,7,2,9,4,11,0.6153
3,10,10,6,8,8,10,10,7,7,11,6,5,8,4,5,4,5,3,6,0.7599
7,12,11,2,1,5,6,7,7,4,2,9,6,9,3,4,5,7,6,6,0.6397
4,7,9,9,8,5,3,10,7,5,5,5,6,4,4,6,5,4,4,7,0.6639
8,5,7,2,5,6,7,6,4,5,8,5,7,4,9,7,9,8,9,6,0.686
3,5,5,8,6,11,3,4,5,8,6,5,6,7,4,8,4,5,8,6,0.6715
8,8,4,5,4,4,2,7,4,3,6,5,3,7,5,5,8,7,4,8,0.6594
6,5,4,8,5,6,7,11,4,3,5,4,5,7,4,7,3,9,5,8,0.6716
1,5,5,5,7,7,4,8,5,7,6,8,5,5,7,6,8,5,5,5,0.6065
9,4,4,7,7,7,11,6,10,7,5,10,9,6,6,3,4,2,6,3,0.6634
9,8,5,2,6,6,8,1,8,7,5,5,9,6,4,3,9,6,9,2,0.692
3,2,6,3,5,4,5,6,3,7,3,3,5,8,1,7,6,9,7,8,0.5651
6,7,4,4,6,9,4,7,8,4,3,2,9,9,7,4,6,6,8,8,0.7189
7,8,10,2,5,5,6,4,9,4,6,5,9,12,8,6,6,7,5,5,0.7217
10,7,7,5,6,9,5,7,5,9,6,4,5,6,5,2,7,6,6,4,0.7206
3,7,9,7,5,9,5,5,8,6,5,5,5,8,8,7,1,3,7,4,0.6605
6,4,5,10,3,7,6,9,5,5,4,8,3,6,8,3,9,4,4,6,0.6754
11,7,9,7,6,6,8,8,5,8,7,11,8,4,7,9,11,5,6,7,0.8163
4,6,6,11,5,3,4,4,7,3,6,6,4,4,7,5,7,8,3,7,0.6019
4,3,4,3,3,8,4,8,5,5,9,7,2,9,6,3,5,3,1,3,0.5367
4,8,2,9,6,6,7,7,7,6,6,6,8,3,4,5,6,7,9,8,0.673
10,4,8,4,5,9,7,7,10,1,4,10,4,9,5,6,5,5,4,2,0.6748
3,11,4,9,6,5,8,2,3,6,4,6,3,2,8,8,7,5,6,6,0.6312
10,6,5,8,11,6,6,7,7,4,10,5,6,4,9,5,5,9,6,2,0.7879
5,11,7,5,7,2,8,5,5,6,4,5,6,5,5,7,3,5,4,6,0.6417
7,4,6,3,7,8,3,3,7,6,9,3,6,8,8,0,6,4,7,8,0.6522
4,9,8,3,7,5,5,10,6,6,2,10,6,5,7,6,6,8,4,6,0.6856
7,4,9,5,8,9,9,3,7,7,4,6,8,10,6,8,8,4,7,7,0.7627
7,6,3,6,3,8,10,8,5,6,9,6,3,7,2,10,3,5,8,5,0.6551
4,2,6,11,10,7,8,6,9,3,3,6,4,3,5,6,3,3,4,5,0.6489
8,6,3,4,3,8,9,5,4,3,9,6,4,9,4,9,7,6,4,6,0.6353
5,6,10,7,6,6,5,6,1,6,8,5,5,12,7,7,6,6,6,4,0.7291
5,3,9,6,6,4,3,7,4,6,7,6,3,9,5,7,3,10,4,5,0.652
6,5,6,6,3,5,4,5,4,6,4,5,5,6,5,5,6,7,3,8,0.6302
4,10,5,4,5,7,5,5,1,7,4,7,10,12,7,9,7,5,4,4,0.6746
5,10,7,7,5,3,7,6,4,2,5,5,6,1,3,3,5,5,4,5,0.5776
7,9,6,4,13,9,4,2,4,10,7,7,1,9,11,6,3,4,4,9,0.7588
4,8,6,3,1,5,2,3,7,5,7,6,4,6,5,8,6,6,2,4,0.549
2,7,9,7,5,6,5,9,4,5,5,6,5,4,8,6,8,5,3,7,0.6368
4,1,8,9,3,5,7,4,7,5,5,7,9,7,5,7,6,8,6,2,0.6369
6,5,4,7,6,3,4,2,10,4,8,6,5,3,5,4,7,9,8,4,0.642
3,4,10,9,9,1,6,6,4,6,7,2,6,4,9,11,6,6,7,4,0.6976
9,5,4,10,5,9,7,6,5,2,5,9,6,4,8,4,5,6,5,7,0.701
6,8,4,10,7,4,12,6,4,5,5,5,6,2,7,6,4,6,3,4,0.642
10,8,2,3,8,10,8,7,5,9,6,7,10,8,5,12,9,3,7,8,0.8056
8,7,7,5,7,9,9,4,3,2,2,5,5,3,8,5,8,10,11,4,0.7119
4,8,5,4,4,7,10,13,8,6,2,12,4,4,6,5,7,5,7,5,0.6622
6,6,5,4,5,5,8,4,8,6,7,2,7,11,8,7,6,6,3,6,0.6902
5,4,3,2,3,8,3,3,8,7,8,3,4,6,8,5,11,5,6,5,0.6162
5,8,6,2,8,12,3,6,2,8,5,2,10,4,3,3,4,6,6,7,0.6745
3,11,3,2,7,6,3,6,4,3,8,4,5,3,6,5,8,6,5,9,0.5994
4,8,7,8,4,4,10,8,7,9,4,4,6,1,5,7,5,4,4,8,0.6494
7,10,8,6,10,6,6,6,7,2,1,6,2,7,7,3,5,8,3,5,0.6976
3,5,4,10,3,3,8,8,4,11,7,4,6,6,4,2,11,7,4,6,0.659
7,5,6,5,7,8,3,5,3,5,5,3,13,7,7,3,10,8,5,5,0.7278
3,7,6,10,4,6,3,7,5,6,3,2,8,5,8,10,4,4,9,6,0.6545
7,6,6,1,2,2,3,9,8,13,6,6,9,6,5,4,6,7,5,3,0.6453
5,8,7,8,7,5,9,10,3,2,6,6,5,4,8,9,3,5,10,3,0.6823
7,3,8,4,2,8,8,7,8,7,7,2,6,10,6,6,7,2,6,10,0.6631
6,5,5,4,9,7,5,8,5,4,5,5,4,4,6,9,8,5,7,5,0.6775
5,6,6,7,6,10,2,6,8,5,10,4,3,10,6,3,3,7,6,2,0.7079
7,5,3,5,5,5,5,3,3,6,7,3,9,4,8,3,7,4,2,4,0.5918
6,5,6,5,4,5,1,5,4,5,12,4,7,4,6,8,3,3,6,5,0.6184
8,1,5,2,7,9,6,6,4,9,6,6,5,12,3,4,7,6,4,7,0.6971
4,7,6,6,7,5,7,8,3,8,7,4,4,6,6,9,2,4,7,6,0.6461
5,2,5,5,6,6,8,10,4,9,3,6,4,10,5,3,7,5,7,5,0.6593
5,2,6,4,10,3,2,6,8,2,10,8,3,5,4,6,6,8,5,8,0.6685
6,5,5,7,3,7,4,10,9,6,6,8,6,6,7,7,3,5,7,6,0.6915
6,4,6,5,9,11,10,4,9,10,6,4,6,8,3,10,9,6,7,3,0.7411
4,4,9,9,5,10,8,2,4,7,5,6,6,7,5,3,4,2,3,5,0.6379
5,8,3,4,3,7,4,4,5,5,3,10,1,10,9,3,5,6,3,6,0.5723
7,7,11,6,3,6,7,6,4,4,4,4,5,6,6,7,6,8,4,10,0.6951
7,3,8,3,6,7,7,2,5,6,6,8,4,8,4,3,7,6,10,8,0.6618
2,5,6,11,13,6,5,2,7,7,8,6,7,2,6,7,15,4,8,9,0.7609
3,2,6,11,6,5,6,2,7,6,6,3,3,5,5,11,7,4,8,9,0.6695
6,7,8,5,6,7,13,7,7,5,9,4,8,4,6,3,5,4,8,5,0.6766
8,4,5,4,6,4,8,8,8,8,14,6,8,5,6,7,10,3,7,7,0.7669
5,4,5,5,4,4,8,3,8,4,5,6,9,2,6,4,8,6,2,5,0.5711
5,2,6,4,5,6,3,4,4,9,5,5,6,5,8,4,6,9,9,6,0.631
15,7,8,6,5,3,10,5,5,4,5,4,5,6,5,9,7,4,10,7,0.775
5,5,8,6,5,6,4,6,7,5,5,5,5,5,3,1,7,5,7,5,0.6007
5,3,5,2,12,4,0,5,4,4,7,6,7,7,5,6,4,4,0,8,0.6144
3,8,5,4,7,8,3,8,5,6,4,6,10,6,8,5,7,6,6,6,0.6536
5,4,7,5,8,3,5,6,1,8,8,6,6,3,5,12,6,9,6,6,0.6985
4,4,6,9,3,10,6,5,5,3,5,8,4,7,5,8,9,4,6,4,0.6391
9,7,8,4,4,5,6,3,5,5,6,7,4,4,12,3,7,5,1,3,0.6449
3,11,4,4,3,5,2,5,6,4,6,5,6,5,5,3,5,7,4,9,0.5625
8,6,8,8,4,6,8,3,7,9,3,7,3,3,7,5,3,6,5,8,0.6511
2,6,5,7,7,6,6,7,8,5,6,4,7,6,5,7,8,7,5,6,0.646
5,7,9,4,4,9,3,8,7,5,7,7,6,7,6,5,6,5,8,5,0.6739
5,6,2,3,7,7,1,7,4,4,4,10,0,4,7,6,8,7,6,2,0.6078
8,5,8,5,9,2,5,1,5,1,3,12,5,5,6,7,8,9,11,4,0.6781
4,2,3,6,4,8,3,7,7,5,6,6,6,8,6,6,4,2,4,7,0.6088
6,7,7,6,6,3,5,8,7,8,3,8,2,6,2,8,7,9,10,8,0.6888
6,7,4,6,2,11,5,4,5,3,6,8,11,2,9,3,5,6,3,9,0.6283
8,7,8,10,11,10,12,2,7,3,6,3,6,6,11,4,6,7,5,8,0.8175
7,2,5,8,5,5,6,7,4,4,7,7,10,8,6,1,2,7,5,3,0.6286
3,8,7,3,5,6,1,7,3,11,4,4,7,11,4,2,4,7,9,1,0.6044
3,7,3,6,3,5,6,2,3,5,3,7,9,6,3,5,8,3,7,8,0.5566
4,6,4,10,9,6,6,6,5,6,4,5,11,3,4,6,2,8,11,6,0.7004
8,7,8,8,8,5,8,5,9,12,7,5,9,5,4,8,4,7,9,3,0.7901
10,3,7,3,5,8,7,6,8,6,5,4,5,1,0,3,8,8,6,5,0.6397
5,7,5,3,10,4,3,4,6,7,5,13,7,4,3,5,7,10,9,3,0.6406
3,9,7,4,8,5,5,9,9,3,5,6,5,8,9,8,10,6,9,5,0.7371
6,8,10,3,10,9,5,6,10,8,5,7,14,5,5,6,10,4,8,9,0.8134
5,6,6,5,9,8,8,7,7,9,2,6,6,8,2,8,5,3,5,8,0.7151
7,9,5,9,2,5,6,9,5,8,6,6,6,3,10,5,5,11,9,8,0.7195
4,2,3,5,7,4,5,7,5,6,7,6,3,6,6,4,6,3,8,8,0.6011
9,5,10,7,2,5,6,10,1,2,5,3,10,4,4,7,7,4,4,8,0.6262
7,4,1,3,4,4,8,4,7,5,3,6,8,4,6,5,4,8,5,7,0.5982
7,11,9,10,5,7,5,5,8,6,7,4,6,9,10,5,8,3,2,7,0.7717
5,7,5,3,6,4,9,7,7,8,6,3,8,7,7,3,6,3,5,6,0.6027
6,8,5,5,3,6,4,3,3,4,9,6,6,7,6,6,4,5,7,6,0.6008
4,3,5,6,9,3,5,5,8,3,3,3,5,7,5,7,11,6,5,3,0.6242
12,5,11,4,7,4,6,4,6,9,7,5,7,9,3,5,4,7,11,5,0.7994
11,7,4,7,4,6,5,6,3,7,6,4,8,8,8,5,7,9,7,7,0.7752
6,5,9,3,2,8,4,6,6,6,4,8,8,2,2,6,9,2,6,8,0.6039
7,8,5,6,8,3,9,4,10,7,6,4,7,5,3,6,4,3,5,5,0.6639
8,3,5,4,4,3,6,6,9,5,7,4,7,7,4,5,5,7,2,8,0.639
6,4,5,12,11,6,4,7,9,8,7,3,4,10,2,4,6,7,4,4,0.7868
11,5,5,6,7,11,4,7,4,6,5,2,6,7,6,7,7,6,6,8,0.7856
4,4,8,3,5,8,4,5,4,5,4,5,5,9,4,5,4,5,4,3,0.5728
2,4,8,7,8,3,3,4,3,5,8,6,6,3,4,3,4,5,7,4,0.5664
5,5,7,8,2,4,6,5,10,7,10,9,8,8,4,6,11,3,0,6,0.6953
7,6,6,6,2,11,8,6,3,9,6,8,6,6,2,9,7,5,8,4,0.6712
2,7,4,2,7,7,6,6,4,5,5,4,7,3,6,5,5,6,6,7,0.5641
7,8,7,11,10,6,5,7,5,4,9,3,2,4,5,10,6,3,5,6,0.7764
9,5,4,12,6,2,8,6,5,3,6,5,6,6,4,0,10,0,6,3,0.6253
7,7,7,6,5,3,9,6,4,3,3,10,3,6,8,5,8,6,8,4,0.6623
6,3,6,6,4,9,4,7,8,6,8,12,4,3,3,4,3,7,9,6,0.6687
6,4,10,6,9,3,6,6,5,1,7,5,6,2,4,6,9,7,8,10,0.6941
10,7,4,5,10,6,8,6,8,2,7,6,7,8,8,6,3,2,4,5,0.7236
5,5,9,5,8,4,4,6,4,8,8,9,6,5,5,4,6,8,8,2,0.7015
3,5,4,8,5,9,8,6,2,8,4,6,4,6,6,1,5,7,2,5,0.588
9,6,2,4,6,6,9,5,8,7,5,7,3,8,9,6,0,7,10,5,0.664
4,2,5,4,7,8,5,7,6,4,4,7,3,5,6,7,6,8,7,3,0.6262
5,9,3,3,3,5,3,6,6,4,9,10,5,5,8,5,8,12,2,2,0.6051
5,6,6,7,3,6,7,1,5,3,7,3,3,10,4,6,6,7,6,6,0.6231
4,1,7,8,4,5,7,4,8,6,6,5,9,5,4,5,4,3,8,3,0.5703
4,7,6,4,5,7,8,6,5,8,2,4,7,4,11,8,8,8,6,4,0.6566
8,2,5,2,5,5,5,10,1,9,6,11,3,5,7,4,4,8,5,8,0.638
2,10,6,3,5,6,7,4,6,4,1,6,2,8,6,3,7,3,9,5,0.5599
9,6,6,5,7,1,7,6,7,4,7,7,6,5,6,3,4,6,5,4,0.6596
11,7,4,9,4,12,7,4,5,8,7,4,4,4,8,8,5,7,6,4,0.7333
7,6,8,4,7,7,5,5,11,4,6,5,4,4,4,6,5,5,9,5,0.694
4,4,7,4,3,5,5,6,2,5,10,4,5,8,4,4,7,3,3,8,0.5677
5,4,2,4,5,6,6,2,5,2,8,6,10,6,5,2,8,6,8,6,0.5854
9,6,4,1,8,8,10,4,6,6,10,10,7,10,10,6,3,6,3,1,0.7167
6,5,5,8,3,5,2,5,5,7,9,4,8,4,9,3,6,4,6,5,0.6309
8,7,2,5,7,6,11,5,10,9,1,6,8,5,6,7,6,3,6,6,0.7148
6,5,3,5,7,7,10,11,5,3,7,5,2,7,7,4,5,7,5,4,0.6698
9,7,6,6,7,6,4,5,6,6,6,7,5,9,8,8,6,6,10,5,0.7969
5,3,4,7,2,9,3,3,2,7,5,5,5,7,6,5,11,4,9,7,0.6194
5,6,11,6,7,14,6,4,2,5,3,5,6,3,5,7,4,8,8,7,0.6929
7,6,6,4,4,4,8,8,6,4,5,8,6,13,0,8,5,6,7,5,0.6738
6,7,7,5,7,6,3,5,5,3,11,4,6,8,2,6,3,6,3,7,0.6639
3,8,8,8,8,5,4,3,3,3,5,6,6,5,9,6,6,7,4,6,0.6075
7,12,6,5,6,8,3,4,4,4,14,4,13,6,1,4,7,5,7,2,0.7097
8,9,6,8,4,2,6,2,5,7,7,6,7,7,4,4,4,11,5,6,0.7032
2,10,6,8,5,4,5,9,10,11,7,6,6,8,2,7,6,8,7,5,0.7338
3,5,4,5,8,2,3,6,4,9,10,8,5,6,12,7,5,9,4,3,0.6375
4,10,5,4,10,6,10,7,7,9,1,8,7,7,3,11,9,9,7,5,0.7352
5,8,5,10,8,5,6,6,6,9,6,6,1,4,8,8,7,7,1,5,0.6916
4,7,5,3,7,9,3,9,7,7,5,5,4,9,7,5,9,6,5,4,0.6643
8,4,11,11,5,9,10,10,5,3,1,5,4,6,7,2,6,4,4,7,0.6833
9,11,5,7,10,7,9,3,4,7,6,2,1,6,6,5,4,6,4,4,0.6678
6,3,5,9,5,5,7,9,6,8,11,8,6,7,5,4,4,6,3,5,0.6927
2,3,5,7,5,6,7,8,3,2,4,5,6,4,7,6,4,4,9,3,0.5282
4,8,7,7,6,9,5,4,6,7,4,4,5,5,8,9,11,7,5,4,0.6858
5,10,5,10,9,8,5,5,4,11,4,8,8,8,3,4,1,6,3,5,0.6975
5,7,6,4,5,5,9,5,5,7,6,3,5,5,7,8,4,6,4,4,0.605
8,6,5,5,5,7,6,6,4,5,5,9,7,5,7,5,9,4,6,4,0.6508
3,9,5,4,5,2,5,6,6,7,6,7,5,6,10,6,6,8,7,6,0.6533
11,8,10,6,7,5,3,5,3,8,6,5,3,6,4,7,3,2,11,10,0.7735
8,9,3,3,0,3,7,6,2,6,5,6,8,6,7,3,4,8,4,7,0.6071
6,7,5,8,3,11,8,5,3,4,8,5,7,5,8,6,3,8,7,8,0.7121
3,7,9,4,7,4,6,3,6,10,5,3,7,6,3,10,5,3,8,6,0.64
3,8,3,6,6,5,7,6,6,4,3,2,7,0,7,9,8,2,5,4,0.549
7,6,5,7,2,9,5,6,4,7,5,7,3,5,6,9,10,8,4,3,0.6801
6,8,1,6,8,11,7,8,7,6,8,9,7,9,4,10,6,3,7,3,0.7346
5,7,2,7,4,5,5,3,9,5,4,3,5,7,4,5,5,5,8,4,0.5903
7,2,6,6,2,5,6,6,5,7,7,6,3,4,7,12,6,7,6,5,0.6359
6,10,3,6,2,9,7,4,6,4,5,10,7,5,5,12,7,2,10,4,0.6639
5,4,8,4,5,1,2,5,4,7,8,5,5,6,5,4,5,4,6,3,0.6032
9,9,4,5,6,2,9,3,6,11,5,3,8,4,11,6,9,7,5,12,0.7742
5,4,7,7,4,1,9,5,10,4,4,4,5,10,5,10,4,9,7,3,0.6661
4,9,5,7,13,7,4,3,6,1,5,1,1,3,5,9,7,6,8,5,0.7002
4,10,10,5,8,8,7,6,5,8,11,13,7,9,6,9,10,6,7,4,0.7874
9,5,7,6,3,5,2,4,5,5,10,8,9,3,7,4,6,6,9,9,0.7062
7,7,5,10,5,4,7,3,5,6,8,7,10,5,10,6,6,2,6,5,0.7272
8,6,5,5,8,6,6,5,1,7,6,7,5,2,6,7,2,3,8,1,0.6088
3,3,5,6,6,6,3,4,9,7,5,6,2,2,6,6,1,3,2,4,0.511
3,4,13,5,6,4,7,7,4,7,6,5,7,5,6,7,9,5,8,5,0.683
4,10,5,4,6,4,5,5,5,3,7,11,5,8,6,8,7,6,5,8,0.6736
9,5,5,6,7,5,10,6,4,5,9,8,6,4,6,5,6,8,2,11,0.7167
6,2,2,8,2,5,8,8,3,7,4,4,8,6,3,3,4,12,12,6,0.6755
3,6,8,3,6,3,4,6,4,5,7,6,3,3,5,8,6,9,5,5,0.6077
4,5,8,3,3,7,7,3,5,3,6,5,3,2,4,8,11,7,6,6,0.5707
7,3,6,5,7,6,10,4,8,5,9,6,8,2,6,1,9,5,7,7,0.6711
7,10,6,11,3,5,4,6,3,9,9,5,4,4,11,7,8,4,4,7,0.7065
6,4,4,8,5,7,6,5,7,3,6,5,2,4,4,9,8,7,5,6,0.632
6,9,6,11,3,8,11,8,1,11,5,7,5,2,8,6,2,4,1,8,0.6194
5,5,3,4,9,4,6,5,5,5,5,5,9,4,8,3,8,6,5,8,0.644
4,9,7,8,5,12,10,9,6,3,3,9,6,5,10,7,3,4,7,5,0.6856
4,9,8,8,6,6,3,5,6,6,1,7,7,7,4,5,10,3,8,4,0.6431
5,4,8,10,3,8,9,5,3,6,3,6,5,8,10,6,8,8,4,5,0.6823
6,8,6,9,1,4,4,3,6,7,4,11,8,9,7,7,5,6,7,6,0.7267
6,2,5,4,11,9,8,7,5,8,6,8,5,8,4,15,7,3,3,5,0.7213
5,2,2,5,6,8,4,4,5,7,1,4,0,4,8,6,9,7,4,8,0.5887
3,3,7,6,3,10,6,7,5,7,7,11,5,7,8,5,6,6,7,5,0.6819
8,5,4,7,2,6,11,5,2,6,3,4,5,3,7,7,11,10,4,5,0.6273
5,8,3,6,9,6,7,6,6,4,5,5,8,1,3,7,6,3,4,9,0.6405
4,7,6,6,7,6,10,4,6,7,4,6,6,7,7,5,6,8,1,5,0.6575
7,5,9,4,4,1,2,8,8,5,5,5,9,5,5,2,7,8,5,7,0.6466
7,7,8,4,7,6,6,11,5,8,10,6,5,4,5,3,3,7,9,5,0.7266
8,5,7,7,7,4,3,3,1,6,6,5,5,2,8,7,7,10,3,9,0.6972
2,9,5,8,8,10,8,6,5,6,7,5,8,7,4,9,5,7,8,7,0.7421
6,9,4,9,6,6,7,4,8,6,5,6,4,8,3,9,6,9,6,5,0.7277
4,6,11,4,3,2,2,12,7,4,4,2,7,5,8,5,2,6,5,7,0.6054
6,5,4,7,2,3,5,7,10,9,3,5,6,10,6,11,6,5,2,15,0.733
4,11,7,6,7,5,9,7,5,3,9,10,11,7,6,8,10,7,6,5,0.7554
9,4,9,6,1,3,4,6,8,11,5,6,5,6,6,1,4,2,4,3,0.6356
2,6,7,3,0,9,9,6,8,3,8,2,6,12,8,5,6,7,5,6,0.6203
4,4,3,5,7,7,10,7,9,3,8,2,1,10,3,3,3,6,7,3,0.6215
3,4,7,5,6,8,6,5,8,6,6,4,9,5,9,9,9,3,12,9,0.7257
7,8,4,5,6,1,5,7,3,2,8,5,5,7,7,11,9,9,7,8,0.719
6,5,7,9,9,4,13,5,6,4,7,10,3,3,6,6,11,8,7,7,0.6914
11,5,6,7,4,7,4,10,9,6,6,8,6,7,5,7,7,3,4,5,0.7905
7,9,9,4,5,7,8,6,6,6,4,4,6,6,5,4,9,11,6,5,0.704
9,7,8,5,4,7,2,5,8,7,5,6,4,7,6,5,10,9,7,2,0.755
5,5,8,8,1,3,3,10,9,3,2,6,5,3,5,3,3,7,2,7,0.5677
1,9,7,5,10,4,4,8,2,5,4,4,7,9,8,2,6,10,5,7,0.682
3,7,5,4,7,7,3,10,6,5,4,3,4,7,5,10,6,7,8,3,0.6496
10,10,4,8,6,7,11,2,8,5,7,8,4,7,7,6,8,6,6,3,0.7413
10,3,5,14,4,7,5,4,4,5,4,6,6,5,4,10,5,5,7,8,0.7591
8,7,8,3,4,4,6,7,4,7,3,7,4,7,2,4,6,6,11,10,0.6735
7,6,6,5,5,5,5,4,5,2,4,7,7,7,4,7,6,5,4,3,0.6134
7,1,3,7,8,7,11,8,8,10,7,8,7,5,5,7,9,7,9,4,0.7387
2,8,3,7,7,3,4,5,7,5,5,8,6,8,2,5,10,5,7,5,0.672
7,3,5,6,6,3,8,3,2,7,5,3,7,2,8,4,3,6,6,6,0.5949
8,3,3,9,7,4,6,4,3,7,13,8,4,1,6,7,11,5,6,3,0.6863
6,4,9,7,10,4,7,6,6,8,6,6,6,4,6,2,7,3,8,5,0.7003
7,9,6,9,5,7,7,7,10,8,4,5,6,6,3,4,4,1,4,8,0.7265
6,11,4,1,11,5,7,7,6,10,3,3,4,4,12,5,8,9,6,4,0.7242
6,2,1,5,4,8,6,7,5,4,4,16,4,4,5,8,2,9,10,5,0.5903
4,4,9,6,2,6,10,6,4,9,7,10,7,6,3,4,8,7,7,5,0.6174
6,5,3,8,4,3,3,7,2,4,4,9,5,4,6,2,4,6,5,7,0.5776
6,11,7,2,7,8,9,10,10,5,10,5,10,10,7,7,6,7,4,3,0.7655
9,3,7,7,5,6,6,6,3,12,2,5,5,7,2,8,7,9,5,4,0.6903
4,7,11,4,6,4,9,6,4,9,5,6,6,8,1,6,5,6,7,6,0.6396
6,6,3,4,8,5,4,4,4,5,6,4,6,9,4,10,7,6,4,5,0.661
3,2,12,6,6,3,1,5,7,6,5,4,4,6,2,4,4,6,5,13,0.597
7,3,3,10,8,9,6,9,7,6,5,8,3,8,5,4,5,6,2,6,0.7274
2,5,6,3,10,4,5,8,7,5,4,4,4,5,7,5,2,4,2,6,0.5946
8,3,9,3,7,7,11,7,6,5,6,8,7,4,2,6,3,3,6,9,0.6573
8,7,7,5,6,4,5,9,7,1,2,6,11,5,4,7,2,6,7,10,0.7143
1,1,10,7,5,6,5,3,12,6,5,11,9,5,3,7,6,2,1,8,0.6001
7,10,6,7,6,5,6,12,10,4,8,7,5,5,6,3,7,2,4,11,0.7424
3,5,9,8,6,7,5,5,7,5,3,9,7,8,11,9,9,3,7,10,0.7235
5,7,10,9,11,5,4,9,7,5,8,5,5,7,3,7,6,10,8,10,0.8362
7,4,3,5,4,3,3,5,4,7,8,7,6,3,8,3,5,5,10,9,0.6223
8,3,4,5,10,6,8,6,9,5,8,3,2,7,5,2,6,5,2,4,0.6395
6,4,3,8,5,4,1,5,4,5,2,4,7,8,3,3,5,4,7,5,0.6094
3,2,8,7,2,6,7,5,5,3,12,6,3,7,3,5,4,6,0,11,0.6055
7,3,7,6,6,3,5,3,4,5,2,6,4,7,4,5,3,5,4,2,0.556
7,6,4,3,5,7,6,7,4,6,3,6,5,4,9,6,3,7,4,3,0.5836
5,4,7,4,7,8,3,3,6,6,5,5,4,10,10,4,10,5,3,6,0.6966
9,8,3,2,5,4,4,4,5,8,7,7,5,3,1,5,9,1,3,6,0.612
4,1,7,6,5,6,5,5,8,7,4,5,9,4,4,4,5,8,9,7,0.6119
8,7,7,4,5,4,4,7,8,5,6,6,8,2,5,8,10,5,11,8,0.7655
1,6,10,5,6,7,6,4,7,6,2,6,6,8,10,5,9,6,6,12,0.691
3,5,11,3,11,12,7,3,8,7,4,5,4,11,7,6,4,3,4,8,0.7144
2,2,3,3,4,6,5,7,5,6,3,9,6,8,4,5,7,4,4,7,0.5262
4,3,5,4,7,3,7,5,7,5,5,8,8,6,5,4,11,6,7,9,0.6516
5,11,8,5,3,7,11,6,4,6,4,4,5,4,11,6,5,7,3,7,0.6496
9,12,11,3,10,7,5,7,6,6,4,8,5,5,2,3,7,8,4,5,0.7539
8,8,8,12,5,3,4,5,8,4,7,3,6,8,9,8,4,5,4,9,0.7704
1,7,5,6,6,7,3,6,6,3,7,2,5,4,8,5,5,7,6,5,0.5541
10,7,5,7,6,6,4,5,11,5,4,7,7,3,5,8,9,6,5,5,0.7237
4,5,5,7,9,6,3,6,5,9,4,9,4,9,6,7,4,6,6,5,0.6925
5,6,6,6,5,5,8,8,4,6,8,4,7,5,7,4,8,8,2,3,0.6588
10,9,6,8,2,6,4,5,4,3,4,4,6,8,2,6,3,6,7,6,0.689
6,5,3,4,7,8,4,11,7,6,8,4,6,3,4,6,9,2,6,6,0.6659
4,7,9,9,12,7,5,2,4,9,6,6,3,8,8,5,6,4,8,12,0.7809
4,8,5,6,12,6,7,4,6,4,3,4,9,6,5,9,5,3,4,10,0.6973
7,9,3,13,5,7,12,5,9,10,8,6,0,6,4,6,7,7,7,6,0.7694
9,4,8,4,13,8,5,7,6,5,5,8,3,9,4,7,3,6,4,10,0.7798
3,8,7,1,3,6,7,3,3,7,4,6,5,6,5,7,5,11,5,5,0.5845
3,3,6,4,4,4,6,6,7,6,8,7,7,7,4,5,5,12,7,5,0.6224
3,6,4,4,6,6,3,3,4,6,7,4,5,6,4,6,1,3,5,3,0.5296
3,1,8,4,9,9,8,1,9,5,3,6,5,6,4,7,6,9,4,4,0.6243
8,6,5,8,7,5,6,7,5,9,0,5,9,4,9,7,3,11,4,8,0.7397
5,8,5,8,4,9,7,7,2,4,6,7,6,8,3,8,6,8,6,6,0.7037
2,8,6,8,7,7,3,7,6,5,2,9,3,6,8,5,6,7,3,5,0.6208
4,9,2,6,4,8,1,8,8,9,9,5,4,4,6,6,4,4,3,6,0.6244
11,4,5,5,5,8,5,5,9,3,6,11,6,5,6,6,8,5,10,5,0.7599
5,6,6,9,7,6,7,7,8,7,6,3,5,7,7,6,4,4,11,4,0.7379
7,7,2,7,7,9,2,7,4,9,7,2,3,6,8,5,10,6,6,7,0.7264
5,8,1,5,7,5,5,7,6,7,14,8,5,6,4,4,7,6,4,5,0.6666
6,5,5,8,4,7,9,3,12,8,6,5,10,8,5,7,7,4,3,10,0.7222
4,5,6,5,8,6,5,10,5,3,6,7,1,5,9,7,6,4,6,6,0.646
8,7,8,1,3,3,8,6,4,4,9,6,3,8,5,5,4,7,7,3,0.6098
5,10,8,5,5,3,5,8,10,6,4,6,3,5,5,3,5,10,4,6,0.6429
2,6,6,8,9,5,5,6,5,1,10,2,5,9,4,3,8,2,5,3,0.6165
7,8,5,6,4,6,4,4,5,3,3,6,5,7,7,2,7,3,13,7,0.6658
4,7,5,5,6,4,1,8,7,11,6,11,9,3,6,6,4,7,6,6,0.6698
3,8,5,6,2,5,10,8,11,5,6,8,3,4,8,3,3,4,4,6,0.569
9,9,6,5,11,7,5,7,4,3,9,4,10,6,6,10,7,3,5,9,0.8047
6,2,4,7,3,5,10,4,5,7,3,5,6,6,8,4,8,5,2,4,0.585
3,10,5,5,9,7,12,7,5,7,8,4,6,11,3,8,9,6,10,6,0.7596
8,4,5,3,7,5,6,11,7,10,4,7,6,4,5,5,5,4,5,5,0.6631
9,5,6,1,6,6,3,7,1,5,9,8,5,4,6,5,5,4,4,5,0.6275
5,5,5,1,9,6,2,8,10,6,6,8,7,4,3,7,4,2,6,10,0.6686
5,8,3,11,5,3,3,6,8,6,5,8,5,3,7,8,6,9,8,7,0.689
4,7,6,13,5,7,7,4,5,9,11,5,4,5,6,8,2,3,3,5,0.6822
6,5,2,6,5,5,3,1,5,7,8,6,7,6,7,4,4,13,9,6,0.6567
4,11,8,6,4,6,5,6,4,4,8,10,6,3,3,7,5,5,4,6,0.638
6,5,7,5,6,6,4,3,5,7,2,4,6,8,8,3,8,1,3,9,0.6576
8,8,8,5,13,8,7,5,8,7,4,14,5,7,3,8,10,7,3,8,0.8127
6,8,8,4,7,2,5,5,6,5,3,6,4,3,0,3,7,5,5,8,0.5643
3,13,3,5,7,4,5,6,7,6,5,6,5,7,7,6,4,7,5,5,0.6779
2,5,3,11,7,7,6,5,7,8,6,5,7,7,10,7,4,8,5,9,0.7113
8,8,9,14,5,4,3,4,5,7,9,7,6,5,3,9,6,9,6,5,0.8026
10,6,7,8,2,3,2,3,9,4,4,6,2,8,4,6,4,8,6,5,0.6892
7,5,6,7,10,5,4,4,3,7,7,4,9,7,6,6,5,5,5,3,0.7095
5,7,2,7,6,8,8,6,8,3,4,11,4,4,1,7,5,5,7,6,0.6262
3,8,4,8,5,4,13,3,12,6,4,10,11,3,5,3,7,4,6,4,0.5927
3,4,9,6,8,7,6,4,8,3,9,2,6,5,5,7,8,4,3,7,0.6728
7,7,4,6,8,7,8,3,2,7,5,6,4,9,5,10,3,3,7,5,0.6898
7,5,4,5,7,10,5,1,5,7,4,5,10,5,4,8,4,7,6,3,0.6632
8,3,4,8,10,6,5,3,7,4,2,3,0,4,8,3,7,8,7,10,0.7121
5,10,3,6,6,4,7,12,4,7,5,6,3,8,7,7,10,6,6,7,0.7323
3,3,5,7,2,10,7,4,6,4,8,9,5,9,5,3,8,4,4,5,0.6263
6,5,5,3,5,7,11,6,7,7,5,3,7,8,6,8,5,3,4,3,0.6128
9,0,8,5,9,8,6,5,7,4,5,11,5,4,7,5,4,7,4,5,0.6574
8,3,6,5,5,10,11,6,5,8,10,3,7,11,7,6,3,9,7,3,0.7276
6,12,5,3,7,4,8,3,4,4,3,5,6,8,7,7,4,7,7,5,0.6514
9,6,5,4,7,8,2,4,6,6,6,9,7,7,8,9,2,2,3,5,0.6977
6,6,6,3,5,5,6,4,2,6,4,6,5,7,3,15,6,7,6,7,0.6576
4,7,5,10,9,3,8,14,4,6,5,4,9,10,8,5,4,5,8,6,0.7941
8,8,8,5,6,5,8,4,9,4,1,7,7,3,5,3,8,3,5,9,0.6583
6,8,6,6,5,5,5,4,4,6,8,9,6,6,6,5,5,4,4,6,0.6342
7,7,7,1,3,8,4,7,2,4,11,4,4,6,3,7,8,8,7,7,0.6544
7,4,4,3,6,4,4,4,4,4,7,2,7,5,3,8,8,7,5,6,0.6205
5,6,6,4,6,5,11,8,2,4,8,2,5,8,6,2,5,4,6,3,0.5593
9,10,6,10,9,7,5,7,7,8,7,4,6,7,5,6,9,4,10,6,0.8576
12,4,5,4,1,7,4,5,6,2,2,10,7,4,9,9,9,7,3,6,0.713
3,6,7,3,5,8,8,6,7,1,4,4,4,5,11,7,9,4,8,3,0.6189
8,6,5,7,5,2,9,3,9,5,6,6,5,9,7,6,6,6,6,3,0.6809
8,6,2,6,6,7,4,2,7,4,4,4,8,8,5,11,4,2,4,7,0.6749
3,7,10,8,6,7,3,5,7,3,5,2,2,3,4,5,9,4,9,10,0.6336
5,4,9,4,6,5,5,7,4,3,8,3,4,11,8,7,8,7,3,8,0.6863
4,3,5,6,3,7,5,3,8,5,5,7,7,3,6,2,6,9,12,5,0.568
6,3,9,6,4,12,8,3,6,5,6,8,7,7,9,6,6,5,3,8,0.7015
5,3,3,7,6,10,6,6,6,7,3,5,7,8,5,9,7,9,7,7,0.7109
5,5,1,11,9,6,5,6,5,5,3,11,4,11,4,5,6,3,9,10,0.7221
1,2,2,2,3,9,8,5,5,8,7,7,7,9,4,4,4,8,9,8,0.5879
7,4,7,8,4,4,6,8,6,9,6,7,9,5,9,5,4,3,8,5,0.6877
6,5,10,6,9,4,8,8,9,11,8,7,4,3,7,4,7,7,3,11,0.7603
10,8,5,2,9,7,4,4,6,8,4,7,6,7,11,7,6,4,6,4,0.755
4,4,6,11,3,5,8,4,6,8,6,7,5,6,8,6,8,4,14,8,0.7262
7,8,2,7,5,3,3,4,3,6,6,6,5,4,5,11,7,7,6,7,0.6714
4,6,7,4,8,2,7,8,7,4,6,6,12,8,7,4,4,8,8,9,0.7282
9,6,8,5,5,5,4,3,8,3,4,4,8,2,6,9,6,3,5,8,0.6951
8,1,7,7,3,6,5,7,4,8,7,5,7,7,7,4,8,6,4,4,0.6746
5,3,7,3,5,7,8,4,5,9,8,8,3,9,5,7,4,4,9,6,0.6505
5,5,3,8,3,10,5,4,8,9,3,7,7,6,4,6,6,7,15,3,0.677
12,5,8,7,6,4,4,3,2,7,3,5,8,5,7,13,6,5,7,1,0.7376
9,5,9,9,8,5,3,7,4,4,5,5,4,4,2,8,4,7,7,8,0.7127
7,10,3,4,7,8,8,5,5,2,5,5,3,8,7,7,3,7,8,7,0.6707
8,6,9,10,5,4,7,5,2,3,6,4,6,5,5,9,6,8,8,8,0.7121
7,5,7,8,6,7,6,10,6,6,4,4,5,5,4,6,6,3,8,3,0.6563
7,8,4,3,4,9,6,10,7,12,10,8,7,4,8,5,2,5,7,6,0.7187
5,6,3,8,6,7,10,10,8,9,3,10,7,4,6,5,9,3,7,9,0.7056
9,8,6,6,8,7,8,6,4,4,8,6,5,8,9,10,7,11,5,5,0.7878
7,4,5,4,5,5,7,5,3,3,1,5,6,4,7,7,5,3,10,9,0.616
8,4,7,6,6,2,2,4,6,8,8,6,9,1,5,3,8,5,4,8,0.6724
11,10,7,7,8,7,5,9,9,9,5,3,2,6,7,7,10,4,5,6,0.8108
7,3,6,8,5,3,6,4,6,10,3,5,10,3,8,6,7,8,3,1,0.6557
4,4,8,6,3,11,3,8,4,5,4,7,4,4,6,2,3,7,6,8,0.6101
5,12,4,8,4,11,10,6,5,5,8,5,5,5,10,5,8,5,5,1,0.6816
3,7,4,9,7,8,2,7,5,8,2,5,1,5,8,6,6,4,4,8,0.6533
9,5,5,6,2,6,9,2,7,4,8,8,3,5,4,3,11,4,3,5,0.6185
4,4,6,5,7,8,6,14,3,2,11,4,6,9,10,6,7,5,6,5,0.7448
6,2,4,5,7,8,4,6,5,6,8,9,8,6,10,5,3,7,9,6,0.6925
7,3,5,7,8,10,7,4,5,6,4,6,6,9,7,10,8,15,8,10,0.8359
5,6,8,3,8,7,7,1,3,5,5,6,7,5,5,6,6,6,3,6,0.5901
4,9,5,6,8,5,5,8,7,7,2,3,6,4,4,8,9,3,7,7,0.6701
6,5,6,5,5,4,4,9,6,7,6,1,8,6,8,6,2,2,6,11,0.6881
2,5,4,6,8,3,8,6,5,3,1,8,4,6,12,9,7,7,4,6,0.6142
8,7,5,10,3,7,3,6,3,4,5,5,3,6,3,2,2,9,13,6,0.6775
8,6,7,5,5,8,8,6,9,5,3,9,3,10,6,8,7,4,5,7,0.7153
4,7,5,5,5,8,5,6,8,7,7,4,5,7,6,6,9,4,3,8,0.6702
3,6,6,5,5,6,10,4,8,1,8,8,5,3,6,6,2,5,7,7,0.5843
6,4,3,4,9,10,4,2,2,4,4,5,4,9,10,7,1,4,8,5,0.6348
6,9,5,9,4,8,12,6,7,2,7,8,9,7,4,8,4,7,8,9,0.7514
6,3,8,4,5,2,4,7,8,9,6,4,6,3,7,8,8,10,4,7,0.6749
7,3,13,10,3,3,5,8,5,7,7,7,5,11,3,7,7,5,5,6,0.7356
5,9,3,4,8,6,5,6,6,7,5,7,4,4,7,8,4,8,7,5,0.6699
1,7,7,8,3,2,4,8,6,5,2,8,5,9,7,10,9,5,2,5,0.5964
10,7,6,5,6,12,4,5,8,5,5,4,3,5,3,5,4,4,4,5,0.6939
3,4,5,4,7,4,4,8,7,2,6,8,7,10,5,3,8,3,3,7,0.6324
5,8,9,6,3,6,4,6,5,6,6,5,5,6,6,3,8,10,8,6,0.6801
5,8,5,5,6,6,6,6,11,5,5,7,9,4,7,8,2,6,6,2,0.6323
4,6,14,5,3,4,4,5,6,7,5,6,6,8,1,5,8,3,7,8,0.6544
7,7,5,4,4,7,7,11,4,6,9,3,4,13,7,12,6,4,8,7,0.7385
10,4,6,5,2,5,4,6,8,6,5,6,5,4,5,12,3,3,2,8,0.6604
5,5,3,5,4,3,5,5,10,8,6,10,10,7,5,2,7,3,6,5,0.6565
5,7,8,7,9,5,4,6,6,5,7,10,4,5,9,4,5,7,6,3,0.7004
7,2,10,2,2,6,9,7,5,5,4,8,8,6,6,2,4,6,7,1,0.5687
10,6,4,12,4,5,7,5,6,6,5,10,6,2,1,9,3,4,8,5,0.6792
6,3,6,4,5,4,6,4,4,4,5,5,6,2,7,5,3,7,8,6,0.581
8,10,9,11,6,3,6,8,11,7,6,5,6,5,8,8,8,3,4,3,0.8068
6,3,10,5,9,5,9,7,6,8,6,3,10,5,5,6,4,12,4,6,0.7258
5,8,5,6,9,6,3,3,7,5,7,6,3,6,4,5,4,6,1,4,0.6341
3,10,9,8,8,2,7,4,6,6,8,5,14,5,2,2,9,8,9,3,0.7153
5,6,5,9,8,4,4,4,3,7,8,2,6,4,7,8,8,6,6,2,0.6774
5,8,3,6,4,5,6,3,9,1,6,10,9,4,2,6,6,5,8,7,0.6252
4,6,6,6,8,8,3,6,9,7,1,5,6,6,7,8,6,10,7,8,0.7271
4,7,5,3,6,7,2,5,8,9,10,6,5,8,4,6,11,3,6,9,0.7072
6,7,7,5,5,6,3,7,10,6,10,9,6,8,5,5,5,4,7,7,0.7043
4,8,6,5,3,5,5,8,6,5,4,4,5,2,9,5,7,6,5,4,0.6088
9,9,4,5,8,4,3,8,6,6,8,11,6,6,6,6,4,4,5,5,0.7259
2,6,4,5,3,9,8,7,4,8,6,4,7,6,6,4,3,4,7,9,0.6116
7,8,5,6,2,7,3,6,3,5,6,5,7,9,5,6,7,6,10,4,0.7013
8,3,7,8,4,5,4,6,7,5,3,5,7,6,5,5,7,3,9,8,0.701
10,3,3,2,3,8,5,5,5,7,6,4,6,10,5,6,11,7,5,14,0.7226
7,10,3,5,3,5,7,8,7,4,7,6,5,5,6,6,3,3,8,5,0.6421
5,12,5,4,8,5,7,7,8,8,2,1,6,5,7,8,9,10,7,8,0.776
5,6,4,6,7,6,9,5,2,7,8,3,4,11,5,3,6,6,8,4,0.6834
7,4,7,7,6,7,7,6,5,6,10,5,9,5,10,3,10,7,10,7,0.7673
9,8,4,6,6,5,4,12,3,8,6,3,7,8,4,3,6,5,6,7,0.7519
7,7,6,5,8,4,8,4,6,8,7,11,12,3,5,6,6,1,7,6,0.6932
7,8,5,4,6,6,5,4,8,7,5,10,13,5,2,7,6,7,4,3,0.686
10,4,6,7,8,6,2,2,9,3,6,5,3,5,9,7,9,7,2,4,0.7123
3,5,8,7,5,3,5,3,3,3,4,8,7,4,7,5,7,11,4,4,0.5618
7,8,3,7,7,1,8,5,6,7,4,6,6,4,3,5,10,6,6,6,0.6692
9,4,8,6,5,6,5,6,10,5,8,6,5,6,2,5,6,7,5,7,0.7386
6,7,9,6,3,7,4,7,6,9,9,3,8,9,4,4,5,4,6,6,0.7213
11,8,5,2,9,6,11,8,6,1,2,2,10,5,9,7,4,2,9,5,0.7235
7,5,7,4,8,10,3,2,7,6,6,3,4,3,6,3,8,9,7,6,0.7224
4,9,6,5,7,10,7,7,4,10,11,3,4,3,4,3,3,7,6,7,0.6597
2,5,5,10,12,12,4,9,4,5,7,5,5,12,2,2,5,12,8,7,0.7932
12,9,5,7,6,4,4,6,4,6,6,8,7,0,8,7,4,9,5,7,0.7417
5,9,7,5,9,4,5,4,7,4,5,4,4,3,4,7,9,8,2,7,0.6731
2,3,2,5,6,2,3,11,6,3,7,9,1,5,6,9,7,2,4,5,0.5497
7,5,3,7,7,3,8,2,7,4,5,6,3,8,7,6,5,9,11,7,0.7226
6,3,7,8,7,3,9,8,6,7,10,4,5,7,6,7,1,6,2,7,0.6995
2,7,7,4,5,4,2,4,8,8,5,4,8,5,4,5,2,2,3,7,0.5684
6,3,8,5,4,7,6,7,4,7,2,6,7,6,9,5,4,12,3,6,0.641
4,6,7,3,4,9,4,2,5,13,9,4,3,6,3,6,2,2,7,9,0.6038
10,4,6,10,4,4,6,7,9,7,1,3,8,4,9,6,9,6,4,6,0.7095
4,6,7,3,5,0,9,6,6,8,7,9,7,5,7,8,3,5,5,6,0.6088
10,7,4,8,6,7,7,2,2,6,9,8,4,5,6,5,6,7,9,4,0.7001
5,7,7,4,8,4,5,7,7,4,2,9,3,6,9,7,12,2,8,7,0.6937
4,7,7,7,6,8,9,5,4,5,4,6,6,4,7,4,4,5,0,4,0.5847
9,2,5,3,6,8,9,5,4,4,5,2,6,7,8,6,8,1,5,8,0.6288
2,2,6,4,10,4,9,8,6,5,3,4,3,11,2,6,6,3,9,6,0.6248
8,3,6,10,8,4,4,4,4,9,6,4,5,7,4,7,5,4,3,1,0.697
9,7,3,6,3,6,5,8,7,4,6,2,7,8,6,4,7,1,6,6,0.6842
5,7,9,3,3,10,6,6,9,3,6,8,9,8,4,4,8,4,3,4,0.6775
5,6,6,4,3,5,4,7,7,4,8,6,8,11,5,8,5,2,7,10,0.6911
8,7,8,5,4,2,9,7,4,6,6,3,4,6,4,5,4,5,8,7,0.6439
8,13,3,6,6,6,3,2,6,2,6,7,2,6,7,5,4,9,14,5,0.736
4,6,7,9,6,5,9,3,4,11,6,5,9,8,9,4,5,4,5,1,0.7062
10,4,3,9,8,10,2,4,4,3,8,4,6,6,6,9,5,8,8,7,0.7925
7,5,4,3,6,4,3,9,4,7,11,8,4,9,5,8,9,6,7,7,0.7335
6,2,11,4,5,8,6,8,5,3,4,7,7,7,5,3,6,6,10,2,0.6588
5,7,2,7,9,6,6,3,3,5,7,7,8,7,4,7,9,4,7,5,0.6699
6,11,7,6,6,7,6,3,1,8,6,2,3,3,6,6,10,6,3,9,0.6282
6,7,9,5,5,9,10,3,7,5,9,6,8,5,5,8,7,11,5,6,0.7224
5,9,10,4,6,10,7,4,6,4,5,6,5,5,9,7,7,9,5,3,0.6927
8,2,7,5,10,7,7,6,4,4,7,4,10,6,7,4,5,4,4,7,0.7089
10,3,5,5,3,4,7,4,5,4,9,1,8,9,7,6,4,6,9,9,0.7043
4,6,12,5,5,4,4,5,3,7,4,0,5,9,5,4,3,7,8,4,0.6253
7,5,10,7,3,5,11,7,2,5,1,10,4,6,6,4,7,5,6,6,0.6151
7,4,6,4,6,4,4,5,5,7,8,7,10,1,5,8,1,4,8,5,0.6004
10,3,9,6,3,6,2,7,7,5,4,4,2,5,4,3,4,8,3,3,0.5997
5,4,6,6,8,5,8,8,4,5,5,5,6,7,7,5,4,3,5,6,0.681
9,5,10,2,8,3,6,6,8,4,7,7,5,3,3,5,3,7,6,8,0.6757
4,4,6,9,7,7,8,3,8,7,4,7,9,5,3,6,5,6,5,6,0.641
4,4,3,3,4,7,8,4,7,5,11,6,9,5,4,4,2,6,2,8,0.5786
6,5,11,6,4,5,3,5,5,7,6,6,8,5,7,4,2,5,6,7,0.6707
8,4,5,7,4,9,6,2,3,8,3,6,10,7,8,3,4,7,6,4,0.6887
4,7,5,6,5,9,2,16,3,3,4,6,9,5,5,7,13,11,8,5,0.7257
6,7,7,5,4,10,4,10,6,4,5,7,4,2,5,6,5,4,1,5,0.6024
5,4,8,1,4,5,6,5,6,6,5,5,8,6,7,8,6,5,6,4,0.5862
4,4,6,5,6,10,4,9,8,3,8,2,10,7,5,3,9,6,1,6,0.6841
3,3,2,8,5,10,3,6,7,3,5,2,8,12,4,7,10,4,7,8,0.6843
12,10,7,5,7,5,2,3,8,3,4,7,4,4,6,10,7,6,9,8,0.809
3,5,5,8,7,2,3,2,8,6,7,9,4,5,8,7,5,9,5,5,0.638
3,7,4,3,4,5,8,7,4,4,11,4,4,10,12,6,7,8,4,5,0.6515
7,4,5,2,3,3,7,7,6,7,12,4,6,3,5,5,8,5,7,6,0.6351
6,6,7,7,4,9,8,4,7,7,8,4,6,9,5,8,11,9,8,3,0.7496
6,10,7,3,5,2,4,7,8,9,6,7,5,6,3,5,6,7,6,5,0.66
4,8,6,5,6,3,12,8,9,8,5,6,5,3,5,4,9,6,9,7,0.6558
4,2,5,6,7,8,8,9,7,8,2,6,7,5,8,7,8,7,7,7,0.6745
8,6,9,8,4,8,9,4,8,5,4,6,3,5,6,5,9,4,12,8,0.7269
9,3,7,6,7,4,4,5,5,4,4,6,3,13,4,10,10,9,5,7,0.7959
4,6,6,2,3,7,7,6,4,6,7,8,4,6,5,5,5,2,6,5,0.5638
7,4,8,7,8,3,6,6,12,2,7,4,7,14,7,7,5,5,8,5,0.8183
3,4,5,6,10,4,4,5,5,5,5,9,3,8,7,4,3,9,5,7,0.6353
8,7,6,4,4,5,5,4,4,11,6,4,3,4,1,4,2,5,8,7,0.6292
5,3,6,7,6,7,7,6,6,6,6,8,5,9,3,7,6,3,4,3,0.6112
6,6,6,9,4,6,6,4,7,5,8,6,5,4,4,8,5,4,8,4,0.6712
2,5,5,5,11,4,6,4,6,7,11,3,6,10,5,5,7,4,6,4,0.6636
9,4,6,7,8,9,5,4,4,5,2,6,6,6,6,3,4,9,8,4,0.7122
6,8,7,9,2,10,11,9,10,6,5,9,5,9,4,6,6,7,5,10,0.7864
7,9,5,5,2,6,3,6,7,7,1,7,8,4,2,6,11,5,1,4,0.6278
8,2,6,12,10,6,5,7,8,9,6,8,6,9,10,8,6,3,9,5,0.8609
3,10,9,9,10,5,7,8,11,9,5,2,11,4,7,12,3,8,6,3,0.8099
4,8,5,7,3,4,2,2,3,2,10,2,4,6,2,9,7,5,9,7,0.58
6,3,9,7,6,5,6,7,4,6,4,11,4,5,7,4,5,6,8,6,0.6607
5,8,12,6,13,5,6,8,8,9,6,10,6,5,6,4,5,6,7,5,0.7635
2,12,7,11,11,8,5,6,6,5,4,14,4,3,8,2,7,8,4,4,0.6668
4,7,6,8,3,9,6,7,7,5,5,5,7,5,5,5,8,3,5,4,0.6302
6,8,7,6,5,2,4,4,3,6,10,5,7,4,2,9,9,3,5,4,0.6168
7,9,4,2,6,4,4,4,6,6,12,4,5,5,5,8,5,5,5,8,0.6829
8,7,4,6,7,6,8,6,5,4,2,3,9,4,2,10,7,9,7,6,0.7278
5,5,8,5,5,7,1,7,4,6,7,5,5,6,9,3,5,11,9,5,0.7155
6,5,6,5,7,7,6,5,3,8,0,8,6,5,6,5,7,4,9,7,0.6397
6,6,6,2,5,7,3,7,6,6,4,7,7,10,3,6,7,3,5,7,0.6546
6,3,3,4,7,10,5,4,6,3,4,4,2,5,2,9,7,6,5,6,0.6207
7,9,4,6,7,6,8,5,7,4,5,4,2,10,8,2,8,11,8,9,0.7588
3,7,2,4,10,9,2,4,3,3,4,4,5,3,5,5,8,8,1,9,0.5935
6,4,5,7,4,6,7,6,2,5,3,9,8,6,9,10,6,8,2,9,0.6921
9,6,6,10,7,9,7,8,5,7,4,7,7,6,6,2,6,2,7,7,0.7232
6,3,6,4,6,2,5,4,4,3,7,3,4,6,6,8,5,10,6,4,0.5961
11,7,10,5,3,8,6,10,6,8,7,7,1,7,5,7,6,7,4,5,0.7385
6,4,4,3,8,5,3,3,8,4,6,9,4,7,5,5,6,5,3,6,0.622
0,4,4,4,3,8,6,7,5,7,2,5,5,6,2,9,5,7,8,3,0.5265
6,4,6,6,3,3,6,8,8,9,6,6,8,5,7,2,5,3,6,9,0.6368
3,6,5,4,3,6,3,6,9,8,8,6,4,2,10,8,7,5,3,8,0.639
9,4,7,8,6,10,3,5,6,2,8,6,9,5,9,9,5,6,8,4,0.7852
6,2,6,9,8,5,5,5,6,9,8,7,4,4,7,7,6,8,4,9,0.7425
9,5,12,5,6,4,7,7,3,7,0,8,5,6,5,7,8,3,3,6,0.6914
9,5,5,9,7,5,11,3,4,4,6,10,6,1,3,4,5,5,3,2,0.5668
1,2,7,5,5,3,6,8,4,6,8,7,2,6,12,8,6,4,8,6,0.5978
5,7,5,6,5,5,7,7,6,7,2,7,5,5,7,6,3,7,5,2,0.6102
6,7,4,9,7,8,5,3,3,2,9,9,8,9,6,8,5,9,7,7,0.7437
4,10,5,2,9,8,4,9,4,5,6,3,7,7,8,4,8,2,4,13,0.695
2,7,2,11,5,2,4,9,6,6,4,4,8,4,6,4,5,5,6,8,0.5814
8,12,8,5,7,6,7,4,12,5,5,8,5,7,3,6,5,6,6,5,0.7389
10,12,4,7,5,3,5,7,1,9,4,6,6,3,5,4,8,10,12,6,0.7798
4,4,9,11,14,4,3,8,6,3,7,3,10,4,5,9,2,6,5,4,0.7554
4,6,2,8,6,4,9,2,5,7,10,7,6,5,2,9,5,11,2,3,0.6028
11,7,8,5,9,3,6,10,3,6,2,2,4,4,4,6,11,7,8,8,0.7825
3,3,5,4,6,7,8,11,5,8,5,5,5,9,5,5,5,6,2,5,0.5839
4,9,2,6,8,10,5,5,4,4,4,3,9,5,4,9,8,7,12,5,0.708
4,11,9,7,10,6,8,3,4,8,5,4,3,6,6,11,4,9,5,7,0.748
3,10,5,6,5,4,7,6,12,7,8,7,8,4,7,3,6,7,5,7,0.6533
5,3,6,4,2,3,8,5,5,7,5,7,5,9,9,5,5,4,8,3,0.5861
8,5,8,5,3,10,10,5,6,7,11,3,6,4,6,4,5,7,5,9,0.6823
6,4,7,1,9,10,8,7,9,9,7,4,9,3,7,6,6,6,4,4,0.7034
5,2,3,7,1,4,4,4,4,8,5,8,8,5,12,8,5,5,4,8,0.622
8,8,9,7,3,6,3,7,5,6,6,5,7,3,8,6,1,6,5,8,0.6855
4,3,6,5,6,5,5,5,4,9,5,9,11,5,7,2,8,2,3,7,0.6198
4,6,4,4,5,7,5,4,5,2,7,11,3,5,5,7,6,5,3,5,0.5807
7,11,4,10,7,6,8,2,4,4,7,9,6,4,5,8,5,6,3,7,0.6851
4,7,5,5,7,10,8,8,5,7,3,8,7,12,3,7,3,6,5,8,0.71
7,2,5,5,5,7,4,7,16,5,10,7,12,4,2,4,8,8,5,7,0.7315
5,5,4,6,7,6,4,6,8,5,8,8,9,7,5,9,9,3,7,6,0.6989
4,2,8,7,11,6,8,1,10,6,7,3,8,7,5,6,2,1,8,5,0.6798
10,4,6,4,3,5,6,5,3,4,7,3,8,4,11,3,6,2,5,6,0.6511
6,7,6,9,13,7,6,5,5,8,8,5,2,2,6,6,6,8,3,6,0.7357
3,7,4,10,5,7,7,7,10,2,5,6,4,5,4,7,7,3,9,8,0.6413
2,2,8,3,9,9,5,8,10,9,9,6,7,8,5,4,5,10,2,6,0.6654
3,6,3,9,5,6,7,7,7,4,6,5,9,6,16,5,7,3,7,5,0.7046
6,6,5,5,5,4,6,7,10,4,4,9,6,4,11,4,7,3,5,6,0.6614
12,5,6,2,9,6,7,7,7,9,6,6,4,5,6,6,9,4,7,5,0.7737
6,2,9,10,4,9,1,8,7,6,8,5,6,4,4,6,9,3,5,4,0.689
7,5,5,7,5,7,3,6,8,5,7,5,7,5,5,4,9,4,6,4,0.6892
3,4,6,5,8,7,5,5,2,1,6,5,8,5,7,9,6,3,7,5,0.5932
5,9,5,6,4,5,7,5,5,3,8,7,6,5,6,8,5,6,7,9,0.6895
5,9,8,2,4,8,3,3,5,6,9,5,6,5,5,7,6,4,9,4,0.6294
9,4,7,7,9,3,9,4,4,3,4,3,8,10,7,3,9,5,5,3,0.7405
6,2,8,11,6,6,7,6,4,7,4,7,3,4,7,5,7,6,2,4,0.6486
5,3,6,8,7,6,8,7,6,7,7,4,4,11,12,10,3,4,7,5,0.7619
3,8,6,8,4,10,3,5,6,5,5,4,4,10,12,3,8,3,3,5,0.6546
8,4,3,5,6,5,3,6,5,3,4,4,5,8,8,7,7,4,6,8,0.6506
9,8,5,6,4,3,12,4,13,4,7,6,9,5,8,5,3,6,6,4,0.6892
4,5,6,6,7,7,5,7,7,11,7,6,6,6,8,3,6,8,8,8,0.7419
6,10,8,5,4,5,6,6,5,4,2,5,8,8,9,2,7,4,8,5,0.6654
6,10,1,9,8,4,2,4,4,12,4,8,6,3,2,4,7,13,4,3,0.6674
11,9,5,6,3,9,6,5,5,4,5,8,5,10,4,3,5,6,7,7,0.746
3,7,5,6,12,6,4,4,13,5,4,2,2,8,5,6,3,6,6,4,0.6893
3,9,4,4,4,11,5,4,9,13,5,6,6,6,3,4,8,6,3,6,0.6357
6,10,4,4,8,6,5,6,5,3,3,7,4,5,4,4,7,4,9,9,0.6619
4,5,6,3,7,6,8,8,6,6,8,3,8,5,6,4,5,4,5,4,0.6243
5,7,7,9,4,6,8,12,7,3,5,6,7,9,9,9,4,3,10,5,0.749
10,6,7,4,9,5,4,9,4,6,9,7,6,10,3,6,5,1,5,4,0.757
12,9,5,6,6,3,4,4,3,4,8,5,10,4,10,4,4,2,8,6,0.7359
4,5,3,6,3,5,7,5,2,11,3,3,7,3,11,6,2,6,5,4,0.532
3,4,8,1,5,6,5,5,5,7,5,6,6,2,5,5,6,5,6,6,0.5359
4,5,7,6,5,8,4,9,6,7,3,10,8,11,5,9,7,3,4,2,0.6839
5,6,5,3,9,5,6,4,8,9,3,8,8,6,6,7,5,5,3,7,0.6718
3,3,7,6,5,5,4,7,6,9,4,5,2,6,11,6,3,4,3,2,0.5647
9,9,4,7,8,8,7,6,6,9,4,4,8,6,6,5,8,3,9,9,0.7986
4,3,7,7,8,6,6,11,5,5,3,5,4,4,6,1,7,5,2,6,0.6187
12,7,5,5,8,8,6,9,3,6,9,1,11,11,7,6,3,4,3,3,0.7854
6,4,8,7,5,5,3,6,4,4,4,5,6,3,4,7,5,1,5,8,0.5888
4,4,6,4,8,3,5,8,5,9,9,7,7,6,4,5,10,9,2,5,0.6835
7,0,8,8,9,10,6,3,1,0,8,4,6,4,5,6,5,5,7,10,0.6501
3,6,3,1,9,6,5,5,7,2,2,8,10,2,9,7,6,8,6,5,0.5873
4,8,7,3,4,4,7,5,4,4,4,7,6,9,6,8,5,9,4,7,0.6359
5,5,4,6,6,5,5,7,6,7,7,5,8,8,4,3,2,6,7,8,0.6608
5,5,3,5,10,4,9,7,8,9,5,6,5,7,11,5,7,3,6,6,0.6932
7,1,3,2,6,3,5,4,5,4,5,5,3,3,10,8,1,7,3,6,0.5695
10,3,10,4,4,8,6,3,3,5,11,7,4,6,4,4,4,8,7,5,0.6687
6,6,4,5,1,6,5,6,6,4,1,4,7,7,5,3,10,5,6,1,0.5716
4,8,12,6,6,5,8,2,4,4,7,9,5,3,9,5,6,5,3,8,0.6545
7,5,7,10,4,7,4,3,4,1,7,5,5,6,6,9,7,6,2,3,0.6619
8,6,5,6,7,4,4,4,3,11,4,4,4,4,5,8,9,10,4,6,0.707
7,7,8,9,11,6,5,6,4,9,4,10,8,4,6,9,7,6,5,3,0.7361
8,7,8,9,9,8,8,5,9,6,8,6,5,2,9,7,2,6,8,5,0.7486
9,2,2,8,3,10,10,6,7,6,7,4,7,3,11,5,3,8,4,4,0.6343
8,4,11,6,8,6,8,5,9,8,8,2,14,6,8,11,7,3,3,8,0.8172
8,5,4,6,5,4,2,5,7,4,10,7,2,4,6,8,9,8,6,4,0.6544
5,8,11,7,9,5,9,6,4,5,5,3,6,7,6,10,6,10,4,12,0.7865
5,4,4,5,7,6,4,6,5,5,5,5,8,6,6,9,10,7,5,4,0.6592
6,4,2,4,7,4,8,2,4,8,4,7,5,8,5,4,5,6,8,5,0.5958
5,1,8,8,8,5,12,6,8,6,1,5,10,2,6,8,10,5,7,7,0.6928
6,4,4,7,3,9,3,4,8,6,7,4,5,3,5,5,10,3,7,4,0.6094
8,7,8,5,7,3,4,2,9,4,3,6,6,6,5,2,8,8,6,6,0.6595
5,9,8,5,5,6,8,3,8,5,3,8,10,1,11,3,5,6,7,5,0.6308
5,8,3,5,5,3,7,4,9,6,5,8,7,5,10,5,4,5,3,8,0.6179
10,6,8,7,8,7,10,3,3,9,6,6,6,5,6,5,5,6,4,6,0.7222
8,3,8,1,4,8,8,8,5,8,6,9,6,8,7,6,8,8,6,5,0.7053
4,6,2,9,4,3,7,9,4,2,11,4,4,9,9,6,4,6,6,7,0.6587
8,4,2,6,13,7,7,7,8,9,8,6,3,5,5,7,5,10,3,5,0.7734
1,10,1,8,7,10,7,10,8,4,6,7,6,3,6,3,6,4,5,6,0.6167
4,5,6,5,7,6,6,4,4,5,8,6,6,8,2,3,4,4,4,5,0.5961
5,5,6,5,5,7,5,5,7,6,6,5,5,5,1,2,11,5,5,7,0.5898
4,2,8,5,6,5,6,8,5,3,3,1,8,6,5,5,3,6,8,9,0.6343
5,7,6,7,5,6,2,3,2,7,9,6,6,7,7,3,4,4,7,3,0.6274
6,9,3,4,8,3,3,6,3,9,9,5,5,5,6,8,6,4,9,6,0.6753
5,9,6,7,4,9,6,9,6,11,7,2,3,7,5,4,2,7,5,4,0.6518
6,9,13,7,1,6,6,8,9,10,6,7,6,7,7,4,3,10,9,5,0.7338
6,6,8,5,1,7,9,7,11,11,5,9,7,0,7,9,5,9,6,6,0.6872
7,7,7,3,2,4,8,4,9,4,5,4,7,6,6,8,4,7,6,7,0.6481
5,11,8,6,3,5,6,11,9,3,5,6,6,3,5,6,9,4,10,3,0.6704
2,3,7,6,4,1,4,10,5,7,4,5,6,10,7,12,8,3,7,4,0.6087
9,5,5,4,5,5,2,6,4,4,6,7,7,7,8,9,3,6,6,8,0.711
4,5,6,3,10,6,4,4,3,8,8,6,5,10,6,10,1,6,9,6,0.6703
2,8,5,2,10,9,7,8,6,3,5,9,3,8,7,1,6,6,3,5,0.6287
6,2,9,7,5,4,8,6,5,4,6,7,6,5,7,6,6,5,3,7,0.6424
6,7,11,5,5,7,12,5,6,8,3,6,8,9,3,5,6,6,6,3,0.6738
7,3,8,4,6,7,4,4,4,4,6,6,7,11,4,1,6,5,6,5,0.6559
6,4,4,7,7,5,2,5,3,9,4,4,5,4,3,5,8,8,7,6,0.656
8,4,6,5,8,4,4,3,2,4,2,1,5,6,7,6,1,10,4,7,0.643
11,7,5,8,7,6,5,8,7,5,7,4,7,7,10,3,7,6,9,4,0.8242
5,7,8,6,6,4,4,10,6,8,1,3,7,7,6,6,8,8,2,5,0.685
4,7,6,4,9,7,5,2,6,6,2,6,5,6,4,4,4,4,6,9,0.6298
9,2,3,5,3,3,5,10,4,6,6,1,3,6,8,4,5,4,6,6,0.6327
8,4,6,4,3,5,4,9,4,13,6,6,6,3,5,3,1,9,6,6,0.6419
2,7,7,6,5,11,4,10,5,8,4,3,3,6,4,7,9,7,7,6,0.6309
7,6,4,8,5,6,3,8,2,4,12,1,5,9,6,4,4,8,6,7,0.7326
5,7,8,3,3,8,2,5,6,5,5,7,3,8,10,5,5,6,6,6,0.63
7,9,5,6,4,4,4,5,6,5,5,8,6,6,13,6,7,6,7,6,0.6785
6,4,5,4,6,7,5,4,8,5,4,5,6,6,6,6,6,3,6,4,0.6429
2,8,2,3,8,10,9,5,4,3,7,4,3,11,6,5,3,5,2,5,0.6062
5,10,4,4,3,5,6,8,9,5,4,5,0,6,3,8,9,6,6,4,0.6204
7,7,7,3,5,8,4,8,8,8,3,7,4,10,12,4,5,8,7,9,0.7459
5,3,8,7,7,8,7,6,6,12,7,7,9,9,3,6,3,6,5,3,0.7109
6,6,3,6,6,4,8,10,6,5,5,9,10,2,9,5,6,2,10,10,0.6965
5,6,5,3,7,6,2,7,3,6,6,5,7,4,8,5,6,3,5,6,0.5927
7,9,7,2,4,8,7,5,2,10,8,7,4,9,5,7,7,1,9,4,0.6845
5,4,8,6,6,6,5,7,3,4,8,4,7,2,6,7,10,4,2,5,0.643
5,6,9,4,5,5,10,8,6,4,2,6,2,11,12,7,8,4,3,5,0.6788
7,9,8,7,5,5,6,11,5,6,5,9,5,5,4,2,5,6,4,6,0.6761
5,4,4,9,8,4,8,6,7,7,4,4,1,7,2,3,5,4,10,6,0.646
7,4,4,5,8,5,6,5,10,6,6,2,6,10,5,6,2,5,4,3,0.6839
9,5,6,2,9,10,5,1,5,7,7,5,6,4,8,4,6,5,4,1,0.6599
6,4,5,8,3,7,8,2,4,11,6,5,4,6,6,3,6,7,5,6,0.6483
7,5,8,5,12,4,2,7,5,4,4,8,2,6,9,6,5,5,6,3,0.7024
4,8,9,6,4,6,3,4,8,2,3,2,4,7,3,10,4,8,4,6,0.6278
5,6,4,3,12,9,7,5,10,4,3,6,5,7,3,10,5,6,8,6,0.7102
8,4,6,6,4,7,4,7,9,13,4,4,10,4,5,8,1,3,8,3,0.6621
9,8,8,5,6,5,7,2,7,10,6,5,3,2,6,13,8,5,3,6,0.7009
8,5,9,6,5,9,16,5,5,4,11,7,3,3,7,9,6,3,5,4,0.6659
6,9,6,7,5,8,0,6,4,3,8,7,5,8,6,4,7,4,9,5,0.6858
0,6,6,6,8,7,4,4,6,9,6,4,5,3,2,5,7,6,6,7,0.5674
8,3,4,9,7,3,5,5,2,7,5,3,4,2,6,2,9,9,6,10,0.6626
6,4,9,5,4,8,3,0,3,9,5,6,4,9,4,7,7,7,7,11,0.7029
7,5,5,4,4,4,6,5,3,6,5,5,5,9,5,10,4,7,3,4,0.6033
3,3,5,9,8,5,8,5,7,7,9,4,7,10,8,7,14,8,6,7,0.7888
8,5,7,7,5,2,3,3,10,1,8,9,3,10,9,4,8,8,5,5,0.7432
3,5,5,5,7,7,8,9,9,8,10,7,3,3,5,4,4,8,4,5,0.6469
6,2,5,4,6,5,4,6,10,9,6,8,5,6,10,8,2,6,5,7,0.6936
3,9,6,8,12,7,5,8,2,7,5,13,6,7,3,8,4,8,4,5,0.7228
4,8,4,5,5,6,5,7,9,6,9,3,3,7,6,2,7,6,6,7,0.6547
8,8,7,1,6,6,7,5,6,9,1,8,6,4,10,8,10,8,2,3,0.696
6,7,6,6,2,10,9,8,9,8,10,4,2,4,8,5,5,4,6,6,0.6579
7,4,7,8,8,9,7,3,4,11,6,3,10,6,5,4,7,11,10,6,0.7968
7,5,10,5,7,6,7,8,6,8,2,7,9,6,3,3,7,6,6,5,0.7172
2,3,7,3,4,6,9,7,5,4,5,4,5,5,5,5,6,7,4,5,0.5666
1,8,4,7,9,8,1,6,8,7,7,9,12,6,2,2,4,4,5,6,0.6297
4,6,6,8,4,9,5,6,8,9,7,3,5,5,8,3,9,4,4,9,0.6757
7,8,9,2,3,7,5,9,8,8,9,8,6,3,6,3,8,3,11,5,0.7174
2,3,6,7,6,7,6,6,6,7,4,8,1,5,9,5,8,7,6,3,0.6
6,5,8,7,4,7,7,4,4,6,5,7,7,9,4,8,6,9,5,6,0.7011
8,3,10,5,7,5,8,13,5,8,3,5,7,11,10,4,7,3,4,1,0.7358
11,10,5,5,4,6,6,5,4,10,4,8,8,6,2,2,4,4,6,0,0.654
7,6,8,13,8,8,7,6,8,4,5,9,5,1,7,4,9,4,9,3,0.7178
5,3,9,2,15,6,8,6,1,7,6,3,3,4,6,6,5,13,4,4,0.7135
2,7,8,3,6,5,4,5,6,5,2,2,7,2,2,9,11,9,5,3,0.561
8,7,7,6,8,5,9,6,4,6,6,6,7,6,6,4,5,9,10,10,0.7624
8,2,4,6,4,6,10,7,4,7,7,7,8,6,10,6,9,8,1,7,0.6788
2,6,6,7,6,8,7,3,4,5,8,7,3,3,5,8,10,7,5,6,0.6242
8,4,2,3,4,3,4,6,6,7,6,4,7,3,5,7,7,6,8,5,0.6062
8,6,1,7,4,5,6,8,8,3,8,3,8,4,5,6,1,5,12,8,0.682
6,5,4,9,8,5,2,5,3,10,2,3,8,6,6,3,9,10,6,5,0.6994
7,4,2,7,8,4,1,11,6,8,6,3,3,4,3,9,5,6,6,6,0.681
6,9,2,8,6,2,2,7,6,6,3,4,5,7,6,6,6,4,6,4,0.6531
1,8,5,5,6,5,10,8,4,6,7,7,6,8,4,7,13,8,9,6,0.686
9,5,6,6,7,4,5,6,8,1,7,5,9,5,7,7,10,8,3,5,0.7735
6,10,8,4,9,8,2,6,10,2,7,5,8,4,8,6,7,4,6,7,0.7548
6,5,3,4,5,2,5,8,8,3,6,9,3,6,5,5,7,4,4,4,0.579
3,5,6,13,3,8,9,6,7,5,7,6,6,5,3,4,7,5,1,8,0.6251
7,4,6,8,5,5,5,6,5,3,2,5,5,4,7,8,7,6,9,4,0.6579
5,3,5,4,9,4,6,4,2,7,8,5,9,6,7,8,7,10,10,7,0.7236
4,7,5,2,7,9,7,9,5,6,3,5,11,4,8,11,8,6,6,5,0.7033
7,5,6,7,6,9,6,13,5,6,10,6,6,4,9,6,8,10,6,3,0.7671
7,5,4,7,8,7,3,10,6,9,5,3,7,6,7,5,9,4,5,5,0.7316
8,8,4,4,1,4,6,4,4,5,5,9,3,5,4,5,4,5,9,3,0.5894
7,10,3,1,2,5,5,10,4,6,11,4,6,9,8,4,3,5,8,4,0.6465
7,9,6,7,6,9,9,6,10,6,10,5,3,6,2,4,4,4,4,5,0.682
4,5,1,9,2,4,5,5,7,5,2,4,8,8,10,3,4,10,9,5,0.6304
4,9,9,3,9,4,4,9,7,3,6,4,3,5,5,6,8,11,8,8,0.7018
3,5,4,12,10,4,4,4,5,7,3,4,6,5,4,9,3,8,6,4,0.6659
10,8,9,9,5,7,6,11,6,3,7,5,9,2,3,4,4,7,7,10,0.7294
5,5,2,7,3,7,6,4,8,4,7,3,9,5,6,4,5,5,7,5,0.5848
8,6,6,3,8,4,3,6,7,9,6,5,6,4,7,3,5,6,7,6,0.6886
3,6,4,10,4,8,5,7,4,8,4,5,6,7,4,13,7,6,4,5,0.6589
3,9,8,8,3,6,6,3,7,6,10,9,6,8,4,3,3,4,4,7,0.6199
2,9,10,7,7,10,5,8,6,9,3,6,1,4,4,8,5,3,2,6,0.6346
7,5,10,6,10,5,8,9,5,7,8,5,7,5,5,5,9,7,8,5,0.7664
8,6,2,6,7,3,4,8,4,2,7,2,5,6,5,1,6,6,9,3,0.6424
6,5,2,9,5,7,2,4,7,12,9,8,5,7,5,7,3,7,5,4,0.7318
8,4,3,5,5,7,4,11,6,5,5,5,5,7,7,9,7,6,5,8,0.7271
5,6,10,4,4,7,3,6,10,7,5,5,7,8,6,3,7,8,2,4,0.6708
6,9,11,5,6,6,5,10,8,6,8,4,1,7,7,4,3,6,11,5,0.7261
10,5,3,5,9,3,4,6,6,7,7,6,7,6,7,9,5,10,3,5,0.765
5,6,9,4,8,5,3,5,3,8,6,6,3,4,3,4,4,2,5,9,0.6411
6,3,6,7,5,5,5,5,4,6,8,11,6,9,4,6,9,6,8,8,0.7181
2,6,4,4,5,2,6,3,3,6,5,7,5,4,5,5,5,5,3,4,0.4745
5,3,9,3,4,4,5,8,7,5,5,2,5,10,5,4,9,4,5,6,0.6172
6,7,9,5,3,5,10,7,2,9,8,7,4,3,6,11,7,5,11,6,0.697
4,7,1,12,10,9,6,5,4,13,7,1,2,6,7,3,5,8,7,5,0.7607
4,5,6,7,4,6,6,4,2,3,3,7,7,3,3,8,4,7,8,11,0.5828
7,8,4,8,4,3,9,5,6,4,2,5,3,8,10,4,6,4,9,6,0.6544
6,11,9,3,7,6,6,8,7,4,6,4,9,4,5,6,7,5,9,4,0.7413
4,7,6,5,12,3,5,7,5,11,7,7,10,3,4,3,4,5,3,8,0.6766
9,6,5,3,5,4,10,5,9,6,8,8,10,10,5,7,6,5,8,5,0.7187
7,6,2,5,4,9,9,5,7,5,7,5,5,6,6,6,7,7,5,6,0.6365
5,2,7,4,11,7,7,6,9,7,7,7,8,6,5,1,5,6,3,3,0.6488
8,8,4,6,5,8,5,9,5,6,6,7,4,10,4,7,4,6,5,5,0.7239
4,6,6,8,7,5,6,2,3,11,7,5,6,6,5,8,6,10,3,5,0.6813
7,6,11,9,12,8,4,4,8,5,7,7,6,4,5,3,5,6,10,9,0.7945
6,3,7,4,4,8,3,4,5,5,7,5,8,5,4,4,6,8,8,9,0.6479
5,1,6,7,3,8,5,6,6,6,5,7,7,3,8,2,6,9,7,9,0.6544
12,4,9,8,6,6,10,4,4,6,8,4,8,8,7,6,5,6,7,5,0.7992
3,6,10,6,8,3,6,8,8,5,2,8,5,9,5,7,5,3,5,2,0.6388
8,5,4,6,5,6,2,6,2,5,6,3,8,5,9,7,5,12,6,7,0.7247
9,2,6,0,7,6,6,4,4,3,3,8,7,5,5,8,6,5,7,3,0.6002
2,9,5,7,5,7,7,9,6,7,8,7,8,6,2,3,2,4,8,5,0.6301
3,4,6,8,6,4,3,6,7,10,7,11,9,9,4,3,11,6,8,5,0.7264
6,9,8,4,6,4,3,5,5,4,10,4,2,10,5,2,8,6,3,8,0.665
5,4,8,4,7,4,6,6,9,7,4,5,8,5,5,8,7,5,3,5,0.6498
6,5,2,4,4,7,7,6,7,6,6,5,7,4,6,4,7,5,6,5,0.6127
4,5,3,3,3,9,4,7,3,4,9,7,6,4,7,4,7,10,4,4,0.5856
3,5,4,10,9,4,2,5,6,6,1,5,7,6,6,2,4,8,7,4,0.616
11,8,3,2,5,10,3,5,8,5,2,7,6,6,5,8,5,5,6,10,0.7308
1,5,2,5,3,6,11,4,8,3,6,5,8,4,7,7,5,2,3,13,0.558
5,3,8,8,4,4,7,2,7,7,12,6,8,6,10,10,6,7,6,5,0.7062
5,4,13,7,8,4,6,3,6,5,8,1,4,8,5,8,7,10,3,3,0.7012
4,3,3,4,3,8,4,8,4,3,7,6,6,4,8,9,8,6,8,5,0.6005
3,3,4,8,5,7,2,3,12,7,3,8,4,5,3,7,5,5,5,5,0.5817
7,4,6,7,9,8,7,2,11,4,6,7,4,5,4,8,6,7,6,9,0.736
3,10,0,7,12,7,4,7,9,6,5,10,8,9,6,4,8,5,5,9,0.7467
7,10,5,4,5,9,8,2,9,1,2,5,6,8,6,3,2,6,9,1,0.6267
11,5,3,4,12,7,7,1,9,8,8,5,6,7,6,7,4,4,8,6,0.7861
2,7,6,6,4,8,7,8,4,9,2,6,7,5,7,15,6,5,6,3,0.637
4,3,6,9,2,8,7,3,6,4,3,8,5,7,6,5,9,3,5,5,0.5774
5,6,8,3,7,4,9,3,6,3,3,2,8,0,5,7,2,6,6,8,0.5877
5,6,6,4,6,6,2,10,1,9,2,4,10,8,8,8,4,4,3,3,0.6319
10,7,5,8,9,6,7,1,8,3,7,6,4,7,3,7,5,4,9,4,0.7484
7,5,9,6,5,7,7,9,8,8,4,5,9,7,6,2,8,8,9,4,0.7639
4,1,4,3,7,12,9,6,6,10,2,7,5,12,4,6,4,5,5,8,0.6397
8,9,9,5,4,11,7,5,7,7,4,8,6,4,6,3,2,6,7,8,0.7022
9,8,6,8,7,8,5,4,3,6,6,5,8,4,2,9,8,8,8,9,0.7848
9,5,5,6,4,6,5,8,7,5,5,12,3,4,4,6,4,11,6,4,0.6777
4,7,6,3,5,6,6,6,4,3,4,7,1,8,3,5,8,6,8,4,0.5913
6,5,9,5,6,5,5,2,9,5,6,6,7,7,7,8,7,8,3,6,0.6819
4,4,9,5,4,4,4,5,5,6,4,7,5,8,7,12,9,5,4,2,0.6238
5,3,9,4,5,4,3,7,7,5,11,2,6,3,5,1,7,5,9,6,0.6424
9,8,6,4,5,5,8,4,10,9,3,4,9,4,7,8,8,6,10,6,0.7553
3,6,7,10,6,7,9,5,4,6,5,8,4,7,7,8,12,9,3,6,0.7098
6,6,6,9,8,5,5,4,5,7,5,7,5,4,9,3,8,4,5,4,0.6853
2,4,7,6,8,5,2,3,12,5,6,6,5,5,4,7,7,5,7,3,0.6241
2,8,8,4,2,5,5,4,3,8,5,2,8,10,0,7,5,5,8,6,0.5726
7,3,4,5,3,5,5,7,6,9,6,8,7,7,4,7,4,4,7,4,0.6159
6,6,0,4,8,3,8,4,4,8,5,6,1,6,7,6,3,9,2,8,0.6198
5,5,4,7,6,6,5,6,10,6,3,6,5,5,2,6,6,7,6,5,0.6454
4,6,4,11,5,3,8,1,8,10,4,4,7,6,11,5,3,7,4,5,0.6561
5,3,4,2,2,5,7,8,7,6,1,3,5,8,9,4,4,8,7,7,0.5701
0,5,4,8,3,5,5,8,7,7,4,5,11,5,4,7,4,2,3,3,0.5559
3,4,6,5,4,4,4,4,5,2,5,12,5,3,9,6,3,6,3,4,0.5637
4,4,5,10,6,4,4,3,5,6,5,6,2,5,5,9,3,8,9,11,0.6456
6,5,5,8,6,4,6,11,9,4,6,6,9,6,8,8,10,6,12,3,0.7671
4,5,5,7,10,7,6,6,7,6,8,4,7,8,11,8,7,10,2,5,0.7707
7,7,5,9,5,2,3,5,3,5,5,2,11,7,4,5,7,8,7,5,0.6905
5,8,5,7,11,5,9,5,4,6,8,8,7,4,4,4,8,8,5,6,0.6798
2,6,6,9,6,5,5,4,4,6,4,7,7,2,4,9,4,4,7,8,0.5675
8,3,2,3,7,5,8,3,4,5,2,3,3,6,4,10,6,2,9,10,0.6232
8,7,5,5,7,6,5,4,11,7,10,6,3,5,3,10,10,6,9,4,0.7735
1,9,6,11,8,7,9,8,7,6,6,6,5,7,4,6,6,6,4,6,0.7168
9,5,8,6,3,5,2,5,6,7,7,5,8,6,6,5,9,6,6,7,0.7329
6,8,9,9,5,5,6,2,7,5,5,6,8,6,3,5,9,9,10,4,0.6981
10,7,6,4,5,4,3,5,6,8,6,5,7,5,6,9,5,6,9,7,0.7478
5,5,9,6,4,4,5,6,1,9,6,7,2,4,1,6,6,11,10,2,0.5897
3,8,7,5,2,2,8,6,6,10,5,7,6,2,10,2,8,4,4,8,0.5748
8,5,9,6,9,7,9,7,6,5,7,3,7,8,9,5,8,4,7,7,0.7726
6,9,3,9,13,5,4,6,4,3,9,7,5,5,9,6,9,5,4,10,0.7509
8,3,7,8,8,5,9,6,5,7,5,6,5,7,4,4,0,7,12,7,0.7216
3,5,8,8,5,5,5,6,9,5,10,5,9,5,3,11,5,5,5,5,0.6703
7,3,6,5,9,5,10,4,7,6,16,7,5,5,7,4,6,7,7,1,0.6956
7,5,8,7,10,5,9,6,0,3,5,3,4,5,7,6,5,3,5,2,0.6516
10,9,4,6,7,6,6,4,5,8,7,3,7,6,3,5,5,6,8,6,0.7347
7,5,3,10,5,7,5,6,3,4,8,8,3,5,10,3,8,9,5,7,0.7002
5,4,7,4,4,8,8,8,2,12,8,6,4,4,4,6,12,7,7,3,0.6719
5,8,5,6,5,6,7,8,6,7,4,7,5,10,4,2,6,5,5,6,0.663
11,4,7,10,8,5,1,4,3,6,7,4,2,3,4,2,7,5,4,1,0.7053
5,6,2,4,5,6,2,2,4,5,5,3,8,5,7,3,7,7,8,7,0.5963
6,4,8,5,7,5,1,7,5,6,5,6,5,4,9,5,3,7,2,6,0.6524
5,8,4,10,6,8,6,10,1,6,7,5,7,5,5,12,5,6,9,3,0.755
5,6,7,6,11,4,9,4,6,5,9,2,7,7,4,5,5,8,6,2,0.7077
8,6,6,5,4,7,7,10,5,8,6,4,8,5,2,6,7,2,8,6,0.6859
6,5,8,3,3,5,5,2,5,6,9,9,6,5,7,6,14,11,13,4,0.7192
6,4,5,4,8,4,7,7,5,7,3,6,2,4,4,5,5,7,5,6,0.5977
6,5,5,8,4,5,4,4,9,3,2,2,6,4,1,7,6,9,7,6,0.6033
7,6,8,10,4,9,7,5,5,3,6,4,7,7,2,10,3,3,7,4,0.6731
7,5,6,4,4,3,3,3,3,5,3,11,4,5,5,4,10,10,6,6,0.6049
2,4,4,6,7,6,7,7,4,5,6,8,5,9,7,10,5,2,6,6,0.652
6,6,6,4,3,4,4,6,5,10,4,3,4,10,5,4,4,8,8,5,0.6328
6,8,7,8,9,11,6,2,7,3,7,7,3,11,9,2,2,6,7,8,0.7612
3,11,5,6,9,5,10,6,5,5,6,6,6,6,5,4,2,9,6,11,0.6685
3,6,8,6,7,10,2,7,2,6,6,6,10,8,5,2,6,5,6,5,0.6703
3,6,6,4,9,7,6,2,8,6,2,4,5,6,6,5,5,5,4,1,0.5723
1,3,8,5,6,4,9,5,5,7,10,8,5,6,6,5,3,2,3,10,0.5979
7,4,6,8,3,4,6,7,7,4,6,6,8,13,9,11,8,10,6,5,0.7969
4,7,5,5,6,6,3,5,7,6,6,6,4,10,7,7,12,4,4,7,0.6623
3,9,8,6,4,2,4,3,3,5,4,10,5,6,9,5,6,4,5,9,0.6071
9,6,4,4,5,9,6,4,8,7,5,10,7,7,4,6,9,5,10,4,0.7465
10,5,3,5,2,7,5,5,6,8,13,7,9,4,7,8,6,0,8,4,0.6977
9,4,3,6,5,7,9,4,4,8,9,4,7,7,4,4,10,9,8,8,0.7251
10,5,4,4,7,9,11,4,7,9,5,4,6,4,5,2,6,10,8,4,0.6871
7,6,3,7,6,5,5,3,5,6,11,5,4,9,7,7,10,6,3,7,0.7403
3,5,7,3,4,6,6,5,4,8,7,6,7,5,5,2,6,3,8,5,0.6067
9,4,6,5,7,7,4,7,10,4,9,8,6,5,7,6,7,8,8,8,0.7869
4,4,8,5,7,8,3,5,3,4,5,6,8,5,8,4,10,2,3,3,0.6123
5,8,6,8,10,6,2,3,1,2,6,5,7,6,5,6,5,5,4,5,0.6593
5,6,6,2,5,8,7,4,6,6,6,7,8,9,10,4,8,8,8,6,0.699
8,7,5,12,5,6,5,3,7,7,2,4,2,7,4,10,4,5,9,5,0.7393
4,3,7,5,4,9,6,2,8,9,6,3,5,6,8,7,13,7,8,5,0.6822
6,11,8,7,3,3,7,3,9,7,6,5,10,9,10,8,8,7,8,6,0.7742
5,7,8,3,7,6,7,5,6,7,3,4,7,9,3,8,7,4,9,7,0.6675
7,8,3,5,5,9,2,1,5,7,3,6,5,2,7,8,5,7,7,10,0.6393
7,5,1,9,13,4,2,8,12,6,8,4,6,5,8,8,13,6,5,4,0.8288
5,5,4,7,12,5,7,4,1,8,4,5,7,3,3,6,5,11,9,4,0.6879
7,6,7,4,7,6,5,5,6,5,7,3,9,2,6,10,10,9,5,4,0.7184
4,5,10,4,6,6,5,8,10,8,8,7,5,7,3,6,3,7,5,3,0.6416
7,8,2,5,5,3,3,9,4,5,7,5,5,15,8,7,8,6,4,6,0.7465
5,4,8,8,3,6,5,4,10,9,6,2,7,3,10,7,8,7,4,9,0.7156
5,4,5,6,6,12,9,2,6,5,6,10,7,5,4,4,9,8,6,3,0.644
8,9,5,6,6,12,6,2,6,6,8,8,6,4,6,4,5,7,5,4,0.7176
5,6,7,5,5,6,8,4,5,10,5,5,3,7,2,10,4,5,9,8,0.6264
8,5,5,3,7,12,6,4,3,6,6,8,6,6,6,9,6,7,5,10,0.7486
4,7,2,5,4,5,10,7,7,8,6,1,4,7,5,7,2,6,4,6,0.6121
7,4,7,4,8,5,6,3,3,7,4,4,6,7,6,3,7,10,4,8,0.6533
3,7,6,7,8,3,5,6,3,7,6,3,6,9,5,7,7,5,5,7,0.6973
3,7,3,3,7,5,6,8,8,11,2,7,2,7,4,5,8,10,9,5,0.6267
6,8,4,11,2,4,6,5,3,6,12,8,7,8,7,7,5,4,4,8,0.7114
3,4,5,9,6,4,4,7,6,5,8,8,5,6,9,3,3,5,2,6,0.623
7,7,11,8,4,12,8,4,5,3,4,13,8,4,6,3,10,6,6,8,0.7276
6,9,7,5,6,7,7,5,7,9,8,6,6,3,8,9,5,3,9,8,0.7271
8,2,3,7,3,2,7,5,4,7,6,2,6,6,8,5,6,5,2,12,0.6129
4,10,6,4,4,6,8,7,8,8,1,6,7,11,8,2,4,3,6,8,0.6629
6,5,7,1,5,4,4,2,12,8,1,5,5,5,8,4,5,6,9,5,0.6126
3,8,3,5,3,6,2,9,8,5,10,3,8,6,6,8,7,4,4,4,0.5847
4,4,5,3,2,7,10,8,5,6,7,5,5,9,2,6,5,3,8,8,0.6037
10,5,4,2,7,8,8,7,8,5,8,8,5,7,7,7,11,4,4,8,0.7452
8,1,3,4,13,4,3,6,6,2,6,6,4,6,3,3,5,6,6,7,0.6694
8,4,6,7,7,5,12,3,8,5,8,4,7,7,6,3,5,4,7,10,0.7205
9,8,4,6,5,2,8,9,6,5,6,6,5,3,5,5,2,4,6,11,0.6566
3,3,6,6,6,10,7,3,4,4,2,3,4,8,3,8,9,10,7,4,0.629
4,6,8,8,6,6,5,10,2,2,4,7,1,9,5,6,8,7,11,5,0.6665
10,5,6,4,4,6,6,7,5,4,8,4,5,3,5,11,5,8,6,4,0.6707
6,6,7,5,10,6,4,4,4,7,3,7,7,4,5,3,7,8,10,5,0.6731
3,1,4,5,6,4,4,6,3,7,4,5,6,6,10,5,5,4,3,2,0.5548
7,6,9,2,6,4,3,6,4,7,4,5,3,5,6,7,11,8,6,4,0.6621
7,5,9,7,3,5,5,6,5,6,7,5,6,3,3,7,2,5,5,9,0.6231
7,6,7,6,8,4,7,2,3,6,3,5,5,9,7,8,8,7,5,8,0.7045
5,4,9,3,3,7,6,12,6,5,9,4,4,4,5,5,5,7,9,6,0.6299
5,9,7,2,7,8,6,2,9,4,4,3,4,6,9,5,4,5,4,6,0.6208
6,4,5,6,4,5,7,4,7,3,1,2,8,5,6,8,5,6,3,7,0.6075
9,7,6,6,5,2,4,7,6,5,3,4,8,3,4,4,8,10,7,3,0.6388
6,4,9,8,9,5,9,6,5,3,5,3,4,4,5,6,5,0,5,7,0.6317
7,6,5,7,4,5,3,10,6,8,5,7,7,9,3,11,4,5,3,4,0.7373
3,6,5,10,7,2,3,9,6,5,5,11,5,6,7,4,9,5,10,4,0.6797
5,9,7,6,4,5,7,5,8,1,6,8,7,6,6,8,6,7,7,7,0.647
7,5,5,7,5,6,6,4,6,8,5,5,5,5,8,8,3,5,4,9,0.6815
12,4,8,4,8,4,4,8,4,5,9,6,6,4,2,7,12,4,7,6,0.7654
4,3,8,5,8,4,6,7,5,6,3,3,7,9,7,8,10,3,4,3,0.6535
5,4,8,4,7,3,4,7,3,4,10,9,3,4,6,5,6,7,2,5,0.6043
10,9,3,7,10,11,5,6,4,7,7,5,2,9,6,4,6,6,8,3,0.789
6,10,5,9,7,2,5,8,2,7,3,3,5,6,4,6,6,3,9,4,0.6859
6,6,4,9,4,2,4,2,8,3,11,11,7,5,4,5,4,3,2,7,0.6297
3,7,7,8,6,4,8,9,14,5,5,1,8,6,6,5,10,7,3,6,0.7211
4,8,7,3,5,6,5,9,6,9,6,5,4,5,7,9,3,9,4,5,0.6543
3,4,8,5,3,6,5,3,12,5,11,3,7,6,3,8,8,6,6,6,0.6154
5,3,4,5,6,6,9,6,5,8,3,10,10,5,5,8,4,4,5,7,0.6273
3,8,6,6,8,6,4,10,4,7,7,2,6,6,6,7,1,6,5,7,0.6685
7,6,6,9,6,14,9,7,4,11,4,7,9,6,6,9,4,7,5,7,0.7511
7,4,9,7,7,6,7,3,5,3,5,5,8,8,10,6,9,3,6,3,0.7138
5,7,2,9,5,4,5,7,11,11,5,3,8,3,3,1,7,4,6,9,0.652
5,5,8,11,6,8,10,7,6,9,8,7,5,1,1,8,1,8,5,9,0.6802
5,4,1,11,7,6,4,3,7,2,2,6,3,5,10,6,6,6,9,6,0.6657
6,10,7,4,2,5,5,5,7,7,4,4,7,6,4,2,8,6,4,9,0.6576
9,6,5,6,6,6,4,9,11,6,4,3,5,5,4,1,8,4,3,2,0.6902
5,14,3,6,5,6,8,5,8,7,8,2,12,8,4,6,10,7,7,9,0.7322
7,3,8,5,3,2,6,4,7,10,4,4,6,11,5,7,4,4,7,9,0.6807
5,9,10,11,7,4,3,9,7,10,9,5,6,5,1,7,8,3,8,5,0.7618
9,2,5,10,2,5,5,5,11,4,6,2,3,8,6,4,7,7,8,6,0.6866
6,9,8,10,4,5,7,8,3,3,5,7,7,4,5,4,7,4,3,7,0.6683
4,3,4,11,5,7,2,6,5,9,5,6,8,8,3,4,8,8,5,11,0.7483
10,7,6,6,4,4,6,7,3,8,5,7,3,9,5,10,7,11,3,6,0.777
3,4,6,8,4,7,3,6,8,11,5,4,5,5,6,6,4,7,5,9,0.6476
5,10,2,7,7,5,9,7,4,8,8,2,5,4,11,5,0,7,4,4,0.6411
4,5,5,4,8,8,5,8,8,1,5,2,6,8,4,10,6,3,10,5,0.6798
5,9,6,4,7,6,4,8,2,5,14,5,2,9,6,5,4,6,7,6,0.6743
7,7,1,4,4,10,7,6,6,9,4,4,8,7,5,5,6,3,3,5,0.6067
5,7,2,5,3,5,4,6,8,3,4,5,8,7,5,3,6,4,5,4,0.5773
10,4,4,8,2,9,5,10,8,5,1,6,9,7,5,5,2,1,3,2,0.6245
8,3,10,7,13,3,9,9,3,4,7,5,3,8,3,6,8,6,2,7,0.7631
13,3,6,10,7,10,4,8,7,5,7,6,5,7,3,9,6,9,7,5,0.8817
2,6,8,5,9,11,3,7,5,5,6,10,10,5,6,4,6,3,2,2,0.6291
3,4,8,6,5,6,8,4,7,7,2,9,11,1,7,5,8,9,14,3,0.6648
5,3,5,9,6,4,4,4,7,4,2,6,4,7,7,2,9,10,11,4,0.6583
4,10,6,5,9,7,4,5,5,4,5,5,6,8,4,6,4,4,9,6,0.655
5,8,4,4,9,6,6,5,9,7,4,6,6,9,11,4,8,1,5,7,0.7222
6,9,6,7,6,4,3,10,6,6,7,6,10,6,3,8,5,1,3,5,0.7068
8,4,9,4,6,5,2,6,8,8,5,6,10,6,4,8,7,7,11,2,0.7668
7,9,8,6,7,6,3,2,3,6,3,5,4,8,10,5,7,4,3,6,0.6686
3,2,6,8,6,5,1,2,6,5,9,7,5,3,3,8,6,8,8,7,0.5933
7,9,3,12,7,8,5,4,5,10,5,5,3,7,7,7,7,5,4,8,0.7759
4,6,6,7,5,4,5,4,3,4,6,5,5,4,5,4,5,5,1,4,0.5488
6,6,4,7,4,9,5,5,5,5,5,8,6,3,9,7,5,5,8,8,0.6832
5,11,2,8,6,3,5,10,7,5,2,8,7,4,4,8,2,1,10,7,0.6631
2,8,7,7,9,5,8,3,5,7,6,2,4,8,9,7,8,7,9,6,0.7304
5,5,6,3,6,6,5,9,4,6,6,2,11,3,7,6,5,3,3,5,0.607
4,9,5,8,9,10,10,6,7,5,5,4,5,5,5,7,3,5,2,6,0.6807
9,5,4,4,10,10,10,5,6,5,9,5,9,2,3,6,5,5,5,7,0.7276
11,5,9,4,6,4,8,6,10,5,7,5,5,4,9,6,8,9,6,6,0.7664
5,8,6,6,8,6,4,6,6,7,4,2,8,9,3,6,5,4,2,5,0.667
6,6,8,6,8,7,6,6,4,3,4,6,4,10,9,8,5,6,12,5,0.7556
6,8,6,7,7,9,5,6,8,8,5,7,8,8,8,10,8,1,8,11,0.8219
3,4,6,1,8,7,5,7,6,7,3,6,9,1,8,5,6,7,4,6,0.5968
11,9,3,2,10,5,13,1,5,7,7,9,2,6,7,3,7,6,8,4,0.7043
6,4,5,5,3,5,9,10,7,0,7,1,3,4,8,8,6,6,5,7,0.6098
5,2,8,9,5,4,5,7,5,3,9,7,6,5,10,6,4,7,8,2,0.643
5,4,6,4,5,8,4,5,6,4,7,9,8,1,6,6,5,5,4,8,0.6376
8,11,5,6,5,8,9,7,6,11,5,5,8,6,3,10,6,5,5,4,0.7382
4,8,4,8,9,11,9,4,5,12,9,9,6,8,7,4,11,5,4,7,0.7831
6,2,6,6,8,4,6,7,7,11,0,7,4,4,3,9,3,7,5,11,0.6712
5,9,6,2,6,6,8,4,3,5,4,5,12,5,6,4,5,7,8,6,0.657
7,8,3,11,5,7,4,8,6,8,6,5,8,6,10,9,8,5,10,10,0.8442
5,5,6,5,4,3,8,8,3,7,5,4,5,3,9,6,5,7,5,6,0.5794
7,5,8,7,4,5,5,7,9,5,5,3,9,7,3,2,6,10,7,4,0.6718
3,6,6,7,2,6,7,5,8,6,3,6,7,3,9,6,2,5,4,7,0.5851
4,8,4,4,4,5,6,7,3,9,9,4,5,6,10,6,11,9,9,1,0.6796
4,6,3,3,4,7,4,2,2,5,7,6,6,5,2,5,3,1,4,4,0.509
7,5,3,3,4,6,3,6,3,6,4,7,5,5,4,5,6,6,5,8,0.5973
4,9,5,6,5,3,5,8,0,6,4,6,7,5,5,4,7,3,4,11,0.5721
7,6,7,4,5,6,3,5,5,6,7,5,10,3,2,7,6,5,4,6,0.6486
5,3,4,5,2,5,6,2,6,6,9,3,2,1,4,7,5,4,6,2,0.4922
4,7,7,6,5,6,7,3,12,6,4,6,10,7,5,5,3,6,4,6,0.6901
11,6,8,4,6,5,8,7,9,5,7,10,4,4,4,7,6,11,5,8,0.7497
6,10,7,7,3,3,6,6,5,7,8,7,5,6,5,8,4,8,5,5,0.686
4,3,6,7,6,3,5,4,8,7,3,5,7,6,3,4,5,6,4,9,0.6288
8,7,4,9,8,5,11,5,7,2,6,10,5,6,8,6,6,5,7,3,0.7005
3,7,8,9,6,4,5,6,7,4,6,5,5,1,7,2,8,7,3,5,0.5848
0,8,4,3,3,5,3,6,5,7,2,3,6,3,4,8,7,5,7,7,0.5119
2,9,8,5,1,8,6,6,6,10,7,9,6,4,8,8,5,8,9,1,0.6413
8,7,8,6,4,5,10,11,10,4,6,6,3,4,9,9,6,5,6,6,0.701
7,8,4,2,4,6,5,4,4,5,7,5,4,7,6,3,4,6,5,8,0.6019
11,6,6,2,4,2,1,4,10,6,8,7,4,9,4,14,2,7,7,9,0.7509
3,3,8,8,10,2,3,1,7,11,4,8,4,5,6,5,7,7,8,7,0.6497
7,3,4,16,6,9,1,4,10,7,9,3,6,7,8,6,6,1,10,2,0.7979
5,7,5,4,6,5,4,5,8,6,8,5,4,9,8,3,9,1,6,5,0.6766
4,9,1,5,8,4,7,11,5,6,4,3,6,8,6,6,7,4,5,6,0.6869
10,5,5,4,8,7,7,6,7,4,8,7,1,7,1,5,6,8,8,2,0.6997
5,7,3,2,11,7,9,6,5,4,8,2,5,5,3,3,7,3,8,11,0.6446
5,5,7,4,3,9,6,2,7,5,5,12,10,7,6,2,2,5,9,8,0.6568
0,5,8,5,10,5,6,8,3,7,6,7,7,6,5,4,5,2,3,8,0.6037
6,6,3,5,6,6,2,8,3,4,8,4,6,3,7,8,3,5,7,8,0.6391
4,3,4,2,4,7,6,2,6,7,3,6,7,8,5,5,8,5,7,6,0.5453
3,3,6,3,3,4,7,10,3,8,7,4,7,3,6,4,4,6,6,6,0.5425
6,7,8,6,7,4,8,7,4,6,4,4,4,6,3,3,6,7,5,8,0.647
5,7,6,6,8,3,4,6,5,8,7,5,6,7,10,7,7,3,4,6,0.7042
9,6,5,5,6,4,8,3,4,8,3,4,2,7,7,7,12,2,7,4,0.6556
3,7,7,5,6,6,5,8,8,7,13,3,3,5,6,6,2,1,8,4,0.6115
8,7,9,4,6,8,9,3,8,9,3,6,6,4,6,3,9,4,6,5,0.689
6,8,11,9,4,6,8,3,10,9,4,7,5,9,6,3,8,1,6,7,0.7167
4,8,4,3,10,5,7,4,13,7,4,5,5,8,5,6,6,7,9,6,0.7126
5,6,6,5,6,7,8,10,5,7,8,6,6,4,4,9,9,7,4,8,0.695
9,4,2,1,4,12,10,5,5,9,5,7,5,7,6,9,4,6,5,8,0.6818
11,6,3,3,3,6,5,6,3,3,5,8,7,7,6,4,7,6,5,7,0.6815
9,7,8,7,10,6,4,4,7,4,8,8,7,5,5,9,8,5,6,3,0.7649
8,6,3,6,7,10,6,3,5,8,7,6,2,5,5,9,10,2,10,5,0.7282
2,7,7,5,2,4,6,7,12,4,8,7,9,4,3,7,5,7,3,4,0.5786
7,7,4,8,3,7,4,8,6,6,3,8,8,4,4,8,8,7,8,5,0.6911
3,3,6,4,10,5,3,6,10,7,4,5,3,9,9,5,7,4,4,5,0.6493
5,10,7,8,5,5,5,4,5,6,4,6,3,1,5,7,8,5,8,5,0.648
4,9,5,6,5,5,4,2,3,5,7,5,4,10,7,7,1,3,10,4,0.6282
10,7,9,3,7,4,3,7,6,5,5,7,9,8,5,5,4,9,4,8,0.7483
8,7,5,3,7,6,10,11,6,6,3,6,8,8,2,6,7,5,5,9,0.7188
4,6,6,3,7,7,4,5,4,4,3,6,5,5,9,8,7,4,1,4,0.5813
6,4,10,5,3,7,9,9,7,8,8,7,2,5,3,9,5,9,12,8,0.7146
6,5,8,7,4,4,7,9,8,7,7,5,3,11,3,3,7,5,8,5,0.7103
8,7,8,5,9,4,9,5,10,8,4,5,5,5,8,6,3,6,8,5,0.7018
7,2,8,3,10,5,1,9,4,6,6,9,7,6,5,5,5,7,4,4,0.6674
6,5,5,6,10,4,5,1,6,4,6,5,4,9,5,5,3,8,5,6,0.6801
10,4,11,4,10,7,6,9,10,3,5,7,7,4,2,3,5,2,2,5,0.6935
8,4,5,8,2,5,10,2,7,7,5,7,7,11,3,5,9,7,8,5,0.6644
4,8,2,5,10,4,4,5,7,9,5,4,6,4,6,6,6,6,6,8,0.6625
4,3,5,1,3,10,3,6,5,3,7,4,3,6,5,7,8,5,9,3,0.5432
6,6,5,5,6,8,6,7,5,7,3,8,6,7,4,6,4,7,8,7,0.6915
9,7,11,8,8,3,6,5,6,5,11,6,5,8,3,6,8,7,4,4,0.7606
3,3,6,7,7,8,8,11,5,6,11,5,5,6,3,4,7,5,6,7,0.6874
6,9,5,5,9,3,2,4,6,9,8,4,9,9,7,10,7,4,3,5,0.7364
7,5,5,8,3,6,10,8,6,5,8,6,2,8,9,4,3,4,6,7,0.6854
8,6,8,5,10,6,5,5,6,7,8,6,6,5,6,6,4,7,11,6,0.7469
6,3,9,4,4,10,6,5,8,9,5,8,4,5,1,9,6,11,4,10,0.6681
7,9,9,3,8,6,7,8,4,9,8,7,6,7,5,3,7,2,4,4,0.677
6,3,4,2,7,4,4,9,9,5,9,3,9,5,10,5,5,4,5,4,0.6777
8,3,7,7,6,10,5,8,5,7,5,7,3,6,6,3,3,3,9,5,0.6482
8,2,4,5,5,11,9,5,6,3,6,6,5,3,4,7,9,5,8,8,0.628
7,5,5,9,5,10,8,9,5,5,2,7,8,10,5,4,6,4,12,3,0.7523
11,6,10,6,7,5,7,5,6,6,7,9,10,3,6,6,5,7,6,6,0.791
5,5,5,7,8,4,5,5,5,5,8,5,9,3,3,6,2,3,10,4,0.5854
8,11,2,5,8,2,6,7,3,13,6,8,3,6,3,5,2,3,6,9,0.6557
11,5,4,10,5,12,9,6,6,3,5,4,8,2,4,6,9,13,6,10,0.7811
4,8,8,9,3,7,2,4,11,4,7,3,6,7,11,5,5,6,6,11,0.6889
11,5,7,3,3,10,8,12,5,8,4,9,9,6,6,13,7,8,3,2,0.7645
9,9,9,9,4,4,8,3,2,5,6,5,7,8,10,9,9,4,7,9,0.7727
5,4,7,5,7,8,9,2,3,1,7,6,5,9,7,6,10,8,8,11,0.7243
5,5,6,11,4,2,6,5,7,6,6,6,6,2,4,1,5,6,3,4,0.564
6,5,7,6,8,8,8,6,11,1,4,10,7,8,7,11,9,2,7,10,0.7517
12,8,9,7,5,6,8,4,7,4,9,2,3,8,3,2,3,6,4,6,0.7177
8,4,5,6,2,6,4,5,9,3,6,4,2,5,8,6,5,5,9,6,0.6207
9,5,5,2,6,3,9,5,4,3,6,2,8,6,6,1,11,8,7,5,0.6419
7,8,9,6,5,8,10,4,6,4,7,3,8,11,3,2,6,5,7,7,0.7022
4,8,5,4,6,8,4,4,3,6,5,7,6,6,6,7,1,8,2,5,0.6154
6,7,3,3,7,2,9,7,8,3,5,10,5,6,5,5,4,5,5,10,0.6347
4,6,10,8,2,9,4,10,3,4,5,5,6,6,6,5,2,5,7,8,0.6376
8,4,6,6,9,6,4,10,3,5,5,5,6,4,6,7,12,8,10,8,0.7891
5,6,3,8,4,6,2,4,6,7,5,6,6,7,7,9,6,8,2,5,0.6649
4,3,10,4,7,7,0,6,8,6,6,9,3,3,4,6,5,9,5,6,0.6094
6,5,3,4,3,6,5,5,9,10,4,12,5,6,6,6,7,4,8,6,0.6749
4,4,3,2,7,7,9,7,4,3,8,6,4,8,4,5,8,10,8,2,0.6187
5,3,6,9,3,8,7,5,7,4,2,6,6,6,4,5,5,5,5,7,0.6162
3,8,6,6,4,13,4,7,8,7,7,9,4,3,0,6,3,8,5,2,0.6026
10,10,8,5,1,5,7,5,6,6,8,6,6,4,6,7,3,10,2,6,0.6803
2,6,6,11,6,2,7,9,7,5,2,1,8,7,1,9,5,6,6,4,0.6272
7,6,6,3,7,2,3,6,6,4,7,11,7,7,5,9,4,9,6,8,0.696
5,6,5,5,12,3,6,7,6,1,7,5,5,1,9,5,7,7,5,5,0.6599
5,5,8,6,8,6,8,5,4,5,1,5,6,8,8,4,5,7,5,8,0.6724
8,6,3,4,5,7,5,5,5,5,6,5,5,5,4,7,4,7,7,4,0.6286
5,10,7,13,3,5,4,8,3,5,4,5,5,4,5,3,5,8,5,10,0.6925
6,7,9,7,6,4,9,6,6,4,6,10,6,6,6,6,3,7,4,4,0.6488
8,3,8,9,9,6,2,7,5,9,7,9,7,7,4,8,6,6,7,8,0.8117
10,5,7,5,8,5,4,5,5,4,2,9,9,6,11,5,10,7,5,7,0.7488
7,7,11,4,5,10,3,6,9,6,6,5,3,4,4,7,8,6,3,4,0.6816
6,9,4,3,7,7,6,6,3,3,5,8,5,1,3,6,3,6,5,4,0.5594
5,8,5,7,4,6,7,12,8,10,7,5,9,6,4,5,6,4,9,10,0.7537
8,11,4,4,4,8,2,5,10,4,10,4,8,1,8,5,4,6,6,7,0.7034
4,3,7,8,11,7,11,10,5,2,3,4,7,8,9,8,5,3,5,6,0.737
4,7,7,3,7,7,2,7,4,8,6,5,1,3,4,5,4,5,6,10,0.5972
3,8,8,4,4,6,6,3,4,9,6,8,7,5,6,6,9,11,6,11,0.6615
10,5,5,4,7,7,4,5,5,8,7,3,3,6,7,10,7,10,6,5,0.7631
4,2,6,3,5,1,3,6,9,4,9,7,3,10,2,5,7,8,4,5,0.5912
8,10,5,3,4,4,4,4,6,7,5,6,5,6,10,3,7,5,5,3,0.6646
8,9,5,7,4,4,8,5,8,5,5,6,5,5,4,10,6,6,5,5,0.6967
6,6,5,7,8,6,4,5,4,2,5,5,6,6,6,4,11,5,7,6,0.6797
4,7,12,6,4,5,7,9,10,4,10,3,4,7,8,11,5,6,7,7,0.7383
4,4,5,8,5,5,4,9,2,7,11,12,3,3,4,5,8,4,6,2,0.6253
4,4,5,8,5,3,3,8,4,5,2,8,7,4,3,4,4,2,7,5,0.5481
4,5,7,12,2,4,7,6,8,6,5,3,9,3,3,3,4,5,4,7,0.5899
6,7,5,10,8,12,6,10,4,4,7,5,9,5,9,8,3,8,6,6,0.7793
7,4,2,3,4,7,2,8,6,6,7,5,4,5,10,6,7,6,8,9,0.678
3,7,3,4,5,8,6,4,4,8,4,8,5,4,8,4,4,3,6,6,0.5663
1,2,4,3,6,7,7,4,7,4,9,4,3,7,9,7,4,6,9,3,0.5667
3,9,8,7,10,6,7,8,8,4,6,6,5,5,6,9,10,3,9,7,0.7672
6,7,6,8,2,4,5,7,7,6,5,5,3,7,7,6,8,7,5,7,0.6668
5,5,8,6,2,3,12,6,3,9,12,7,7,7,9,8,11,4,9,5,0.7054
7,3,8,4,5,6,6,6,8,4,4,4,1,6,5,3,4,3,7,5,0.6059
11,9,11,6,9,7,5,7,3,3,8,5,2,3,6,4,5,4,8,9,0.7594
5,5,9,5,1,6,6,7,10,10,9,1,6,6,3,8,5,2,7,10,0.643
6,5,7,9,4,7,4,5,7,2,6,4,4,5,5,6,5,5,9,9,0.6694
5,8,5,4,7,7,9,7,7,4,3,9,6,10,9,5,4,9,8,4,0.7243
4,5,8,6,6,5,4,2,6,10,9,3,9,11,8,5,6,5,7,5,0.699
9,12,4,2,5,4,9,4,3,7,6,4,11,7,6,2,3,9,6,7,0.6753
8,6,4,2,9,4,4,5,4,7,6,7,6,9,5,10,4,3,4,9,0.7214
7,8,7,1,6,7,5,6,8,4,5,5,6,8,9,6,8,4,10,3,0.6999
3,5,11,2,7,8,4,3,4,4,4,9,9,9,12,9,8,7,11,6,0.7248
6,9,7,5,4,5,12,9,3,5,12,7,5,7,5,8,7,4,6,7,0.697
11,4,5,4,5,8,6,14,6,1,9,4,5,4,8,11,7,7,10,6,0.7796
5,3,4,8,5,4,3,8,9,5,10,7,6,9,4,8,5,8,3,4,0.6981
5,10,6,2,8,3,6,5,2,6,2,7,3,6,5,10,11,6,5,4,0.6564
3,5,7,7,8,7,5,5,7,4,10,8,10,4,3,2,3,10,5,9,0.6413
3,4,6,10,7,7,5,4,1,8,8,5,4,11,6,7,9,6,4,15,0.7465
7,3,6,8,3,6,11,10,4,4,9,5,8,9,10,9,6,5,6,6,0.7399
6,5,3,10,3,6,7,14,10,8,5,8,2,7,5,4,6,5,9,5,0.7215
8,9,5,4,5,6,1,4,4,3,5,4,8,8,0,4,5,4,5,3,0.618
8,7,8,4,11,6,8,7,3,2,7,6,5,7,5,7,3,10,5,7,0.7438
6,8,7,7,6,8,9,4,8,6,6,4,8,2,4,3,5,6,10,4,0.6768
5,7,6,4,5,6,3,2,7,5,7,7,5,7,5,4,8,6,7,6,0.659
6,9,6,5,6,4,7,8,10,6,3,9,6,0,4,7,5,4,4,9,0.6584
3,6,5,6,7,6,5,4,9,9,6,3,6,3,4,3,10,6,4,1,0.6156
4,6,9,2,12,5,3,6,2,3,7,6,7,5,6,9,7,10,9,3,0.6779
3,4,6,6,5,9,2,9,6,5,6,7,8,4,7,4,7,7,1,4,0.6012
8,4,7,7,4,4,7,3,4,7,8,14,3,7,3,6,6,4,5,1,0.6317
5,4,3,2,8,9,9,6,6,5,6,5,11,2,5,5,9,10,8,4,0.6751
4,5,5,4,5,7,9,6,8,9,5,5,10,6,3,3,9,7,2,5,0.6164
3,5,8,7,8,1,5,3,5,2,3,8,7,6,6,5,3,6,7,6,0.5882
6,5,9,4,9,10,5,3,4,4,11,4,6,5,10,7,4,7,6,4,0.7246
7,6,10,8,4,4,3,1,7,3,6,5,1,6,4,5,9,9,1,1,0.6069
3,5,11,8,4,8,5,6,7,5,4,6,9,7,4,4,7,9,8,2,0.6662
4,6,5,6,11,3,4,8,3,6,7,5,4,10,7,14,5,7,4,12,0.7629
6,4,5,9,2,8,4,4,11,9,6,2,9,11,6,6,7,10,2,4,0.7654
6,6,4,8,15,6,4,6,5,9,5,8,5,6,12,4,1,4,2,6,0.7253
3,2,8,7,5,9,7,5,5,5,5,6,3,6,2,2,5,3,9,5,0.5589
7,10,8,7,9,7,2,6,11,4,3,8,7,7,2,14,9,5,5,8,0.8351
3,11,3,9,7,5,6,8,3,6,7,12,11,7,6,5,5,4,2,3,0.6736
4,3,6,3,7,5,6,3,5,9,4,8,4,8,3,9,4,6,5,4,0.632
9,13,7,4,4,9,8,6,4,4,5,8,7,9,4,6,5,9,3,4,0.7272
9,11,6,5,7,11,2,1,7,3,4,4,6,4,7,4,2,5,4,5,0.6596
6,7,8,8,8,2,5,6,5,7,8,5,8,5,3,15,9,2,4,4,0.752
4,9,5,11,6,6,12,8,5,3,6,5,4,4,4,5,4,4,8,5,0.6415
2,6,3,7,6,5,8,6,8,3,5,7,6,2,10,2,7,5,4,4,0.5596
5,7,7,6,9,10,8,10,7,4,4,5,9,6,6,4,4,2,4,3,0.697
6,6,6,4,7,9,3,6,8,9,9,4,7,1,6,5,6,9,8,6,0.7146
6,6,5,5,9,6,5,5,8,7,4,2,10,7,4,4,6,6,3,6,0.6952
6,5,6,5,9,6,6,4,6,3,5,14,3,6,6,7,4,10,8,3,0.6731
3,7,7,7,8,6,5,7,5,5,2,4,12,9,9,5,4,3,11,5,0.7185
7,4,4,3,5,6,8,7,3,11,4,10,6,8,5,4,2,6,6,9,0.6499
5,8,5,5,6,6,6,5,7,3,2,6,7,4,7,6,3,6,6,6,0.6413
6,3,6,5,9,7,9,5,3,5,4,8,5,2,5,6,10,10,7,3,0.6449
4,5,6,5,5,8,5,8,5,5,2,6,5,6,4,5,4,3,7,6,0.5927
3,6,7,8,7,8,6,3,9,6,7,4,7,10,6,9,2,3,3,6,0.7179
1,9,7,10,6,8,6,7,2,7,3,6,8,10,4,3,6,9,11,8,0.7433
9,10,5,5,5,9,1,2,9,4,3,14,5,5,4,3,9,2,10,14,0.7745
6,7,3,7,6,4,6,10,4,5,7,8,7,7,7,10,5,5,4,9,0.7252
7,11,3,1,4,3,8,7,6,12,4,3,7,10,9,5,3,3,7,7,0.6713
5,8,5,4,6,3,5,8,4,9,5,6,6,3,7,8,7,4,4,4,0.6161
7,6,6,2,5,4,6,8,5,7,4,6,4,2,6,6,6,5,8,9,0.6078
9,4,10,6,4,8,6,6,7,5,6,3,4,8,2,5,8,2,2,7,0.6839
3,3,3,9,6,5,9,8,2,6,2,5,10,7,10,8,3,7,7,2,0.6291
7,5,6,12,8,7,7,11,2,3,10,6,1,4,4,3,4,4,7,10,0.7181
16,5,7,7,0,3,9,8,8,4,11,7,6,6,8,4,7,5,4,8,0.7643
9,4,2,5,3,4,3,6,9,5,8,2,6,4,6,8,12,8,4,2,0.6954
6,3,4,5,6,5,11,0,4,3,10,8,9,5,5,6,8,7,5,8,0.6447
5,5,4,6,5,3,6,4,5,3,7,5,8,4,4,4,10,3,5,4,0.5856
2,6,6,5,5,11,9,4,3,9,6,9,8,9,7,4,8,7,5,4,0.6729
5,5,7,4,7,7,8,7,8,9,7,12,6,4,8,8,6,12,6,6,0.7372
8,9,9,13,8,5,5,3,7,7,7,10,6,8,3,3,5,9,7,4,0.7657
7,2,5,5,7,8,4,3,6,6,6,7,6,5,10,3,11,5,7,3,0.7043
5,9,5,4,7,2,3,5,4,3,3,2,8,7,9,8,6,6,10,3,0.6359
3,5,4,6,5,5,6,2,5,8,4,6,13,4,3,4,6,6,6,8,0.6042
7,7,10,6,7,3,6,7,6,5,5,11,5,5,6,4,5,4,6,10,0.6941
8,3,9,7,6,5,3,3,11,3,6,7,8,6,9,3,11,3,6,10,0.7255
2,8,4,5,9,9,6,9,5,7,5,5,4,4,8,6,5,6,6,3,0.6456
2,7,10,9,3,8,4,7,6,6,4,2,4,6,6,5,6,8,8,7,0.6422
3,8,3,12,13,4,7,8,7,10,5,11,5,6,8,4,7,6,4,6,0.7717
6,10,6,4,7,6,9,2,12,3,7,4,9,9,9,7,9,6,6,7,0.7907
9,6,8,5,5,9,14,3,7,6,5,8,5,5,6,8,6,4,5,6,0.6775
7,5,9,5,4,8,8,5,6,6,6,7,5,5,3,7,7,5,8,3,0.6794
9,4,12,5,5,3,7,4,8,5,5,4,9,7,5,5,5,5,4,12,0.7234
5,4,10,4,6,6,6,9,3,6,13,8,6,5,7,5,6,1,8,7,0.6991
7,7,6,8,6,4,3,4,4,5,6,6,6,6,9,6,4,4,5,6,0.673
6,6,10,5,4,10,9,7,5,5,4,6,6,5,6,7,3,10,5,7,0.6801
9,4,6,4,10,12,5,5,7,7,8,11,6,6,6,11,8,7,2,3,0.7923
9,1,9,4,2,6,5,5,10,8,5,5,5,4,10,7,5,8,5,7,0.6623
3,5,8,6,6,5,7,6,6,8,6,13,3,4,4,4,5,3,3,5,0.5857
7,4,5,4,1,7,12,6,4,8,8,5,6,5,11,2,8,4,6,8,0.608
5,5,7,5,5,9,6,6,5,3,3,5,4,4,11,10,5,5,3,2,0.5724
5,8,4,7,7,5,7,5,4,8,4,6,4,7,3,3,9,7,6,4,0.6415
6,5,4,12,4,8,8,4,3,7,8,6,5,3,8,7,5,9,7,4,0.6729
9,5,12,4,4,7,10,8,4,7,8,3,12,5,10,3,5,8,7,7,0.7527
2,5,9,8,2,5,3,5,5,4,7,5,3,6,4,10,12,6,7,9,0.6283
8,5,2,13,4,5,5,2,5,5,7,6,4,5,6,8,3,11,9,7,0.7298
8,2,11,6,4,7,7,7,8,6,8,6,15,5,10,6,5,6,8,4,0.7608
5,6,10,2,8,4,3,5,5,6,8,1,8,7,9,3,4,8,5,5,0.6596
2,3,7,4,5,6,6,4,5,3,6,4,5,2,13,5,4,6,4,8,0.5581
12,6,10,6,10,6,8,3,5,6,5,8,12,8,5,4,6,7,6,3,0.8038
7,6,5,7,11,7,4,8,6,9,4,5,5,9,8,6,7,6,5,7,0.8022
4,8,5,4,6,6,4,2,10,11,5,4,8,8,2,6,10,3,5,8,0.6865
1,4,5,6,4,4,7,7,6,4,6,3,3,8,11,10,7,7,6,10,0.6335
9,3,8,4,5,10,12,2,4,7,6,4,9,2,8,9,5,3,8,9,0.6951
5,4,3,6,6,6,9,4,4,4,8,4,9,5,6,3,4,5,7,4,0.5846
7,5,5,3,10,6,7,11,3,6,3,4,4,5,5,7,4,3,8,5,0.6667
4,8,5,11,4,5,7,4,5,10,7,7,7,10,6,6,8,8,10,7,0.7858
3,7,5,10,5,9,6,3,7,4,5,6,9,5,7,3,7,7,7,6,0.6704
5,4,6,5,6,7,3,7,6,11,4,8,8,5,5,7,6,6,5,2,0.6494
9,3,2,1,4,8,6,7,3,2,6,10,11,6,5,7,8,8,7,8,0.69
6,3,11,8,7,6,6,4,4,1,4,1,5,5,5,4,9,6,6,9,0.6538
6,3,7,7,5,3,6,5,7,7,6,4,7,6,9,3,6,7,3,3,0.65
9,4,3,5,6,12,7,6,5,7,9,5,6,11,6,5,6,7,4,7,0.7483
4,6,8,8,9,7,7,6,6,3,3,2,3,6,5,3,6,5,4,7,0.6507
3,3,6,2,8,5,5,1,7,10,5,4,9,6,11,6,8,4,3,4,0.6166
7,7,5,6,7,3,6,5,5,6,6,4,7,8,5,4,6,9,6,4,0.6895
4,6,3,5,4,7,7,8,5,7,10,4,4,9,4,5,9,7,5,8,0.6601
10,8,5,6,5,9,12,4,11,7,5,5,4,5,4,3,7,11,5,6,0.7242
8,6,9,6,3,5,6,7,6,5,9,4,4,4,7,8,9,4,6,7,0.6769
11,9,7,5,8,5,5,11,6,10,8,7,3,6,3,3,6,5,6,4,0.7745
7,8,6,9,5,3,6,4,6,5,8,6,5,6,2,8,8,8,4,6,0.6795
4,3,5,3,7,7,6,3,8,2,6,6,7,8,6,4,4,5,4,9,0.591
10,10,5,8,10,6,8,8,2,5,8,9,6,3,2,5,2,6,3,3,0.6939
3,8,8,3,10,6,9,2,4,6,3,6,4,7,6,10,6,5,7,3,0.6544
6,11,11,1,6,3,4,5,6,3,2,4,4,5,2,8,5,6,6,4,0.6075
5,10,4,10,4,7,9,5,6,7,4,8,6,7,3,5,10,3,4,4,0.6515
7,3,10,9,8,7,5,7,5,7,2,9,4,5,8,6,8,3,4,6,0.7408
4,5,7,8,6,8,9,5,4,3,6,6,11,6,2,5,2,6,3,8,0.6292
8,6,4,8,8,6,3,4,9,4,5,6,2,7,5,4,3,5,5,5,0.6961
2,3,6,6,8,6,7,9,6,9,6,10,1,3,11,5,7,5,7,4,0.6399
9,6,7,7,6,6,3,4,5,3,4,8,2,6,6,2,3,2,6,5,0.6336
5,6,6,5,3,7,8,3,2,7,5,10,3,1,9,5,6,4,7,7,0.5826
6,6,9,7,4,6,0,6,3,9,3,2,7,4,5,9,9,6,4,7,0.6835
4,6,8,7,8,8,6,7,6,5,6,6,10,0,6,7,3,5,11,5,0.6686
3,4,7,5,4,4,6,5,4,6,5,5,6,2,5,3,5,7,5,2,0.5212
5,8,6,5,7,11,5,9,4,1,5,5,4,8,6,6,5,9,7,5,0.7007
1,6,5,3,9,11,5,7,10,7,4,6,3,5,9,3,4,4,6,5,0.6287
4,5,9,3,4,6,2,5,5,8,8,3,7,8,11,7,4,4,2,7,0.627
6,7,2,2,9,2,6,8,5,7,6,3,4,7,5,12,10,3,4,4,0.6556
4,6,6,1,0,7,4,7,6,6,8,6,10,6,9,5,7,9,2,8,0.6089
8,4,7,3,6,11,5,8,6,4,5,9,3,6,10,3,5,7,5,8,0.7073
10,3,9,8,8,5,8,3,6,9,5,14,7,11,5,5,8,5,4,7,0.8253
4,9,7,8,11,3,6,8,5,5,3,11,2,4,3,5,4,4,7,6,0.6598
4,6,4,3,10,11,8,3,5,4,4,4,8,2,2,7,6,8,4,5,0.6226
7,1,3,6,7,7,6,4,8,9,6,8,3,7,4,8,9,3,8,12,0.7028
2,10,5,8,7,3,4,11,7,6,6,4,4,4,8,7,5,5,6,7,0.6492
3,10,7,6,4,6,8,8,6,5,3,5,5,5,7,3,9,7,6,6,0.6397
7,8,3,3,11,6,6,4,2,4,2,7,7,3,5,4,5,6,5,2,0.5965
7,1,5,10,8,1,7,13,3,2,6,4,8,5,5,4,4,10,5,6,0.6936
3,6,7,8,3,13,5,7,8,11,9,6,2,2,6,7,4,5,6,6,0.6542
5,5,8,5,6,5,4,4,5,7,6,10,6,8,3,5,6,8,7,11,0.6827
8,4,6,5,6,6,6,7,2,8,5,9,4,11,5,7,6,6,7,4,0.6855
5,5,5,8,7,8,9,9,4,6,7,10,7,3,2,5,5,7,12,7,0.7069
5,2,6,8,4,8,7,5,6,3,5,5,5,4,6,7,5,5,7,9,0.6208
3,3,5,7,6,9,6,6,4,6,10,4,2,10,5,4,8,6,6,6,0.6705
6,3,5,5,6,2,6,8,5,7,7,6,7,5,7,4,7,7,6,10,0.669
8,4,4,5,11,6,6,6,8,5,7,5,4,7,8,4,6,4,11,5,0.7518
4,8,5,4,2,4,5,9,5,6,5,7,0,2,8,7,4,6,7,6,0.55
2,10,9,9,5,7,5,6,4,5,1,8,7,4,1,3,5,3,3,5,0.5712
4,9,8,4,1,10,2,8,4,5,5,8,4,8,7,10,9,13,9,8,0.7192
10,5,9,5,1,7,6,7,7,12,12,11,6,8,10,5,11,4,11,7,0.8484
4,5,6,8,2,6,5,9,11,7,8,4,4,10,6,7,6,6,6,4,0.6883
7,5,5,5,5,10,7,9,9,3,5,8,2,7,8,4,3,7,4,4,0.6589
6,9,5,6,10,1,7,11,5,5,6,5,5,5,6,5,7,5,6,7,0.6988
5,5,10,4,5,7,6,5,6,10,7,4,11,2,2,5,9,5,6,7,0.6689
4,8,4,2,5,7,11,7,3,10,5,4,2,5,6,7,7,7,5,4,0.5996
6,11,4,7,7,4,8,4,4,6,5,3,8,6,11,5,5,10,2,4,0.6875
5,4,6,9,9,6,6,6,7,5,5,3,9,5,8,6,3,5,8,6,0.7268
2,5,8,9,4,2,4,6,6,7,6,5,7,9,6,6,4,4,6,11,0.6858
4,5,10,5,8,14,10,6,6,7,5,8,2,10,8,7,1,4,3,8,0.722
5,4,7,2,6,6,4,5,8,2,6,5,2,6,7,3,9,6,6,9,0.6251
4,6,6,11,9,7,6,5,4,9,8,3,8,4,5,5,6,3,6,8,0.7195
9,4,5,5,6,3,5,8,6,8,2,5,7,7,5,8,5,4,4,5,0.6452
2,7,8,3,8,2,3,5,6,6,3,7,8,9,11,6,9,5,4,10,0.6489
4,6,9,6,8,4,8,8,5,8,3,4,3,3,7,1,4,5,3,5,0.5996
4,9,2,6,2,7,2,7,7,7,3,4,7,7,12,6,7,8,8,8,0.6941
6,5,6,10,6,7,3,8,6,10,7,5,4,6,5,4,5,7,7,9,0.734
9,10,9,9,4,9,6,7,9,5,4,6,10,5,7,8,7,4,6,7,0.7737
6,5,6,8,6,8,5,6,7,9,4,6,5,5,5,13,8,4,5,6,0.6995
3,8,3,5,4,5,4,3,9,7,4,3,5,7,5,5,4,6,2,3,0.5653
4,8,7,3,8,3,7,6,7,8,7,9,9,4,4,7,3,5,6,5,0.6306
4,4,6,6,6,7,3,8,6,3,7,8,3,5,2,4,4,7,6,11,0.5985
4,9,3,9,8,4,6,8,8,3,5,11,5,4,8,8,4,1,9,2,0.6529
8,5,5,8,3,1,6,12,4,7,4,5,6,9,5,9,6,6,4,8,0.7242
6,10,3,6,7,10,11,1,7,5,5,6,8,8,5,7,8,9,5,7,0.7056
8,4,7,3,1,3,3,1,10,6,8,6,9,9,7,6,6,3,6,6,0.6554
5,2,5,5,10,12,8,7,6,6,7,6,8,5,6,9,6,5,6,7,0.7433
9,6,5,13,6,7,8,2,4,5,5,3,8,7,6,5,9,8,2,13,0.7858
9,8,6,5,6,9,8,8,7,4,3,4,4,5,4,4,7,2,2,7,0.6509
5,5,7,4,5,7,5,8,1,4,6,5,6,5,6,6,5,6,4,5,0.609
6,9,5,8,6,5,6,6,3,4,8,6,7,5,6,9,5,3,2,2,0.6156
1,8,4,7,5,4,4,7,7,4,8,7,6,5,7,7,3,7,4,3,0.5956
3,6,6,5,5,11,4,1,6,2,7,4,8,1,8,8,6,8,3,9,0.5776
5,10,6,5,7,3,4,6,5,9,5,4,7,3,6,4,8,6,2,7,0.6312
3,7,5,5,6,6,6,4,5,6,4,6,5,1,4,6,6,5,9,4,0.5814
9,9,6,6,8,3,7,4,10,8,7,3,5,6,4,7,3,4,7,2,0.7209
10,9,6,10,9,5,5,4,12,3,1,8,10,9,5,2,2,5,4,6,0.7815
10,10,13,1,5,4,11,5,5,5,7,6,6,13,7,4,5,5,4,4,0.6986
5,6,4,9,4,8,5,5,5,4,7,3,11,9,4,8,6,9,6,6,0.7212
10,8,7,10,10,8,8,5,9,4,9,4,4,5,6,7,3,6,4,4,0.7861
5,5,7,5,4,3,3,8,10,5,3,5,9,4,7,3,10,4,7,9,0.6375
3,4,3,4,6,3,2,5,5,2,7,8,7,7,7,7,7,2,5,4,0.5444
5,4,6,3,4,8,7,4,8,7,8,8,9,10,4,5,5,3,10,4,0.6635
3,4,5,11,2,6,4,2,3,6,5,5,8,5,5,6,4,5,4,7,0.5879
7,3,8,5,7,3,5,4,6,5,8,4,7,7,4,8,11,4,5,7,0.7262
2,8,6,7,5,4,3,1,7,7,4,5,6,4,6,6,6,5,5,4,0.5618
8,7,5,7,6,5,4,5,7,9,6,6,8,7,6,8,4,4,6,4,0.7234
9,3,2,7,5,5,11,9,9,5,4,7,8,7,3,6,7,3,4,1,0.6324
6,3,6,6,2,7,4,6,10,3,4,7,5,8,8,5,8,6,2,1,0.605
3,3,3,9,9,7,10,4,3,8,6,6,3,1,10,2,4,7,9,8,0.6324
3,7,4,5,3,7,5,6,2,8,8,7,3,7,6,9,5,7,9,4,0.6284
9,2,10,4,9,10,6,7,6,0,5,5,8,2,9,7,4,6,8,8,0.7358
6,8,7,5,6,4,6,2,3,6,10,3,5,8,5,9,3,5,5,11,0.6896
10,7,5,8,3,7,7,6,4,8,3,6,5,10,3,5,10,6,6,3,0.7427
6,8,4,7,3,9,3,3,6,4,10,6,4,8,8,5,2,4,7,5,0.6439
6,4,6,1,5,8,4,5,9,4,2,8,7,8,8,10,6,5,3,7,0.6569
9,3,8,6,7,5,4,6,8,2,6,13,6,5,8,9,7,4,4,3,0.7125
2,7,4,5,6,5,4,5,8,3,8,7,3,6,5,6,7,6,3,3,0.581
5,5,7,3,6,4,9,5,5,5,7,9,7,7,5,4,9,5,7,8,0.6913
5,9,7,8,6,5,7,5,5,7,6,5,2,4,6,3,8,6,2,4,0.6436
10,7,7,7,4,5,4,11,5,9,6,7,5,6,9,3,5,6,5,7,0.7358
8,5,9,11,4,4,5,7,6,4,10,5,2,6,5,4,5,4,5,8,0.6856
8,7,6,7,4,7,9,5,1,5,6,5,5,9,7,4,4,6,5,6,0.6747
8,4,9,9,4,6,3,6,4,3,6,5,3,6,6,10,9,3,3,5,0.6735
7,6,4,3,7,4,8,5,7,7,6,4,2,7,6,9,8,6,9,9,0.6854
5,7,4,6,6,6,5,10,6,8,9,4,11,6,7,7,6,5,5,6,0.7279
7,7,6,5,6,7,7,5,8,10,9,7,6,6,3,4,5,6,5,6,0.7041
4,7,0,8,10,4,2,7,5,13,3,4,7,10,8,6,8,4,7,4,0.7503
6,10,2,10,1,5,4,3,9,5,4,2,9,4,11,4,6,3,4,2,0.6078
4,6,5,10,7,4,8,4,2,6,7,3,4,5,5,6,9,6,6,11,0.6605
7,6,8,4,9,6,6,2,7,3,1,6,5,2,6,9,7,4,1,13,0.6693
6,6,8,2,8,5,2,11,6,5,9,6,7,5,3,1,10,4,6,8,0.6881
4,8,3,5,1,2,5,5,4,5,9,6,2,6,5,8,8,0,4,6,0.5478
5,6,8,2,6,13,5,4,7,4,4,5,9,2,13,10,9,3,4,5,0.6502
5,6,7,9,7,5,2,6,8,4,9,6,8,10,5,3,8,7,5,4,0.7389
11,7,11,9,5,5,8,4,8,6,4,5,5,5,8,4,7,4,5,9,0.7353
6,4,5,2,5,9,13,7,3,7,2,6,7,7,5,8,5,3,10,4,0.5864
8,4,5,2,10,7,6,6,4,9,2,8,3,5,8,4,3,5,5,3,0.6269
4,5,5,4,3,7,7,3,7,4,5,4,4,4,3,5,6,5,8,5,0.5121
1,4,11,6,8,4,7,6,4,5,5,6,7,6,6,9,5,11,10,9,0.6909
7,3,3,6,6,5,3,5,8,6,5,7,6,10,7,7,10,9,6,12,0.7493
7,5,9,3,10,5,4,8,7,5,3,5,5,3,14,3,5,8,4,4,0.7017
5,6,9,8,5,6,4,6,10,1,9,2,2,12,5,6,14,2,8,4,0.7292
4,3,4,5,6,3,7,5,10,5,5,2,8,5,6,5,6,6,5,9,0.6191
4,3,7,12,6,10,4,9,5,4,3,5,11,7,9,7,3,6,8,2,0.733
9,8,7,7,8,4,8,4,3,5,8,6,3,7,5,9,7,11,9,10,0.7608
11,3,3,5,4,8,6,6,5,8,8,3,8,4,5,5,12,6,7,10,0.7568
4,5,5,5,5,6,5,7,5,4,5,7,0,3,5,11,9,6,5,5,0.5841
6,10,6,4,6,6,6,5,6,5,3,8,2,7,2,4,8,9,9,6,0.6325
3,5,5,16,4,5,7,8,5,9,3,7,8,4,8,5,5,7,8,5,0.708
1,2,3,4,2,6,6,6,6,7,3,4,6,4,3,5,4,2,12,8,0.4901
6,7,7,12,5,3,11,4,6,4,8,4,6,4,3,8,3,7,4,10,0.6689
7,5,5,3,8,12,8,7,4,9,4,3,6,7,7,4,6,5,3,4,0.6737
5,7,8,7,9,10,7,7,8,8,4,10,1,4,11,7,6,7,7,5,0.7211
5,11,6,8,7,4,6,5,4,9,3,8,5,5,7,7,4,13,8,7,0.7302
5,7,9,7,9,9,8,5,6,9,4,6,3,1,8,8,3,7,6,12,0.7018
7,10,3,4,6,4,4,8,9,4,3,2,5,10,5,9,5,6,12,4,0.7162
3,2,6,4,6,5,6,6,2,9,10,4,8,2,9,7,7,7,8,4,0.6423
6,8,2,4,5,3,5,3,6,4,3,3,8,7,7,6,5,3,4,7,0.5919
6,5,7,5,4,6,4,2,5,7,6,7,7,6,2,9,3,6,4,8,0.6641
8,8,6,7,5,3,8,3,5,6,5,6,8,6,6,7,7,8,5,4,0.7199
10,4,4,5,4,4,5,2,6,6,4,6,5,7,5,7,8,6,7,6,0.6993
8,5,7,3,8,3,10,7,4,3,7,4,7,5,2,5,7,14,6,5,0.6942
7,5,8,6,9,6,4,7,5,7,6,5,1,2,3,11,5,2,2,7,0.6555
9,7,5,3,5,7,2,7,7,9,3,6,6,5,11,3,9,9,5,9,0.7382
5,7,6,10,7,5,3,7,6,15,7,6,9,13,6,4,5,5,7,4,0.8176
8,6,12,8,2,6,2,7,5,4,4,11,7,6,10,5,9,5,4,4,0.7384
7,3,4,9,6,10,6,8,2,10,7,5,9,5,6,7,7,6,5,8,0.7542
3,7,7,4,6,7,2,8,5,7,8,7,8,6,5,5,3,3,7,2,0.6162
4,7,6,4,4,6,3,5,6,7,4,9,5,4,8,6,7,7,5,4,0.6255
5,6,6,0,6,6,7,6,4,6,11,4,6,2,7,4,2,6,5,6,0.6244
4,9,10,1,7,5,10,3,7,4,4,3,3,5,5,3,7,8,8,3,0.6167
6,6,7,8,9,4,6,6,3,5,5,5,8,8,4,8,6,5,4,6,0.7106
9,4,7,4,7,3,8,7,4,6,3,5,8,7,4,8,9,3,6,7,0.696
3,5,6,10,4,6,6,7,4,8,10,7,5,6,6,5,5,6,5,5,0.6517
4,7,6,7,9,5,2,4,7,5,10,8,9,6,7,3,7,10,7,6,0.7354
8,3,4,10,5,8,5,6,8,3,4,4,3,6,4,8,4,8,3,4,0.6871
5,10,6,9,6,9,5,6,5,6,5,3,6,2,6,7,8,7,5,6,0.6686
9,5,7,5,9,5,4,5,3,8,11,3,9,4,4,6,3,6,2,7,0.7318
7,3,5,10,8,5,7,8,8,12,6,3,8,4,7,4,3,11,4,6,0.7417
5,6,2,5,8,9,5,4,3,9,11,4,6,7,3,8,2,7,11,6,0.7075
8,2,5,3,8,6,8,7,6,7,7,4,4,2,5,5,2,4,2,9,0.6012
7,6,10,3,7,9,5,6,9,11,8,3,5,8,6,6,3,6,8,8,0.7678
4,7,7,3,3,5,6,7,11,5,3,4,4,4,3,5,7,2,2,8,0.508
8,9,5,4,3,7,3,7,14,2,7,7,6,5,6,7,9,7,6,4,0.7317
2,4,7,10,7,5,5,4,6,6,6,7,5,4,3,6,4,4,4,8,0.6061
10,6,6,6,4,7,5,3,6,6,8,6,5,5,7,4,5,8,4,2,0.7008
9,5,8,4,2,9,4,9,4,5,6,5,5,6,4,5,7,7,4,5,0.6457
7,9,12,3,9,5,8,7,6,6,5,2,1,5,6,4,4,5,7,6,0.6956
2,8,9,5,8,7,11,7,3,7,9,3,4,4,3,9,8,7,5,7,0.7112
6,5,6,0,4,4,12,5,10,5,1,3,6,4,4,8,8,5,4,6,0.5617
9,8,3,4,5,4,5,11,3,5,10,4,3,2,10,6,8,2,5,7,0.6577
6,8,5,7,9,5,5,8,6,6,6,8,6,7,8,7,7,2,4,6,0.7288
3,10,6,7,7,8,4,6,4,6,3,10,5,6,3,12,2,7,3,6,0.67
4,6,3,2,3,5,7,6,5,6,5,6,8,1,1,3,6,4,5,4,0.5012
12,1,6,6,3,8,10,6,6,11,10,7,3,6,6,3,9,2,9,5,0.7531
4,5,9,9,5,6,5,11,8,5,7,6,7,9,2,5,4,2,4,8,0.6947
4,11,6,3,5,6,3,8,4,3,4,6,5,3,7,7,9,2,9,10,0.6153
10,3,4,5,3,7,5,5,9,3,5,5,3,7,3,6,8,8,7,6,0.6504
4,5,5,8,8,1,6,7,8,6,8,7,6,5,6,9,9,10,4,7,0.7157
6,4,6,4,6,5,7,2,8,4,4,4,1,3,9,12,5,6,5,10,0.6063
3,8,5,6,7,6,14,9,6,3,8,0,8,5,7,2,2,5,5,6,0.6416
6,4,7,2,8,10,3,5,7,7,6,5,3,3,9,9,7,5,5,9,0.6697
10,7,3,7,9,5,9,4,6,7,6,3,6,2,8,3,5,4,5,9,0.6988
2,4,9,10,8,9,6,7,8,10,7,5,7,6,5,8,3,5,8,7,0.7258
5,0,6,5,9,6,3,3,8,2,6,5,4,6,7,1,2,6,9,5,0.6028
7,6,2,7,9,4,4,9,4,4,2,5,7,11,3,4,12,5,2,8,0.7068
8,5,7,4,4,7,8,6,5,9,4,3,8,5,4,8,9,5,10,4,0.6741
4,7,7,4,3,9,5,5,4,9,6,6,2,8,5,4,4,6,5,6,0.5822
9,2,3,7,4,10,4,6,5,5,4,3,7,8,2,8,3,8,5,4,0.6979
7,3,4,4,3,4,7,6,7,5,4,3,5,9,3,6,3,6,3,4,0.5763
8,11,6,5,2,8,6,10,7,3,6,6,7,8,4,8,3,4,6,9,0.71
5,6,4,7,11,7,6,3,8,4,7,7,6,9,4,5,3,7,6,4,0.7181
11,6,9,4,8,5,6,10,9,9,4,5,5,6,4,7,11,5,5,4,0.7988
7,5,6,2,5,12,4,4,2,11,6,6,1,5,4,4,6,3,5,7,0.6119
6,5,4,5,6,3,5,5,3,3,3,7,7,6,7,5,5,4,6,5,0.6052
6,12,9,2,5,5,8,4,7,6,4,2,5,6,4,4,12,6,8,7,0.6789
8,6,4,3,4,5,7,5,5,9,3,9,9,4,3,7,9,8,9,3,0.6587
13,7,6,6,9,6,10,5,7,4,9,7,3,2,6,3,10,7,6,3,0.7283
5,8,9,4,11,4,6,7,7,4,5,3,4,10,5,5,5,6,12,3,0.7031
8,4,5,6,5,6,6,4,6,1,9,5,5,7,9,6,3,4,7,2,0.6471
6,5,12,4,7,6,4,9,8,4,8,6,6,6,7,7,2,4,8,3,0.6921
2,4,4,3,8,5,6,12,8,6,3,7,5,3,8,4,7,3,6,5,0.5803
9,7,5,6,7,9,4,9,8,3,6,6,7,5,4,9,5,4,5,8,0.7303
7,10,6,6,5,10,0,4,2,7,4,4,3,7,8,11,4,3,5,5,0.7093
6,7,2,4,6,10,4,4,8,6,6,5,7,8,5,5,11,6,4,5,0.6826
4,6,3,5,9,8,6,6,6,10,5,2,5,5,10,5,7,6,4,9,0.7121
4,5,6,1,8,6,5,5,6,9,6,3,5,2,4,8,7,4,8,8,0.6118
5,7,5,6,5,5,8,10,1,5,9,6,9,1,6,8,7,6,8,5,0.6435
6,10,5,5,9,6,4,8,8,5,4,7,6,8,2,3,9,7,5,7,0.7251
12,5,5,4,3,4,5,9,6,8,2,7,2,10,8,13,5,5,7,3,0.7562
7,8,6,6,4,5,6,8,9,8,3,9,6,8,5,6,6,4,2,5,0.683
4,8,5,7,5,4,8,1,6,5,5,8,5,7,8,5,4,7,8,5,0.6398
9,5,7,5,5,3,8,5,4,4,6,6,6,6,5,5,8,4,6,9,0.653
5,5,7,7,10,7,5,13,7,4,9,6,5,4,8,6,5,8,6,6,0.7517
9,7,5,8,9,5,7,7,6,9,1,3,9,3,8,5,5,11,5,3,0.7285
5,6,8,4,6,6,5,5,5,4,6,7,4,9,12,9,4,7,5,7,0.7056
9,5,10,6,4,7,4,3,2,10,2,6,6,5,5,9,12,4,4,6,0.7253
6,6,6,6,6,7,11,7,5,4,8,6,5,8,3,5,4,6,7,3,0.6895
2,5,3,7,5,7,9,7,1,9,4,7,7,7,10,10,4,6,6,8,0.6666
4,5,12,5,6,3,6,1,4,7,7,10,3,2,4,4,6,7,7,2,0.5619
7,6,4,5,4,2,8,6,5,5,5,6,11,5,4,7,13,9,4,7,0.6724
8,2,5,8,8,5,11,2,4,4,5,6,6,7,7,8,13,2,5,14,0.7041
4,6,8,4,7,8,5,4,5,6,2,7,3,3,3,7,7,9,9,4,0.6217
3,8,6,7,5,5,8,13,4,6,4,11,8,4,6,7,2,7,6,10,0.6858
5,9,6,7,9,10,4,11,5,3,9,8,7,8,5,3,5,8,6,6,0.7446
7,7,6,5,5,4,7,1,2,5,10,5,8,6,5,5,4,6,11,8,0.6603
9,8,4,1,6,5,3,5,11,4,11,4,6,8,4,6,3,7,4,4,0.7023
11,7,9,6,4,4,8,3,7,6,7,4,8,8,4,2,6,8,6,6,0.7251
7,7,4,7,8,9,5,10,6,7,6,5,3,6,5,8,7,8,7,7,0.7853
6,9,3,3,7,8,4,9,2,3,7,7,9,7,6,8,6,9,7,7,0.6996
4,2,5,5,6,8,5,6,9,2,9,4,3,7,4,7,7,8,7,7,0.6721
5,4,3,2,7,8,9,9,4,7,5,5,4,5,2,10,7,3,5,8,0.6232
4,9,4,8,5,6,11,4,6,9,6,5,6,10,6,10,11,8,1,8,0.7638
8,5,2,9,4,6,5,6,8,7,9,9,6,9,4,4,4,5,4,9,0.732
9,3,3,1,3,5,11,5,8,5,4,3,5,5,5,7,7,7,7,5,0.5878
6,8,8,9,4,7,7,6,7,6,5,5,6,10,6,5,3,4,8,6,0.739
5,10,5,7,5,4,11,10,8,5,5,8,6,9,3,3,7,5,6,9,0.7291
8,7,4,6,8,5,6,9,11,5,7,8,8,6,11,6,6,9,5,1,0.7794
6,1,5,8,5,7,5,7,6,5,2,4,5,10,8,2,6,7,6,10,0.694
8,11,3,8,5,4,6,4,4,6,4,3,6,8,9,8,8,8,5,4,0.7402
6,6,3,8,3,9,7,5,5,9,7,6,6,9,4,4,4,5,8,14,0.712
1,6,6,7,6,5,10,6,3,3,9,8,6,7,6,9,8,9,2,5,0.6497
6,5,4,8,4,5,5,3,7,10,10,3,10,1,5,7,6,1,3,9,0.6075
3,5,5,5,4,10,10,7,6,7,6,5,8,7,7,3,11,12,8,7,0.6955
11,3,9,5,7,4,9,6,2,4,3,6,6,4,5,6,7,10,7,4,0.6855
4,4,5,8,7,4,7,6,4,9,10,8,4,7,4,2,10,8,5,10,0.6888
9,6,7,10,4,6,5,7,8,7,8,7,3,1,7,12,4,6,7,7,0.7396
8,7,9,5,9,7,6,4,9,3,5,5,9,7,5,10,6,9,8,8,0.7948
5,3,5,10,7,5,9,5,9,4,3,8,3,8,10,3,8,2,10,6,0.6757
7,10,6,7,4,6,1,11,6,7,5,5,4,7,7,5,7,7,7,4,0.7509
11,3,6,6,4,5,7,10,6,3,7,6,6,6,8,8,2,2,2,8,0.6757
6,5,5,11,5,6,7,6,3,7,10,6,8,4,5,0,7,10,9,6,0.6965
6,7,5,6,1,4,10,7,8,4,4,8,4,3,6,8,3,7,3,7,0.5958
6,5,4,4,7,6,5,2,4,4,2,4,9,6,4,4,6,5,8,4,0.6165
13,4,2,6,7,4,2,5,8,6,11,6,9,5,2,5,6,2,12,9,0.7933
6,10,5,6,5,13,6,5,8,6,5,6,5,5,7,5,9,5,5,6,0.7304
7,5,3,7,5,9,8,15,4,4,2,7,6,5,3,4,5,7,6,8,0.6756
11,12,5,5,4,5,5,5,9,4,5,4,10,9,4,3,3,7,10,8,0.7512
2,3,2,10,5,4,6,0,7,3,9,7,5,4,10,5,2,7,5,6,0.5569
10,5,11,4,5,7,8,15,3,12,7,10,5,8,5,3,3,4,7,4,0.7395
5,10,5,6,6,6,12,8,3,4,6,6,6,2,9,2,13,3,3,7,0.6535
5,5,5,4,5,8,6,7,7,7,9,6,8,6,8,3,6,11,5,4,0.6598
3,4,7,6,4,4,3,5,7,5,6,6,4,9,9,7,5,6,2,5,0.6213
5,4,7,6,7,11,9,4,9,8,5,3,4,7,6,5,11,4,3,4,0.6777
6,9,7,9,7,8,4,9,7,4,7,8,9,5,12,3,7,4,3,6,0.7687
6,7,3,8,8,7,8,5,7,3,2,2,3,8,6,5,3,1,6,5,0.6658
7,1,2,6,6,7,9,6,7,6,3,5,10,4,5,5,6,3,7,5,0.6153
5,4,7,9,5,8,5,10,4,6,9,2,7,6,4,3,5,8,3,8,0.6612
7,4,5,8,9,11,6,9,7,7,8,1,7,8,10,7,9,11,7,8,0.8618
7,4,10,10,8,6,7,7,7,9,4,6,8,12,7,7,5,2,6,8,0.8448
5,10,10,5,9,7,4,10,6,7,9,9,11,8,4,6,1,6,7,7,0.769
9,5,7,5,7,6,6,7,5,4,4,8,1,8,7,7,2,6,3,3,0.6337
7,11,8,7,7,2,6,7,13,5,6,5,8,3,6,6,2,7,8,10,0.7723
6,7,9,8,8,7,7,8,9,5,5,6,9,5,6,8,6,4,5,6,0.7534
8,8,8,6,5,7,7,3,5,8,4,7,10,7,7,4,6,6,3,6,0.7311
5,9,5,3,7,5,8,3,7,3,1,5,6,4,3,4,6,5,8,4,0.6009
7,4,1,2,6,6,4,5,3,3,4,7,6,3,4,5,8,4,5,6,0.5577
10,4,4,5,6,5,8,7,8,3,7,8,6,9,5,3,6,4,8,5,0.7277
4,3,2,6,6,6,8,1,6,10,7,8,7,7,10,5,5,7,6,5,0.6553
3,6,6,6,5,5,9,8,7,9,5,5,5,4,5,4,5,3,8,6,0.6397
0,8,4,2,11,6,4,8,3,5,4,7,10,7,2,4,7,6,8,6,0.5991
8,7,7,7,4,9,9,3,8,13,7,2,7,5,9,6,9,8,5,3,0.712
4,2,5,8,7,1,7,7,4,7,8,3,5,10,5,7,2,6,6,6,0.6716
3,3,8,4,5,7,5,6,4,4,4,4,9,9,7,6,10,9,7,5,0.6815
6,3,6,6,4,6,7,4,6,6,5,4,8,4,3,6,10,6,11,7,0.6494
4,8,4,6,7,4,7,8,8,3,6,5,12,10,3,5,8,3,3,6,0.7028
4,2,4,7,9,9,8,3,6,4,5,5,6,4,4,1,6,10,6,7,0.6293
10,10,9,6,8,10,6,8,6,8,7,9,3,6,6,7,7,7,6,3,0.836
5,4,3,4,4,2,6,4,9,10,8,2,9,5,5,6,5,7,3,9,0.6085
5,6,8,2,3,4,2,1,3,7,6,7,7,7,5,6,9,5,3,4,0.5799
9,4,3,7,10,11,10,8,5,6,5,6,5,3,7,7,8,5,7,8,0.7595
5,3,3,8,4,7,4,6,8,6,7,6,10,3,7,9,7,5,8,7,0.682
8,10,8,4,4,7,5,7,4,7,8,8,3,7,3,3,4,1,2,4,0.6263
8,2,4,6,9,4,4,7,5,5,4,9,9,5,4,4,0,6,5,7,0.6666
11,6,4,5,6,5,9,8,4,6,8,10,8,6,5,5,7,3,9,2,0.7005
7,11,5,9,8,5,4,5,5,7,6,6,7,11,3,7,5,6,8,3,0.7485
4,7,5,11,5,8,8,6,4,4,8,8,8,7,11,3,7,6,5,5,0.7347
5,8,7,5,10,7,9,2,5,3,11,4,8,4,6,3,5,9,4,7,0.6761
7,5,11,8,9,11,5,7,3,8,8,8,7,4,4,7,4,7,5,3,0.7448
4,5,6,7,4,3,4,7,3,7,8,5,2,2,7,3,2,10,12,4,0.5735
2,6,5,5,9,11,4,3,7,7,3,7,7,5,2,5,7,5,7,6,0.6507
5,5,6,4,4,3,10,5,9,8,5,9,11,3,7,9,6,8,2,1,0.5973
10,7,3,7,7,7,7,10,6,4,3,6,7,5,6,9,9,5,1,7,0.7552
4,3,8,11,4,6,11,4,9,5,3,4,9,7,9,5,7,10,5,6,0.7003
5,4,6,5,7,8,7,5,5,9,9,10,8,5,5,7,4,4,6,7,0.6863
5,2,3,3,4,8,10,7,3,5,2,2,14,5,4,8,5,9,6,3,0.5649
2,6,7,6,11,5,5,3,9,6,5,6,12,12,6,6,9,12,7,9,0.8069
3,3,2,4,11,7,5,9,5,11,7,4,6,9,4,4,8,3,6,7,0.6999
4,8,2,5,11,6,6,3,6,3,3,7,9,8,5,5,7,4,7,6,0.6667
6,3,4,6,7,6,4,2,2,5,13,5,4,6,5,3,8,3,9,5,0.6615
3,6,3,7,7,7,7,5,5,7,7,7,5,4,3,4,2,8,5,3,0.5742
7,6,7,5,6,8,4,2,5,2,7,4,8,8,6,9,7,6,2,8,0.7094
8,2,4,9,7,7,5,5,6,7,6,10,5,7,4,3,4,5,5,5,0.6998
3,8,6,9,4,3,4,3,7,9,6,4,8,8,4,3,8,9,7,5,0.6784
9,4,7,6,4,3,8,6,5,4,7,9,5,7,6,9,10,4,4,1,0.6545
7,4,9,6,5,5,3,3,2,5,3,7,7,4,8,5,10,5,3,8,0.6442
7,4,4,8,12,8,6,6,5,5,7,7,6,8,9,5,8,11,10,4,0.8437
7,2,13,3,6,6,4,4,4,8,2,8,5,3,6,2,8,8,5,5,0.6238
11,6,7,4,6,6,8,4,5,10,7,10,8,7,3,8,4,3,7,4,0.7122
11,3,9,7,5,6,3,7,3,4,4,5,8,9,7,5,8,6,6,6,0.7503
4,2,9,5,3,6,4,8,12,5,6,5,6,4,7,7,5,5,6,7,0.6421
6,3,5,8,5,9,4,7,12,10,6,5,4,5,2,5,3,6,6,7,0.699
7,6,8,6,5,4,5,8,5,6,3,3,11,11,6,5,6,10,7,11,0.7527
9,10,9,5,5,7,7,5,2,4,3,4,5,5,5,5,4,9,2,5,0.6353
2,7,2,4,16,8,8,4,2,3,4,4,8,15,4,3,2,9,5,6,0.7219
6,7,6,7,6,9,6,8,7,3,7,6,11,9,4,2,9,6,7,6,0.7614
7,7,6,5,7,2,5,9,4,6,9,3,4,6,2,4,4,4,7,5,0.6436
5,4,5,10,10,4,3,2,7,9,6,6,7,6,7,7,4,9,7,3,0.7325
5,7,6,7,9,8,5,6,2,5,4,3,9,8,6,2,5,5,2,1,0.6436
2,13,8,3,3,6,5,5,5,4,4,4,7,10,7,4,4,4,6,10,0.6183
3,3,9,3,8,5,7,6,5,9,5,3,5,1,10,12,5,8,7,5,0.6601
5,3,3,8,8,6,8,3,10,10,10,6,7,9,5,7,8,7,2,7,0.7772
6,3,7,7,6,5,4,7,4,7,8,10,1,2,8,8,7,6,7,5,0.6465
5,4,5,4,9,8,6,6,4,2,2,7,7,6,5,3,7,6,5,3,0.6115
9,7,9,4,5,5,7,7,4,5,6,11,2,5,14,10,7,8,7,9,0.7824
1,5,6,6,11,5,6,6,7,6,7,6,11,6,6,12,4,12,5,9,0.768
6,8,7,7,9,6,5,4,4,10,4,4,8,9,6,7,6,10,9,8,0.8049
7,5,6,2,7,9,2,9,3,4,6,4,8,8,4,6,8,5,7,5,0.7095
7,6,7,6,7,6,8,6,5,5,3,4,4,6,4,16,5,10,6,12,0.7364
9,10,6,10,0,2,7,7,7,6,5,4,5,7,5,8,2,9,8,5,0.6934
5,4,3,5,2,9,6,7,4,6,3,3,10,4,4,5,1,3,3,5,0.5399
6,7,11,7,9,3,9,6,10,4,5,7,5,1,6,6,7,4,12,9,0.736
6,8,9,8,2,10,7,10,4,6,4,5,8,2,7,6,4,5,9,7,0.7005
7,2,10,4,13,4,2,5,6,7,6,11,6,5,7,2,2,7,9,5,0.6966
6,3,4,6,6,7,8,3,11,5,2,5,4,3,10,7,9,5,4,8,0.6363
7,6,7,3,7,3,1,7,7,8,4,4,6,8,3,6,6,6,8,1,0.6691
6,8,4,6,8,3,4,5,5,2,8,11,7,8,3,3,7,5,6,8,0.6897
6,3,5,3,5,1,9,4,7,4,10,4,5,2,9,2,8,6,2,8,0.5704
7,8,3,6,7,4,6,7,7,8,8,6,5,7,9,10,2,6,5,4,0.7209
5,6,5,5,7,4,5,3,7,9,4,4,8,8,5,6,9,10,9,5,0.7073
7,4,6,5,4,6,4,4,10,5,4,8,7,5,7,6,6,9,8,4,0.6657
6,9,4,4,7,3,4,8,9,6,6,6,2,11,9,6,6,5,6,9,0.7059
3,8,8,6,7,4,4,4,6,6,5,3,6,10,2,3,8,5,4,7,0.6223
4,6,7,7,4,3,7,7,7,4,5,6,10,7,6,8,9,5,6,7,0.6655
5,5,8,9,9,8,5,4,3,7,4,5,5,7,2,2,5,4,6,9,0.6724
6,3,5,6,3,8,4,4,7,4,7,6,5,8,6,6,6,6,8,8,0.6684
7,3,8,3,9,6,8,4,4,7,7,6,7,5,1,7,3,7,5,8,0.6613
3,6,6,12,6,6,8,5,4,7,7,5,7,8,8,8,6,4,5,7,0.7325
8,7,5,4,4,3,6,4,7,3,5,12,6,6,1,4,2,11,6,5,0.643
4,3,7,1,11,8,3,8,7,3,7,5,5,6,8,5,4,3,4,7,0.6312
3,9,4,3,8,6,4,6,7,8,2,5,6,5,5,9,7,7,11,10,0.693
3,7,2,7,5,8,5,5,5,2,6,8,9,4,7,6,13,9,7,10,0.676
7,9,5,7,5,5,3,6,4,3,6,8,3,9,3,5,6,4,6,8,0.6796
8,7,2,5,5,5,8,9,8,7,6,10,3,5,4,5,5,4,8,4,0.6645
7,9,5,9,5,5,7,12,12,6,4,4,11,2,8,7,9,6,7,6,0.7659
3,7,8,2,5,5,5,6,5,8,7,5,11,4,5,5,0,3,4,10,0.5712
6,5,9,5,4,4,3,3,8,7,5,7,8,5,5,5,10,8,4,5,0.6891
5,4,2,5,7,4,8,9,5,4,8,5,5,5,3,10,5,9,5,6,0.5895
5,5,9,12,8,4,2,4,4,2,3,8,4,6,7,12,8,6,3,1,0.7124
2,6,7,8,4,4,7,1,5,5,9,9,7,8,2,10,4,7,7,4,0.6239
5,8,8,4,6,5,4,4,7,6,4,4,8,11,4,6,5,5,6,7,0.6764
6,8,7,10,7,6,5,2,2,3,5,1,5,4,8,5,5,7,7,7,0.6566
7,8,6,8,6,6,2,4,4,3,9,6,7,4,5,5,4,3,8,5,0.6747
10,8,4,4,4,7,6,6,9,7,6,9,6,5,4,5,7,6,5,8,0.7127
6,6,9,10,7,5,5,3,2,5,6,4,6,5,5,6,4,8,8,6,0.7082
3,7,5,3,6,6,5,2,6,5,2,9,8,8,7,4,8,5,6,6,0.6017
3,11,10,9,10,6,5,9,5,4,8,3,2,4,7,5,6,5,4,6,0.6895
7,6,7,7,7,4,7,7,5,8,5,5,11,5,9,8,4,5,6,7,0.7437
7,4,6,7,7,2,6,7,2,10,2,8,11,7,4,6,8,2,2,9,0.7034
9,6,5,8,4,5,8,3,5,7,8,8,5,5,6,6,3,5,8,4,0.6845
5,9,8,5,4,10,9,5,5,6,5,12,4,5,7,13,3,4,7,7,0.6898
4,8,10,5,2,4,3,1,4,7,6,7,3,3,5,7,11,5,6,6,0.5859
6,7,7,4,4,6,7,4,8,5,6,8,4,10,7,8,7,10,6,4,0.7123
4,4,9,4,6,5,8,10,4,6,6,6,5,6,8,11,5,5,4,7,0.6873
5,7,8,4,4,3,3,5,1,5,7,3,6,11,8,3,4,6,6,9,0.6387
6,7,5,4,5,6,7,10,7,4,6,5,5,8,9,3,3,8,7,5,0.6707
9,5,4,4,3,4,5,7,5,5,7,10,5,4,3,2,10,3,3,5,0.6142
9,7,7,2,8,10,6,6,4,9,10,8,4,4,10,8,3,5,4,5,0.7518
7,10,1,2,6,3,7,15,9,6,10,5,8,5,3,5,7,3,3,4,0.651
6,2,2,5,6,6,3,4,4,6,8,5,5,7,4,3,4,6,5,6,0.6201
3,5,2,11,5,8,5,3,10,5,6,7,5,7,7,8,5,6,6,8,0.7016
7,7,5,5,8,4,6,3,6,6,4,3,4,11,5,6,3,3,9,7,0.686
2,8,4,6,4,9,5,5,3,2,3,4,3,9,9,4,8,7,4,3,0.5828
6,8,5,7,11,6,8,3,5,6,5,9,9,7,2,6,10,8,8,5,0.7655
4,6,5,7,6,2,5,7,8,10,7,6,6,3,5,4,4,6,2,7,0.5873
7,8,6,7,4,6,5,4,5,8,5,6,7,1,5,11,3,6,3,1,0.6205
4,6,8,7,10,7,5,6,1,7,8,4,3,7,7,4,9,10,7,7,0.7638
12,7,12,7,6,3,12,8,8,7,7,10,7,9,7,8,8,6,6,3,0.8291
8,11,5,3,5,7,4,5,9,5,5,6,4,7,12,10,2,5,6,6,0.7293
9,3,6,8,6,8,7,5,4,0,6,5,4,7,6,5,7,4,4,10,0.7083
10,7,4,8,7,6,6,7,9,7,4,3,8,7,11,6,8,7,8,6,0.8422
11,8,7,8,4,6,7,4,9,6,7,6,8,6,3,5,7,5,4,10,0.7573
7,4,7,5,2,5,9,4,7,5,8,5,5,7,3,4,6,3,7,5,0.6011
4,7,9,6,3,7,5,5,6,4,9,10,7,6,12,5,1,7,9,7,0.7035
7,5,7,9,5,6,7,10,3,3,10,4,2,8,5,7,7,2,4,9,0.7028
9,6,5,5,6,5,9,4,10,6,9,10,4,5,3,6,9,10,5,5,0.7179
12,6,4,3,4,3,8,4,4,5,12,10,8,6,7,4,7,6,4,9,0.7022
5,5,6,7,4,1,7,5,9,3,2,5,5,6,5,5,4,6,7,4,0.593
9,7,7,8,6,4,5,6,8,7,7,8,2,5,7,10,8,8,4,9,0.7789
5,6,7,11,3,3,11,4,8,3,7,12,7,5,6,10,5,5,3,1,0.6545
4,4,10,3,10,7,7,5,2,7,10,4,8,1,4,12,5,5,12,4,0.6864
4,4,6,6,4,4,5,10,4,4,7,6,7,5,7,5,12,8,1,3,0.6329
4,3,7,6,6,7,6,4,6,6,6,6,4,8,3,6,4,8,5,3,0.6072
4,3,7,4,4,4,10,9,6,6,9,4,5,3,8,6,6,1,6,4,0.5762
2,9,6,4,7,8,5,6,2,9,5,4,7,4,10,8,3,6,8,8,0.6772
11,7,6,2,5,7,6,7,4,4,7,7,7,5,5,3,6,4,6,7,0.657
8,8,8,8,5,4,5,4,9,7,7,6,5,7,4,4,7,8,5,7,0.7331
10,7,6,3,4,4,12,7,11,5,3,9,5,3,6,7,8,4,8,8,0.6868
3,9,6,3,6,6,2,4,3,4,6,10,10,2,3,9,5,2,1,3,0.5587
9,7,3,6,9,7,4,6,9,2,8,5,7,4,11,5,11,7,4,4,0.77
5,11,2,4,7,8,4,5,9,4,6,5,8,2,6,5,2,5,7,6,0.6185
11,3,6,4,2,7,7,5,7,3,5,5,7,9,6,3,5,10,5,5,0.6885
4,7,0,6,2,4,4,3,9,7,8,5,3,4,6,5,10,3,7,3,0.553
9,3,6,3,6,3,4,8,6,7,4,8,5,3,4,8,6,7,6,6,0.6467
4,6,10,11,0,3,10,8,8,7,1,7,8,1,5,4,4,10,4,5,0.5834
3,5,5,4,8,6,6,8,5,7,5,11,5,6,8,4,6,7,5,7,0.64
6,4,8,9,3,1,7,3,5,4,7,6,7,5,5,6,8,8,4,6,0.6265
10,10,4,6,1,6,3,3,5,2,1,8,10,8,9,8,5,8,7,6,0.7142
5,3,4,7,3,6,9,7,13,11,8,3,5,6,6,6,6,9,7,7,0.7157
6,5,9,5,9,8,6,7,6,8,4,4,8,6,11,10,8,6,1,8,0.7742
6,5,4,6,7,6,6,7,7,6,8,6,6,6,8,8,7,4,2,8,0.6887
6,6,7,5,7,5,5,5,8,4,3,10,8,6,4,5,7,4,7,3,0.6682
7,5,4,2,7,11,3,9,7,5,7,6,7,3,6,6,6,7,8,7,0.7268
5,4,5,5,3,6,14,3,7,3,0,7,5,9,5,8,2,6,8,3,0.5505
5,3,7,4,4,6,6,4,0,7,7,1,4,6,4,5,3,10,4,4,0.557
3,5,7,7,5,5,7,8,8,4,4,7,7,7,6,7,6,6,3,4,0.602
4,6,6,6,2,11,2,9,2,10,4,3,6,4,9,5,7,6,4,3,0.5689
4,10,4,5,8,8,8,4,3,4,7,3,2,7,8,7,2,4,7,5,0.6351
5,8,6,3,6,7,12,7,6,7,8,7,5,9,4,7,3,4,8,6,0.6777
6,8,1,4,7,6,5,7,4,5,6,4,5,6,5,3,3,6,11,3,0.6237
7,5,7,15,9,6,9,6,4,3,5,8,6,10,7,6,6,6,8,5,0.8307
4,8,9,5,8,6,11,4,5,5,2,7,7,5,7,7,7,9,6,9,0.6928
7,6,6,5,6,4,2,7,7,5,3,4,6,6,6,10,3,4,10,6,0.6787
4,2,2,2,7,6,6,5,4,6,6,7,9,5,7,9,8,8,6,10,0.6511
8,8,3,4,7,7,7,9,3,5,7,2,6,5,8,4,3,9,3,7,0.6576
6,6,5,4,5,6,5,7,5,5,12,5,8,4,2,8,6,6,4,5,0.6545
6,7,5,7,3,4,12,6,7,6,8,8,4,7,8,5,5,4,5,6,0.647
9,6,7,4,6,3,9,4,11,8,2,10,8,9,4,6,7,2,6,7,0.7245
7,5,3,5,5,9,5,4,3,5,3,7,6,4,7,8,6,8,2,5,0.6234
6,7,5,3,2,8,9,4,9,11,3,8,6,8,8,6,3,7,10,10,0.6745
4,5,4,6,5,7,7,4,7,10,5,5,5,8,7,5,3,2,2,3,0.628
8,4,9,5,3,3,6,4,6,7,5,2,6,7,2,6,5,5,7,4,0.6204
11,5,10,2,3,8,7,10,2,5,5,5,4,6,3,7,7,7,8,5,0.7091
7,6,5,7,4,2,6,7,13,4,5,6,5,12,7,7,7,6,4,8,0.7302
4,10,12,3,6,5,6,6,7,5,8,9,3,7,9,5,6,5,4,6,0.686
3,5,6,8,6,4,6,5,5,7,4,9,5,5,8,7,5,6,2,3,0.5965
3,9,5,4,7,6,3,5,7,9,4,5,6,1,6,6,1,11,3,6,0.6111
8,6,12,3,6,5,5,6,5,4,5,3,5,6,3,4,9,7,6,4,0.6827
7,4,10,8,5,7,10,8,7,6,5,10,11,5,7,7,4,12,7,3,0.7917
5,9,7,3,8,5,10,5,4,5,7,9,4,5,5,12,9,6,4,7,0.6993
6,4,9,6,5,5,5,7,7,6,6,4,5,3,4,5,4,5,8,3,0.6368
5,9,7,7,9,6,2,7,7,9,6,4,9,5,7,2,5,2,5,7,0.695
6,6,7,6,3,4,5,5,6,5,9,6,3,10,8,3,6,6,8,9,0.6463
13,7,9,8,11,8,6,10,7,4,7,9,5,6,9,9,9,6,3,8,0.8779
7,6,5,9,6,5,4,8,7,4,3,3,4,5,7,7,8,7,9,8,0.7036
4,8,5,3,6,5,4,9,6,10,5,9,7,4,6,6,3,3,4,5,0.5975
4,8,4,3,4,7,9,3,8,2,8,2,6,4,4,7,1,7,6,9,0.552
3,2,4,8,7,6,8,7,3,14,5,10,4,5,3,5,6,7,6,5,0.629
7,11,6,8,5,7,4,5,5,9,10,3,5,4,8,5,7,8,5,10,0.7583
7,10,6,10,4,5,6,3,2,5,7,6,3,11,10,2,6,10,6,7,0.7668
5,6,4,6,7,4,5,4,6,9,4,7,4,4,2,5,8,7,6,11,0.6438
4,3,2,7,4,8,8,7,6,5,11,7,7,3,6,3,10,8,6,10,0.6608
6,6,10,5,7,3,5,7,7,4,4,2,7,8,3,4,7,9,7,8,0.7196
4,7,4,4,6,4,8,6,2,2,3,5,4,13,6,4,2,4,7,6,0.5799
9,3,4,5,6,6,8,7,6,3,6,3,6,6,9,7,7,6,2,8,0.6798
9,7,4,3,8,8,7,7,11,6,4,6,7,7,9,4,5,5,2,5,0.7141
5,5,10,8,2,2,7,8,4,4,4,8,7,4,5,6,8,5,4,7,0.617
6,6,3,5,4,6,8,5,7,5,4,5,9,5,7,4,6,6,3,6,0.6002
7,9,6,6,8,6,8,7,3,5,5,5,3,2,4,11,5,4,7,4,0.6688
7,6,5,4,7,8,4,4,8,8,9,5,6,12,10,6,7,12,4,4,0.7652
10,6,6,5,2,3,6,6,11,8,0,7,6,4,10,5,4,6,5,3,0.6393
5,5,7,7,9,11,2,10,7,7,5,3,9,5,7,4,3,2,7,6,0.7462
5,4,9,10,8,7,6,6,9,6,2,5,8,7,7,7,7,3,2,7,0.7535
5,13,9,8,2,5,7,4,7,3,8,2,6,1,4,5,10,3,8,5,0.618
9,3,6,5,4,4,9,0,4,5,3,6,6,5,6,3,6,7,6,2,0.5965
7,8,6,6,5,6,3,9,6,7,5,4,3,5,2,4,7,3,4,9,0.6443
7,8,7,5,6,5,6,11,7,5,7,6,8,3,5,9,3,4,8,6,0.6965
6,5,10,5,4,9,5,6,5,4,4,9,5,2,9,4,3,4,5,4,0.5843
9,5,10,10,3,3,6,3,9,8,7,8,5,5,8,8,7,7,5,6,0.7808
6,5,9,3,5,5,5,5,0,6,6,1,11,7,5,5,6,9,3,7,0.6332
5,10,7,5,6,7,9,5,8,7,5,7,4,9,3,7,4,3,8,7,0.681
8,2,7,10,7,7,9,3,3,6,7,9,6,5,6,5,4,4,10,7,0.669
6,3,5,3,5,6,8,4,7,8,7,4,4,6,7,12,9,6,2,7,0.6488
4,7,11,5,3,7,7,6,2,4,11,8,6,10,8,7,8,9,6,8,0.7267
4,4,5,6,6,11,4,5,11,10,2,2,4,5,4,6,7,5,3,4,0.6284
8,2,6,4,4,4,6,7,1,8,4,8,5,4,5,2,10,3,4,6,0.5913
6,7,8,7,8,9,6,8,8,11,5,7,11,5,13,6,7,9,4,10,0.8338
7,9,4,3,2,5,11,4,6,3,12,8,6,10,12,5,6,4,8,4,0.6678
9,10,5,8,6,3,2,5,7,5,7,4,3,4,11,6,8,5,4,14,0.7595
12,7,7,7,9,3,4,5,4,3,6,11,4,6,6,5,5,11,5,8,0.7949
6,2,3,7,7,9,2,5,6,2,3,4,8,7,8,8,3,7,9,7,0.6909
11,7,11,4,8,5,6,9,11,5,4,5,4,6,5,8,9,4,2,3,0.751
11,6,9,7,5,8,7,5,4,4,6,2,10,4,10,5,9,6,7,4,0.7593
11,6,6,8,7,13,8,5,15,6,6,8,11,0,10,5,7,4,8,8,0.8205
4,9,5,4,8,8,2,3,7,3,5,8,10,3,3,8,7,7,4,5,0.6502
4,7,3,2,1,4,4,5,3,5,4,5,2,11,5,7,5,4,8,1,0.4888
8,4,3,4,3,4,7,6,3,7,7,2,6,7,8,9,7,6,5,6,0.6609
7,10,1,4,7,4,5,6,6,9,3,9,6,6,7,8,13,2,6,7,0.6829
10,2,3,7,5,6,6,4,2,4,6,5,1,4,5,5,13,5,7,5,0.6613
2,5,3,10,6,3,8,3,4,2,5,5,9,6,4,12,5,4,4,8,0.6034
6,10,8,5,1,5,9,8,7,6,3,1,12,11,4,6,5,4,2,7,0.6529
4,3,7,7,2,5,5,7,5,3,3,7,8,8,7,6,5,8,7,5,0.6152
9,11,5,8,8,5,4,6,7,2,2,5,10,4,4,6,7,7,7,7,0.7587
6,4,4,6,9,3,4,5,7,5,7,5,7,7,10,5,11,8,6,1,0.7028
2,5,3,8,7,6,2,7,7,8,5,6,12,7,7,7,8,6,6,8,0.6935
5,4,7,4,6,4,4,5,2,3,7,6,8,8,9,7,7,7,10,11,0.6883
4,6,5,3,8,2,5,4,6,9,4,4,6,3,3,4,7,9,7,3,0.5949
6,2,4,7,7,4,9,5,4,4,3,7,10,4,4,6,2,4,4,1,0.5524
8,1,9,6,4,5,5,6,4,6,7,8,7,11,8,7,4,8,9,6,0.7475
8,7,5,6,5,6,6,6,6,4,4,1,6,9,7,8,6,4,1,7,0.6761
5,6,4,2,6,7,6,7,5,4,6,5,8,5,5,7,9,7,5,6,0.6568
11,9,4,7,5,6,7,4,9,5,9,7,10,9,5,2,7,3,12,8,0.8189
9,4,3,7,4,5,5,6,4,11,6,6,3,3,4,7,6,9,9,2,0.6557
7,11,5,8,7,6,5,10,7,6,3,5,7,2,5,15,5,2,5,9,0.7337
5,5,8,7,6,8,4,5,1,7,4,5,11,4,6,5,6,2,7,7,0.6642
4,9,4,11,6,1,6,4,3,7,3,5,4,8,6,6,7,5,5,4,0.6359
8,6,2,6,6,7,2,6,7,7,10,1,5,7,5,6,3,9,2,4,0.7015
12,7,9,5,9,14,3,5,6,5,6,3,8,6,6,4,5,5,8,7,0.8444
14,4,8,5,3,4,9,5,4,3,2,3,8,7,10,11,9,3,4,7,0.705
4,2,9,6,6,4,5,5,2,6,5,3,7,5,3,8,6,8,9,6,0.6286
6,7,3,4,9,6,5,5,3,5,10,7,12,6,12,6,6,6,8,7,0.7491
4,2,5,10,4,5,10,3,4,6,4,5,7,4,5,9,11,6,11,2,0.6442
4,3,10,5,10,7,5,7,6,3,4,9,3,4,4,8,10,8,8,7,0.692
7,4,7,3,2,7,6,0,3,5,7,1,4,4,7,6,7,6,7,8,0.559
4,5,7,4,6,6,2,8,6,11,3,7,2,3,5,4,5,6,6,12,0.6267
10,9,6,2,7,9,2,5,4,5,8,2,3,9,9,3,4,8,9,11,0.776
6,9,9,6,4,9,5,7,10,4,7,4,3,6,6,6,5,6,5,5,0.7064
6,10,2,3,5,8,6,7,5,10,5,9,9,7,5,4,7,1,5,9,0.6882
2,7,14,3,8,6,9,2,6,6,3,2,3,7,6,5,4,5,6,3,0.5876
8,9,9,5,4,3,7,8,4,4,5,5,8,6,6,7,4,4,4,8,0.674
8,5,11,8,6,2,3,12,7,8,7,5,7,2,6,8,3,8,7,7,0.748
3,5,8,8,6,7,8,8,6,6,5,6,8,3,9,6,5,3,8,6,0.6492
4,6,4,4,4,6,3,7,6,8,8,5,3,8,5,7,4,5,6,3,0.6403
9,1,5,2,12,2,6,2,4,6,6,6,2,4,2,4,8,7,4,7,0.6157
6,7,5,6,7,6,8,7,5,5,6,5,11,4,6,5,3,11,2,3,0.6617
8,5,4,5,6,6,11,5,4,9,6,10,3,3,5,7,7,3,1,11,0.6288
10,6,4,7,6,7,9,9,6,7,6,0,5,3,5,6,3,4,5,8,0.6862
5,9,8,6,4,9,6,9,6,4,3,8,5,7,3,7,6,8,14,4,0.7239
4,5,2,8,7,11,6,9,9,9,5,8,5,6,7,8,7,7,10,9,0.7486
9,11,9,5,7,6,4,6,7,4,7,7,4,6,9,6,6,3,8,4,0.7279
8,4,5,12,8,4,6,5,10,7,3,3,12,6,10,2,4,5,9,7,0.7751
4,4,8,8,3,3,6,8,5,3,3,2,3,8,3,12,5,8,5,8,0.637
5,11,5,6,5,6,8,6,6,6,4,7,4,7,6,7,6,6,7,8,0.6679
4,6,4,6,5,4,8,4,3,7,8,9,6,7,7,6,9,5,5,4,0.6398
1,7,7,4,7,3,5,7,6,6,8,4,3,4,8,8,7,6,5,7,0.6197
5,6,8,5,3,9,4,5,4,6,5,5,8,4,7,7,8,4,7,5,0.6221
5,7,4,2,8,5,6,5,5,2,2,6,9,4,5,4,4,5,4,8,0.5614
2,4,6,6,11,7,3,6,3,4,5,6,3,6,8,9,7,5,6,4,0.6279
4,4,8,5,5,4,9,5,7,8,6,5,7,9,8,4,6,6,2,10,0.6492
8,6,10,9,9,7,8,2,7,7,5,7,8,2,3,7,5,7,7,12,0.7625
1,3,6,2,7,3,2,4,9,8,7,4,8,6,6,11,4,6,6,8,0.6112
9,6,2,6,8,6,4,8,6,4,5,5,4,7,9,3,5,2,7,4,0.6824
6,6,4,5,2,3,5,6,5,5,9,7,4,7,7,6,6,3,9,2,0.601
6,6,7,5,7,3,5,2,4,6,8,3,9,3,9,2,9,7,6,6,0.674
1,7,4,7,7,5,6,7,5,7,5,3,9,9,11,5,7,11,14,7,0.7494
6,5,3,6,9,6,4,7,11,4,5,12,8,7,7,12,8,4,9,5,0.8002
7,7,5,2,8,5,4,3,10,4,8,12,1,4,5,7,5,8,13,8,0.6805
4,6,6,7,7,2,7,7,8,7,4,9,8,7,10,7,10,4,6,6,0.6895
4,7,5,2,6,7,4,5,2,6,8,6,7,5,8,3,4,2,5,5,0.5831
7,6,5,10,8,3,5,5,4,9,6,9,8,9,4,6,9,3,5,9,0.7882
9,4,7,11,5,3,3,5,8,8,9,10,4,7,1,6,9,3,2,7,0.7466
5,11,4,5,5,7,3,5,6,6,3,5,7,5,4,7,4,6,3,5,0.6011
7,6,5,9,6,5,3,5,9,7,5,10,4,8,3,5,5,8,8,6,0.7291
7,8,6,6,7,8,6,8,6,6,4,4,6,6,8,9,5,7,10,11,0.7897
5,4,7,5,6,4,6,6,10,6,5,5,5,3,9,8,5,11,10,4,0.69
6,5,6,7,3,4,4,3,6,7,3,1,2,7,3,7,2,6,5,6,0.5828
5,7,6,4,6,8,7,6,6,8,6,5,6,6,3,6,8,4,3,7,0.6755
4,5,7,3,4,3,6,7,0,6,3,7,8,7,7,9,2,4,6,5,0.6031
8,3,10,4,5,6,6,10,4,5,11,6,3,11,3,11,6,5,7,7,0.749
4,4,3,4,7,9,8,4,5,4,5,3,4,5,6,5,7,6,8,5,0.6187
8,6,3,5,8,6,3,4,7,10,3,6,3,5,1,4,8,9,4,4,0.6774
6,3,3,3,7,5,4,3,8,5,6,7,5,6,5,9,4,5,3,5,0.6249
6,6,2,3,1,9,6,9,4,3,8,4,10,5,4,9,5,7,6,8,0.6443
5,9,8,5,9,4,7,8,5,4,6,7,6,7,8,6,4,3,4,3,0.6856
5,3,9,6,6,10,11,4,4,5,5,9,8,11,8,5,6,8,3,10,0.7149
5,9,7,4,4,9,4,11,7,7,9,4,6,3,8,5,3,5,8,8,0.6963
5,6,4,6,4,5,6,5,5,6,8,7,7,7,4,10,3,9,7,7,0.6597
11,5,5,7,7,10,6,7,6,9,3,6,6,9,7,8,8,10,5,1,0.7893
8,11,8,9,3,8,6,7,9,0,7,9,8,6,4,4,5,8,9,5,0.7781
4,9,4,2,11,10,6,5,3,9,9,4,5,5,8,5,5,3,5,6,0.6461
3,5,5,4,7,8,4,7,2,2,4,4,8,7,6,9,5,4,7,9,0.6168
9,5,6,7,8,5,10,7,7,7,5,5,7,5,6,6,4,4,6,3,0.7024
6,5,3,3,5,9,7,4,7,5,11,2,8,7,5,5,2,3,4,8,0.6254
8,2,2,8,4,3,7,2,10,1,4,12,4,9,3,6,8,7,7,6,0.6657
4,4,3,9,8,4,6,6,9,8,7,5,9,8,7,5,2,4,4,8,0.6911
5,5,7,7,5,4,8,4,8,7,7,6,3,6,5,3,6,8,5,6,0.6726
7,2,4,6,6,4,7,5,6,9,9,4,4,3,9,7,4,3,7,10,0.6561
9,5,7,9,4,6,12,3,6,6,3,7,7,2,8,6,7,5,7,6,0.6871
6,7,8,7,3,5,5,2,6,7,7,3,6,3,6,11,3,6,6,4,0.6189
2,3,5,2,7,5,9,8,7,7,8,5,2,9,4,9,5,3,3,4,0.587
5,11,7,7,4,6,10,9,10,10,4,4,7,6,9,6,6,4,7,4,0.7519
7,7,8,5,7,6,4,5,7,5,6,5,4,7,5,6,8,5,6,4,0.705
5,3,6,3,5,11,6,4,8,8,3,7,9,1,10,6,6,9,8,6,0.6646
4,3,5,4,6,5,2,5,4,5,6,8,11,6,5,7,8,5,7,1,0.6074
12,6,3,7,6,3,6,5,3,9,10,6,8,4,8,12,11,6,3,6,0.8046
10,5,7,3,6,5,6,4,4,8,6,10,6,4,10,6,5,4,5,7,0.6836
7,4,7,5,6,12,3,9,9,8,8,7,2,7,3,7,4,5,6,4,0.7385
8,10,5,7,7,2,5,6,6,4,3,10,5,9,6,5,2,1,7,7,0.6866
2,13,5,4,10,6,3,6,7,8,7,8,5,3,3,4,7,2,14,8,0.6913
7,6,10,12,7,1,5,9,6,6,3,6,7,1,8,7,10,7,2,7,0.7167
2,7,7,6,9,7,7,3,3,8,4,9,8,6,3,4,1,8,5,7,0.6359
3,8,8,6,4,5,11,5,3,7,8,7,9,7,8,10,4,9,4,5,0.6848
13,5,5,12,8,10,6,7,3,3,6,9,9,4,6,5,10,5,6,8,0.8481
5,4,9,8,8,7,2,4,9,6,8,6,10,4,3,1,7,6,6,9,0.7073
1,3,3,7,6,8,2,7,6,4,9,6,6,11,3,7,3,7,7,5,0.6401
6,12,9,3,6,5,10,6,3,7,5,5,8,6,2,7,5,5,7,5,0.6598
6,4,5,8,9,5,3,8,6,10,5,5,8,2,7,6,5,4,8,9,0.7484
5,3,6,7,2,3,11,6,3,4,8,7,5,5,2,10,8,7,3,6,0.6022
8,4,5,7,7,5,4,2,6,8,3,3,5,9,3,7,8,9,2,5,0.7144
4,6,9,5,7,7,5,7,5,4,8,4,4,8,8,6,6,7,3,10,0.7195
9,7,9,9,9,5,4,5,5,8,5,5,8,9,8,6,3,6,7,3,0.8422
10,5,4,6,7,8,6,7,4,6,7,3,5,7,6,6,8,6,6,5,0.7517
6,6,4,7,6,5,7,8,2,7,4,9,5,7,4,3,1,1,7,4,0.6027
5,7,2,4,9,9,8,4,4,5,5,3,6,7,8,5,6,4,9,7,0.6834
8,7,8,6,8,4,2,6,4,4,5,7,10,6,2,1,7,3,5,13,0.6984
8,8,7,5,6,3,7,6,5,8,1,8,5,7,3,7,5,6,3,9,0.6649
7,7,3,6,5,8,4,8,6,6,6,3,2,9,7,5,3,3,6,4,0.6823
5,9,4,7,5,4,3,3,4,7,6,5,6,8,5,5,5,4,5,5,0.639
6,4,5,3,4,4,7,9,12,7,9,6,8,5,2,5,7,3,4,4,0.657
5,8,5,3,9,4,4,6,2,6,3,4,7,10,4,7,8,4,3,12,0.679
6,5,9,2,5,9,10,7,7,5,5,7,2,3,3,5,6,4,5,5,0.6068
3,5,4,7,6,4,4,5,1,6,0,10,8,9,12,5,4,6,8,2,0.6251
4,8,7,7,2,3,10,6,11,7,9,5,3,8,5,7,6,5,6,3,0.6623
8,10,5,3,5,9,8,4,6,7,8,4,6,5,7,3,4,7,7,3,0.6713
3,9,5,12,6,2,8,5,5,3,4,6,6,6,6,8,6,7,10,6,0.6934
2,7,3,5,8,7,7,5,5,3,8,3,7,8,4,4,8,5,10,7,0.6482
4,9,4,6,6,4,11,4,4,4,6,7,7,8,6,6,6,7,2,6,0.6491
5,6,2,4,5,7,5,8,5,9,4,5,6,7,6,7,4,6,6,8,0.6768
8,6,10,3,14,7,3,5,9,10,4,7,9,4,4,5,6,8,2,8,0.7958
6,6,6,8,5,5,10,9,9,3,8,8,9,5,5,7,7,5,2,4,0.6812
4,9,0,4,8,2,4,7,6,6,7,4,7,9,9,6,11,8,4,8,0.7116
13,6,4,3,4,5,8,10,7,9,11,5,5,7,1,5,5,5,4,13,0.7559
9,4,6,7,7,6,9,8,9,8,7,5,4,8,8,4,3,4,3,3,0.7167
8,6,5,6,4,9,6,6,3,7,10,8,5,3,7,3,4,5,5,6,0.6613
7,5,2,7,3,6,5,7,7,7,6,5,5,8,7,8,7,6,6,6,0.6856
4,8,6,3,1,5,5,2,4,6,9,11,12,7,0,8,10,11,4,5,0.668
7,1,6,7,4,8,3,6,5,3,8,10,6,5,6,6,7,9,5,9,0.7018
7,7,5,10,6,7,5,6,7,4,5,7,5,3,3,6,6,7,5,7,0.6913
5,8,2,6,9,7,6,3,4,4,10,7,10,6,2,6,3,5,1,9,0.6366
6,7,5,7,4,4,5,7,8,9,8,2,4,2,5,8,7,6,5,6,0.623
9,8,4,6,13,5,9,7,7,7,4,9,10,5,3,8,8,7,6,6,0.8223
6,3,9,7,9,7,9,11,4,2,8,8,5,8,11,7,9,4,12,5,0.7821
8,6,4,6,8,4,3,5,7,9,6,5,6,3,5,6,9,3,10,3,0.7141
5,7,4,5,8,6,3,7,5,8,7,6,7,7,7,9,1,6,7,10,0.7011
3,6,5,8,5,4,5,6,3,7,5,5,7,4,8,5,4,8,8,5,0.609
8,4,7,5,6,7,4,9,7,6,9,2,3,5,3,4,10,6,7,6,0.704
1,4,10,4,6,5,4,16,9,6,5,10,7,8,6,9,3,6,6,5,0.6867
5,5,6,4,5,8,3,5,8,6,5,6,6,5,4,3,9,6,3,11,0.6734
8,2,4,5,4,3,8,7,5,3,4,7,4,3,8,4,8,3,8,4,0.5877
7,4,5,13,7,8,6,4,9,4,6,8,8,12,8,8,6,3,7,4,0.8336
7,8,5,6,5,6,7,10,9,7,5,3,8,11,8,5,8,6,8,4,0.7894
6,6,11,5,3,7,8,5,9,6,8,1,13,7,6,7,13,2,5,9,0.7226
7,6,7,7,5,6,5,5,4,4,9,7,4,5,10,13,7,7,9,5,0.7308
6,5,2,6,6,6,9,7,3,7,5,7,9,5,8,9,2,6,7,4,0.6931
7,6,10,6,9,7,7,7,4,5,10,6,5,6,2,3,6,3,7,6,0.7248
5,5,7,6,6,4,8,13,8,4,6,6,6,3,6,3,5,6,5,7,0.6603
10,3,8,12,6,5,4,6,6,6,6,5,2,7,7,5,6,8,8,6,0.8191
5,6,5,8,8,7,6,2,4,4,10,2,5,9,7,4,3,7,5,7,0.6927
5,8,6,6,8,9,5,0,6,6,1,6,6,6,6,1,8,8,2,3,0.6045
3,4,6,3,6,4,7,3,4,7,2,9,8,5,5,13,6,7,5,9,0.6101
4,3,3,3,10,6,4,6,5,6,7,8,6,2,6,7,10,6,2,5,0.6163
7,6,7,7,7,5,7,5,3,6,11,8,2,2,4,5,5,5,4,7,0.6539
6,8,9,4,3,5,7,3,5,6,6,8,10,4,9,8,9,9,3,7,0.6988
6,5,11,0,3,6,6,7,5,5,8,3,2,7,8,7,5,7,5,3,0.5996
4,8,6,5,6,5,7,2,5,6,5,10,6,8,5,8,2,2,5,3,0.6057
6,8,9,4,4,2,4,5,8,5,5,6,6,5,8,7,5,5,8,8,0.6579
3,8,4,6,7,3,9,9,6,5,7,4,4,5,5,4,13,6,1,5,0.6329
8,9,2,7,14,7,7,9,6,2,6,7,11,7,5,5,6,6,6,7,0.8065
7,8,3,4,6,4,4,8,4,6,10,1,4,11,5,3,2,3,4,6,0.6584
10,10,3,8,6,9,10,9,10,8,5,10,8,9,6,10,10,3,7,8,0.8597
6,6,4,7,2,2,6,6,9,3,4,4,7,4,5,6,6,7,5,14,0.6317
7,5,4,2,3,9,5,6,7,6,5,2,10,6,5,6,2,8,4,11,0.6098
4,5,5,4,7,6,5,11,5,4,6,6,3,8,7,9,4,4,12,3,0.6689
7,7,5,4,12,6,7,4,10,4,5,7,4,5,6,4,5,7,6,5,0.6727
2,7,9,5,3,5,1,6,3,6,7,5,5,8,8,10,3,9,9,4,0.6298
6,6,7,8,5,6,2,8,6,8,3,7,6,4,5,5,8,10,5,3,0.6806
4,5,4,5,4,7,6,4,11,10,5,7,6,12,6,5,4,6,7,7,0.6809
9,7,8,5,4,6,5,4,3,8,6,4,4,6,10,6,4,3,7,4,0.6406
6,7,5,4,6,10,8,3,6,10,8,6,9,6,5,7,6,6,6,9,0.7096
7,6,6,4,7,8,5,5,10,9,6,2,2,8,4,10,11,6,2,11,0.7487
10,4,7,6,2,9,3,8,7,7,7,7,4,6,6,6,10,7,6,6,0.7296
8,7,5,8,5,6,7,6,2,6,4,8,8,6,10,1,7,4,5,6,0.7036
6,2,9,4,5,11,8,10,4,4,5,6,5,3,6,6,5,5,4,5,0.6374
9,3,8,6,6,5,6,7,10,8,5,7,6,3,7,2,7,6,6,6,0.6946
3,4,7,4,7,4,6,7,6,5,5,4,6,6,5,4,2,4,10,8,0.6149
5,4,8,7,6,7,6,4,6,7,8,5,6,7,1,4,5,6,8,4,0.6469
3,7,5,4,5,6,4,5,2,8,2,7,9,7,9,7,5,6,6,13,0.6481
13,8,9,6,5,6,7,4,6,4,8,4,2,9,5,2,5,3,9,10,0.7567
5,6,8,3,6,6,5,5,4,5,6,6,5,4,6,7,3,8,8,7,0.6506
3,3,13,4,7,7,8,6,6,8,3,5,6,9,4,5,7,7,9,6,0.7017
6,10,6,9,7,3,6,4,4,6,9,7,3,4,12,3,6,10,5,9,0.7402
9,8,12,8,6,8,7,7,5,5,10,5,6,7,8,5,4,7,6,7,0.7962
4,7,8,4,6,3,6,16,10,1,5,5,7,5,8,4,8,8,6,4,0.681
5,5,3,3,5,7,7,6,8,4,5,11,5,6,3,9,6,2,3,6,0.5911
4,6,8,10,7,8,9,6,0,8,8,4,4,7,8,8,4,6,3,10,0.7282
2,4,5,2,3,5,7,4,4,7,10,4,4,6,6,9,8,6,7,8,0.6028
6,6,6,5,5,8,6,6,3,6,2,5,3,6,6,2,11,9,6,5,0.6314
5,6,5,6,12,9,1,5,6,5,10,10,8,6,4,4,4,7,1,7,0.7134
7,2,7,5,1,4,6,3,5,5,9,6,7,8,9,9,6,1,3,4,0.6195
9,3,6,6,4,9,6,6,5,4,8,4,4,6,3,3,7,5,5,3,0.633
6,8,5,9,4,8,6,9,6,8,8,7,9,6,3,7,8,6,5,3,0.7235
8,6,6,3,6,5,9,6,2,6,6,6,4,6,6,5,10,6,5,5,0.6625
8,7,2,6,4,7,11,7,6,6,6,4,4,7,4,6,5,5,7,5,0.6357
8,9,4,4,6,5,5,5,4,5,7,3,5,6,5,8,7,4,7,6,0.6607
6,4,3,5,4,2,5,4,5,8,8,2,6,10,5,8,9,5,5,8,0.6587
11,4,7,5,13,6,8,5,10,4,3,7,6,8,10,8,11,4,6,6,0.8211
6,6,10,8,8,4,3,6,6,8,4,7,2,5,5,4,5,4,2,5,0.6343
7,8,8,5,8,5,6,5,10,5,5,7,7,7,8,8,7,9,7,9,0.7737
9,4,10,4,6,4,4,11,1,10,4,2,1,9,5,3,4,1,7,7,0.6828
5,6,5,5,5,7,4,6,6,5,7,3,5,4,6,7,9,2,8,8,0.6415
6,10,4,9,7,10,4,5,10,5,7,7,7,5,6,7,6,4,10,9,0.777
3,7,11,12,4,6,4,6,8,7,10,2,8,4,7,8,2,8,3,6,0.6847
7,11,6,4,11,9,5,4,5,7,5,3,5,9,8,7,4,6,4,8,0.7748
6,5,5,4,6,4,7,6,9,5,6,7,3,1,6,11,5,3,6,5,0.6049
4,4,5,5,5,5,6,10,5,4,4,7,4,7,8,5,5,8,5,4,0.6391
3,3,9,5,5,7,10,5,13,3,6,7,3,6,5,6,7,5,5,3,0.6117
6,5,4,7,8,6,8,3,7,6,9,7,9,5,4,6,1,7,6,9,0.7204
5,7,8,6,4,2,5,5,4,2,5,5,5,7,7,4,6,8,7,5,0.6205
4,5,6,6,8,4,8,3,4,4,3,4,1,6,6,6,9,7,4,7,0.6346
5,6,6,4,8,4,11,9,5,5,6,3,6,5,2,8,8,7,1,8,0.6629
8,3,5,4,6,3,2,5,5,5,7,6,5,6,3,4,12,5,5,7,0.656
10,11,8,6,7,5,5,7,8,7,3,9,4,7,3,8,3,4,3,2,0.7153
7,4,6,10,11,3,8,4,9,5,6,10,6,7,7,8,11,5,5,4,0.7466
6,4,3,3,9,7,8,3,3,8,7,11,6,5,10,4,3,3,9,5,0.6357
4,6,6,5,4,5,5,10,6,5,5,4,4,4,5,7,5,6,4,5,0.5908
2,7,5,9,4,3,5,3,7,3,6,3,6,4,6,4,5,5,5,4,0.5393
8,4,5,11,8,6,3,5,7,3,5,6,8,5,7,9,6,2,3,2,0.7124
5,7,4,6,7,9,11,9,10,8,7,8,6,5,2,6,9,7,7,5,0.7319
6,9,5,4,5,4,7,9,5,7,6,7,9,9,7,4,10,6,9,9,0.764
9,7,8,6,5,9,7,9,4,4,6,10,4,7,6,4,4,7,5,8,0.76
10,2,5,6,9,8,6,6,2,8,6,6,7,6,9,6,3,5,4,5,0.7248
5,8,2,9,7,9,5,7,7,2,3,10,8,2,4,8,6,10,5,5,0.6764
4,5,8,7,6,5,14,7,5,5,8,5,8,8,8,3,4,4,2,4,0.6491
7,5,5,5,2,5,5,6,6,3,9,5,8,5,8,2,2,2,7,5,0.6082
10,4,4,7,7,3,4,5,6,5,8,7,5,8,7,7,6,3,4,7,0.7546
3,6,7,5,6,4,1,3,6,6,7,5,9,5,6,9,6,2,8,10,0.6343
6,3,8,6,4,9,6,4,5,5,2,7,8,5,10,7,3,2,5,6,0.6082
10,9,8,5,7,7,7,6,6,6,5,11,6,9,10,6,6,5,1,8,0.7805
4,3,12,3,4,5,6,6,10,9,6,10,6,4,2,3,8,5,5,9,0.6559
3,7,10,5,6,3,3,5,7,5,7,6,4,4,4,4,4,5,4,6,0.5728
3,7,5,4,5,8,7,3,4,3,6,7,10,7,10,5,3,8,6,8,0.634
9,3,5,3,1,7,10,5,4,9,8,9,3,5,7,5,5,6,2,7,0.6405
3,5,7,6,3,9,7,8,6,4,4,4,7,9,6,4,3,6,7,5,0.6299
6,9,3,1,4,8,6,6,8,4,6,4,6,7,6,6,4,6,5,5,0.6062
5,5,5,8,6,3,6,7,6,5,9,8,4,3,7,4,8,6,3,6,0.6453
4,5,8,12,1,6,9,5,4,4,6,8,4,3,10,8,8,4,8,3,0.6341
5,5,4,4,1,7,10,4,6,6,4,2,9,3,12,6,6,9,10,1,0.6009
7,3,6,7,5,1,5,5,8,7,8,6,8,3,4,7,5,6,5,9,0.6245
7,7,5,10,6,7,9,5,6,5,5,6,4,4,6,9,5,6,3,9,0.7206
5,9,6,7,7,3,8,3,5,6,6,6,5,8,11,10,7,6,6,7,0.745
2,3,5,5,3,5,3,8,3,11,9,10,11,7,8,5,6,1,9,7,0.6317
4,5,4,5,5,3,4,6,3,8,5,6,6,3,5,6,7,6,7,12,0.6237
8,6,5,9,5,6,2,6,10,6,7,3,2,6,4,4,3,7,3,3,0.6545
6,10,3,7,10,6,3,6,6,6,5,2,10,9,5,8,7,4,8,4,0.7705
8,4,3,4,2,8,2,6,5,7,10,9,4,7,1,6,7,7,4,6,0.6377
4,7,8,8,10,4,8,5,7,6,11,7,7,8,12,4,4,7,2,9,0.7551
9,6,9,6,4,8,5,6,7,5,9,9,9,8,8,3,4,5,6,9,0.7564
3,7,7,4,9,8,7,9,4,5,3,7,4,9,7,5,4,4,6,6,0.6539
8,5,8,5,8,7,5,9,5,7,11,5,7,4,4,5,9,6,7,3,0.7528
9,10,4,8,8,5,1,0,4,4,5,5,9,7,8,7,7,5,5,8,0.74
5,10,7,5,3,9,1,5,10,1,11,5,6,6,2,10,7,3,4,6,0.6483
6,3,7,3,5,6,6,3,8,8,9,5,3,5,10,6,4,2,4,5,0.5998
7,4,8,2,9,9,4,6,5,2,4,9,7,10,5,3,7,10,10,3,0.6968
4,2,8,7,5,12,8,6,6,1,2,9,8,6,3,12,2,5,6,8,0.6728
7,1,6,7,6,3,7,2,8,9,10,7,3,3,7,4,7,6,6,6,0.6834
3,5,4,8,5,2,4,3,7,8,9,6,10,11,6,5,6,4,5,4,0.6631
7,5,6,3,8,6,7,9,4,5,7,8,6,4,5,4,11,8,5,6,0.679
6,5,10,6,7,9,4,6,3,4,5,3,6,6,5,7,5,6,7,7,0.7205
4,8,5,5,3,7,10,5,6,5,6,11,6,7,11,3,7,6,7,1,0.6352
4,5,3,5,8,3,5,8,7,2,7,6,10,10,4,4,6,5,5,9,0.6754
9,8,9,11,4,10,8,11,9,6,1,7,2,4,6,7,13,9,6,8,0.7972
7,2,10,5,5,5,8,4,12,6,4,8,12,4,8,8,7,4,5,8,0.7378
2,6,5,7,7,7,6,7,8,8,5,7,8,7,7,3,6,6,7,8,0.7041
4,8,6,3,8,4,5,6,3,6,7,7,9,4,9,10,6,6,6,4,0.6677
7,7,8,6,6,6,6,2,7,7,7,9,2,9,3,6,6,4,5,4,0.6885
7,7,4,5,7,2,5,2,4,2,5,8,10,3,9,12,9,1,2,8,0.6715
2,6,7,5,6,4,9,4,5,4,11,2,5,9,5,5,6,7,7,7,0.6423
3,3,3,7,3,8,10,6,7,5,3,6,8,4,13,4,7,4,3,7,0.6096
8,2,5,4,3,5,9,5,10,7,7,5,6,2,6,5,5,5,2,4,0.5705
8,4,5,6,7,10,5,3,5,7,8,4,11,2,5,4,12,4,4,7,0.7006
10,7,7,7,4,8,6,5,7,3,11,3,5,2,5,7,3,3,8,7,0.6683
5,4,7,4,5,6,8,3,4,6,7,5,4,4,9,5,11,9,7,6,0.6374
1,4,7,5,7,11,12,5,9,7,4,3,4,6,4,1,4,6,9,7,0.6054
8,7,4,6,5,7,5,4,7,5,7,5,6,9,8,6,5,6,7,6,0.7099
3,7,3,7,5,7,5,9,6,11,9,4,4,5,1,8,9,4,7,3,0.6499
6,5,9,4,9,6,4,7,3,6,4,4,6,8,10,4,8,6,7,5,0.6947
11,2,5,7,6,12,11,2,9,1,9,14,6,7,3,3,6,6,8,5,0.7163
6,9,4,6,8,11,3,8,5,6,5,9,9,7,6,11,6,7,7,7,0.7736
4,1,7,4,7,3,6,7,9,5,4,9,5,5,10,1,4,6,5,6,0.6084
5,4,9,7,8,8,9,7,2,9,7,7,5,4,2,6,10,7,5,7,0.695
3,7,8,2,5,6,7,7,3,5,6,8,5,9,5,11,4,4,5,4,0.6096
6,3,12,11,5,9,7,6,7,12,4,5,7,4,14,2,7,5,8,4,0.7866
7,6,6,6,5,9,5,4,6,7,8,2,5,4,8,13,9,5,9,6,0.7361
7,4,7,6,2,6,3,5,3,3,4,3,11,7,8,7,7,10,5,6,0.6516
4,6,12,5,8,1,7,5,5,1,6,6,1,6,8,5,5,7,7,3,0.6067
5,5,5,7,4,5,9,5,4,9,5,7,5,3,5,8,3,3,9,1,0.577
7,8,6,8,8,3,7,6,6,5,8,5,7,7,13,7,8,6,6,3,0.7645
7,5,5,1,11,5,5,5,4,5,9,5,6,4,3,11,9,3,2,5,0.6738
6,13,3,7,6,4,9,5,7,12,7,7,4,7,7,6,7,13,2,2,0.7537
9,9,5,8,6,7,6,10,8,4,5,10,4,6,11,8,4,6,5,6,0.7989
4,2,6,9,7,5,5,4,5,2,4,5,6,6,5,3,5,8,6,4,0.6133
2,1,5,6,7,6,3,5,8,4,7,8,8,5,3,4,8,9,10,5,0.6364
4,4,6,7,8,8,6,5,7,4,7,3,3,4,7,4,10,4,6,5,0.6437
8,10,6,3,9,11,8,6,5,7,3,7,8,3,7,2,4,6,5,6,0.7072
3,11,8,11,8,7,3,4,5,5,8,7,6,7,5,5,4,10,7,7,0.7401
5,4,9,4,9,11,3,6,2,8,4,7,7,6,9,7,6,6,6,10,0.7249
3,9,5,4,7,8,7,8,8,2,4,6,3,7,12,8,6,9,5,5,0.6767
8,9,3,8,5,5,7,8,6,3,5,4,4,5,8,7,3,5,4,6,0.6743
3,7,5,7,5,6,3,3,9,5,3,6,7,5,5,8,12,6,5,6,0.6483
9,12,5,7,3,10,4,2,4,3,5,9,8,6,7,8,3,5,5,6,0.7322
6,8,6,4,4,8,8,5,3,6,5,5,8,10,3,5,8,8,7,10,0.7375
6,8,5,4,7,5,6,8,8,7,5,4,5,4,6,5,9,8,10,5,0.7053
10,7,7,4,3,6,6,3,3,6,5,6,9,2,3,6,7,7,7,2,0.6414
8,6,7,5,7,4,8,4,7,6,4,5,7,10,1,3,6,3,8,5,0.6809
4,7,5,6,5,6,6,6,4,8,9,6,4,3,4,6,4,2,12,7,0.6129
5,3,3,4,4,9,9,4,8,7,7,8,5,2,4,6,3,4,4,3,0.5483
12,9,2,4,7,6,5,12,7,7,1,3,5,6,5,8,9,6,6,4,0.7657
6,5,8,6,10,3,6,5,5,4,6,7,6,8,4,5,6,8,8,5,0.703
3,8,6,5,10,4,2,5,6,7,7,5,7,2,4,7,4,9,6,2,0.6424
2,8,8,8,4,3,3,6,5,8,8,4,3,6,3,9,10,7,3,4,0.6193
9,10,2,6,8,7,4,3,5,7,5,5,13,5,6,5,3,5,4,6,0.7076
5,7,5,3,7,8,10,4,5,7,3,11,9,12,6,5,2,6,7,4,0.6569
7,5,5,2,6,2,6,3,8,6,5,6,5,9,9,5,7,3,8,7,0.6494
6,3,10,10,7,3,6,5,8,8,6,2,4,6,4,5,7,5,13,4,0.7337
2,5,9,5,5,7,3,6,7,11,5,8,4,10,4,5,9,13,7,8,0.7235
6,6,6,6,5,6,7,4,4,3,7,4,8,4,7,7,4,4,6,2,0.6061
10,7,6,6,3,7,4,6,8,5,5,6,7,7,5,3,5,5,7,7,0.7078
10,3,2,2,5,9,8,3,6,6,6,5,4,6,5,6,4,8,3,10,0.6466
8,11,3,4,5,5,9,3,7,9,2,5,7,3,7,6,4,7,4,7,0.6191
3,7,5,1,5,10,8,5,8,10,6,6,11,7,6,6,3,5,8,4,0.6401
8,8,10,6,6,2,7,5,4,3,11,3,3,5,12,5,7,5,9,6,0.7432
9,6,3,9,6,2,4,4,1,8,5,7,3,3,6,11,10,11,5,7,0.7259
5,8,6,11,8,6,5,5,5,2,6,7,3,5,4,7,8,6,8,10,0.7116
8,9,6,13,1,12,5,3,6,8,8,7,7,6,7,4,8,5,5,3,0.7817
9,10,11,5,8,8,6,5,5,7,3,6,5,5,6,4,6,4,8,5,0.7269
8,7,5,4,4,6,7,9,3,5,8,4,7,7,6,4,6,2,7,6,0.6887
6,7,4,5,4,3,7,3,3,5,4,4,7,4,5,5,8,4,4,5,0.5573
3,10,5,6,7,7,9,6,5,4,8,2,8,5,5,4,6,9,8,10,0.6932
8,5,5,6,7,9,4,10,5,5,6,5,7,5,8,11,0,7,3,6,0.7173
6,8,8,2,4,10,16,6,2,5,1,8,3,10,3,5,2,7,3,5,0.6004
4,6,7,1,6,4,3,4,3,7,7,5,2,5,5,10,8,6,9,7,0.6083
10,6,4,3,7,4,5,2,8,7,5,2,11,5,5,6,6,6,5,6,0.702
0,3,9,9,10,13,10,9,4,8,7,9,5,1,5,3,8,6,4,8,0.6704
8,6,6,3,6,8,9,4,2,9,4,7,7,7,4,6,8,4,10,4,0.6804
2,5,4,6,6,4,2,9,5,4,8,7,6,9,8,8,6,6,7,7,0.6938
4,7,5,7,6,4,4,6,2,2,3,5,6,3,5,9,5,8,7,6,0.6211
4,4,2,12,6,9,5,8,2,7,3,10,12,6,3,7,10,5,5,7,0.7199
9,8,2,5,3,8,4,9,8,5,6,6,5,9,4,8,9,4,11,7,0.7643
6,4,5,7,4,6,10,6,7,6,6,7,5,4,8,8,7,5,6,7,0.6686
6,2,10,6,4,5,4,4,7,5,4,9,10,1,8,5,3,7,4,10,0.6636
9,2,8,6,8,6,5,8,5,7,7,1,4,7,4,14,7,5,6,4,0.7682
5,5,4,8,5,8,1,3,3,7,3,7,1,4,9,5,6,5,9,8,0.6152
8,2,9,7,7,6,5,7,6,5,5,3,6,6,5,7,10,2,7,11,0.7737
9,6,8,6,5,3,3,5,5,4,3,7,8,4,5,3,3,4,3,6,0.6421
2,9,4,9,5,6,4,6,4,8,4,10,5,2,6,5,4,7,6,5,0.6041
7,5,6,6,9,7,10,5,6,4,1,4,5,9,9,10,4,6,5,6,0.7053
3,3,4,6,6,6,4,10,6,6,5,8,3,4,5,7,6,3,6,2,0.587
7,1,5,5,2,6,3,7,9,3,6,2,5,7,4,8,3,2,7,7,0.5811
5,11,3,3,7,5,2,10,8,2,8,7,7,6,7,7,4,6,7,3,0.6869
9,7,2,9,7,9,5,6,7,5,3,4,9,9,8,6,3,6,5,5,0.7667
3,9,9,4,5,7,4,5,9,4,2,4,5,3,6,12,8,7,8,5,0.6524
7,6,6,7,4,7,5,5,6,7,5,7,4,5,8,3,4,7,8,9,0.694
4,4,7,6,6,5,5,3,3,7,2,5,6,5,4,6,5,10,4,5,0.6197
3,9,8,9,7,2,5,6,2,6,8,8,7,5,5,3,6,3,1,5,0.5936
3,7,11,3,10,5,2,6,8,7,9,7,6,10,4,4,6,6,9,4,0.7077
2,4,1,3,5,3,7,5,5,7,3,2,9,4,2,4,5,4,9,6,0.5167
9,7,9,4,4,6,9,4,8,14,6,2,6,12,7,9,12,7,5,1,0.7901
12,7,6,5,3,6,6,0,4,7,7,7,8,3,7,2,3,6,5,4,0.643
9,7,5,7,6,5,4,5,2,4,7,4,4,2,6,4,8,11,8,7,0.6807
7,4,11,6,2,8,2,5,7,12,7,6,6,5,6,6,6,10,4,7,0.734
4,4,6,7,4,5,5,10,8,10,7,7,2,7,4,8,5,7,7,6,0.6769
5,2,11,7,7,3,8,5,7,13,7,5,7,6,4,7,5,4,2,4,0.6847
6,4,4,9,7,6,8,8,5,5,10,3,4,12,3,7,5,5,8,2,0.731
4,2,8,7,6,5,3,3,5,6,5,4,5,5,7,6,6,5,7,3,0.5962
8,3,3,6,7,7,5,4,3,4,5,7,1,3,7,7,3,2,3,3,0.5826
5,7,9,6,5,9,6,5,10,6,5,7,3,10,3,9,6,9,11,9,0.7824
5,6,6,5,7,4,4,7,6,2,5,7,4,9,6,7,6,7,3,10,0.6506
6,2,5,6,5,6,4,4,9,7,4,2,8,5,4,3,6,6,7,3,0.591
7,2,6,2,6,7,5,6,4,7,3,6,7,4,5,3,10,5,5,2,0.6132
7,5,7,9,4,4,1,8,9,6,6,4,7,7,6,3,2,6,3,4,0.6692
3,4,7,9,3,6,7,9,6,4,5,9,1,12,5,2,3,8,10,7,0.6942
4,8,4,4,7,4,3,5,4,4,6,6,5,4,6,4,5,10,5,5,0.5998
11,3,4,11,9,5,4,3,5,7,5,5,12,7,7,7,5,8,4,3,0.8233
7,6,5,3,7,8,10,6,2,4,5,4,6,7,7,7,8,7,3,4,0.6643
5,3,4,7,7,7,4,2,7,5,6,2,7,10,4,3,6,7,5,5,0.6698
6,6,6,11,8,8,4,5,8,5,6,5,4,5,7,3,5,5,5,6,0.6895
2,4,2,6,8,9,7,5,8,7,10,5,4,2,5,6,8,4,3,5,0.6296
2,5,4,4,9,4,11,5,9,6,6,4,16,10,7,8,4,10,5,4,0.7372
4,5,5,6,5,9,4,7,11,7,12,5,3,4,10,3,5,5,7,7,0.6751
7,9,4,6,5,9,7,4,6,7,11,6,3,7,3,4,4,8,4,6,0.6691
6,4,5,6,9,5,5,7,3,1,5,3,2,7,2,7,6,8,2,8,0.6481
2,5,2,6,7,8,4,6,5,3,6,2,6,6,8,7,3,7,5,3,0.5852
5,7,2,8,9,3,2,5,3,4,6,5,5,5,5,8,8,6,10,9,0.6828
3,5,11,6,14,3,3,9,3,11,4,7,9,6,6,3,2,7,5,7,0.6803
6,5,5,8,4,5,10,4,4,6,6,6,6,5,5,7,12,8,11,4,0.6924
3,6,5,8,8,7,3,5,8,10,8,10,8,9,4,6,8,7,7,6,0.7364
6,7,7,8,5,5,2,2,7,7,4,6,6,6,4,7,9,4,4,2,0.67
9,6,5,8,4,5,5,8,6,7,7,5,3,7,6,6,5,3,6,8,0.6958
3,8,7,6,10,12,7,8,4,3,9,12,6,8,9,3,7,6,7,10,0.7626
7,8,7,8,5,4,3,7,6,9,7,6,7,8,8,2,9,6,5,3,0.7384
4,5,2,8,10,11,11,7,5,4,9,7,8,9,8,4,3,5,10,2,0.7147
10,5,2,4,6,6,4,5,5,3,10,8,3,4,8,4,10,4,2,6,0.6915
5,5,10,5,8,1,9,6,2,8,3,4,9,9,7,5,2,3,3,5,0.6285
1,2,5,5,3,6,10,4,4,5,4,6,5,8,6,3,5,8,4,4,0.5396
5,4,5,6,1,5,3,5,8,5,4,4,3,4,8,7,4,5,10,0,0.5523
6,5,6,10,5,6,4,8,12,2,8,5,4,2,5,8,4,8,4,1,0.6263
7,2,2,0,4,6,6,4,9,6,9,5,4,8,8,9,8,3,2,5,0.6182
3,4,6,6,4,2,8,8,5,8,3,6,5,4,9,3,9,6,4,4,0.5657
5,6,6,6,7,4,8,3,8,5,3,3,3,5,5,8,10,4,8,10,0.6617
7,7,8,6,4,5,11,11,7,6,4,4,3,4,4,6,11,2,9,7,0.6859
5,9,3,3,7,7,3,10,4,4,7,2,4,6,6,4,6,7,3,4,0.6237
4,7,6,6,3,3,4,6,8,4,9,6,2,11,5,3,5,5,7,4,0.5972
4,8,9,6,3,7,6,4,6,9,8,1,6,8,7,9,1,8,5,7,0.6752
8,5,2,7,9,2,5,9,5,2,9,3,5,8,4,7,3,7,5,9,0.7094
11,11,6,5,3,4,6,1,7,5,4,10,6,7,4,7,2,5,9,8,0.7161
4,8,7,7,5,9,8,5,3,6,6,5,6,4,6,3,4,5,10,3,0.6199
6,9,7,5,8,5,8,4,5,6,5,4,3,4,5,7,6,4,1,7,0.6489
6,6,7,6,6,4,7,8,5,12,3,4,7,4,5,4,11,11,5,5,0.7012
5,4,7,3,6,8,6,1,13,6,8,4,4,8,3,3,7,7,2,5,0.6259
2,5,6,4,6,4,7,6,2,7,7,7,6,6,5,4,9,9,3,4,0.5981
4,13,8,3,5,9,13,6,7,7,7,7,5,9,5,4,5,4,2,5,0.6729
5,10,6,6,6,6,8,3,6,6,7,8,6,8,5,4,4,7,4,4,0.6789
7,8,6,7,5,3,9,8,2,7,5,3,8,4,5,3,5,10,12,6,0.6834
9,6,3,7,8,4,4,6,6,4,8,8,5,6,6,6,5,7,6,7,0.7149
6,4,8,8,6,4,2,3,8,10,6,11,7,7,6,8,8,7,6,7,0.7477
9,2,4,5,5,3,3,8,6,6,2,6,7,9,7,9,3,3,3,5,0.6871
6,6,3,4,5,4,7,4,4,5,3,7,8,5,7,3,10,2,6,5,0.5809
6,6,7,7,6,4,6,5,5,3,6,6,4,4,9,4,4,1,5,6,0.5912
6,7,6,4,3,3,5,5,8,3,7,5,7,10,4,5,7,6,8,9,0.6797
11,6,7,2,13,5,6,4,4,7,7,4,4,5,3,4,8,3,3,5,0.7246
3,10,9,2,5,9,8,2,5,5,8,4,2,6,3,9,8,3,1,8,0.6183
11,10,3,3,9,8,6,2,6,6,6,5,10,5,9,3,7,5,10,5,0.7853
7,5,6,3,2,2,8,4,8,4,2,3,8,10,3,8,6,10,7,4,0.6018
4,5,7,9,3,5,11,3,8,6,1,6,6,5,3,5,5,5,11,5,0.6074
11,10,5,4,6,3,11,6,9,7,7,11,7,7,8,7,10,4,7,5,0.7682
4,3,3,5,6,2,8,3,3,6,8,8,7,3,4,6,6,6,5,5,0.5451
6,5,3,7,8,4,6,5,7,4,11,3,8,6,9,8,1,2,6,8,0.6925
7,6,3,6,7,3,7,4,3,7,8,7,6,8,12,7,5,7,7,4,0.7301
5,3,6,9,4,8,5,7,7,9,3,6,7,5,4,5,7,6,7,7,0.6497
3,6,7,5,9,11,4,4,8,8,3,6,6,8,5,6,6,5,7,10,0.695
6,6,7,12,4,3,5,10,2,5,5,5,7,10,7,7,8,6,6,5,0.7767
5,8,8,6,6,5,4,3,5,6,9,4,2,2,6,6,5,7,8,7,0.6486
3,5,4,6,7,3,3,4,4,6,8,6,7,4,6,9,4,5,6,11,0.6081
7,4,5,2,7,9,5,5,3,5,7,5,7,8,9,5,5,7,1,4,0.6634
8,4,9,5,7,4,8,8,4,6,5,6,4,9,8,5,4,6,3,7,0.6923
10,3,7,5,5,4,11,6,7,9,6,10,8,8,8,6,5,5,2,6,0.7102
3,5,6,3,8,1,6,5,5,6,3,9,1,5,5,7,6,4,4,4,0.5288
5,8,2,6,7,6,10,8,7,1,11,8,5,0,6,3,5,4,2,9,0.6031
5,6,2,5,2,6,2,6,8,5,6,6,2,5,2,7,7,7,1,10,0.5864
8,8,3,6,4,6,5,6,2,6,4,11,6,5,5,12,5,1,8,6,0.6634
7,5,5,4,5,4,6,4,5,6,5,4,3,6,7,4,2,4,7,10,0.6217
7,10,4,7,8,5,5,5,6,3,8,8,6,2,6,5,5,4,7,5,0.6651
9,4,3,10,8,6,4,9,10,5,7,10,7,5,7,5,7,5,6,8,0.7912
9,6,5,6,5,6,8,7,4,2,6,3,8,10,11,9,7,6,7,7,0.7623
4,5,6,5,8,5,7,4,10,6,3,3,7,5,3,7,7,4,6,5,0.6362
4,7,3,6,5,4,3,10,6,3,4,3,6,8,8,3,4,6,8,7,0.637
8,4,6,8,8,8,10,8,3,5,9,6,5,7,7,8,4,7,4,8,0.7513
4,8,4,7,6,6,5,4,4,2,8,6,6,3,7,10,11,10,7,6,0.6981
7,8,11,11,1,4,7,7,6,6,2,4,4,6,10,10,3,7,7,7,0.6998
10,11,6,10,10,0,6,4,4,6,6,5,7,9,8,6,3,6,6,7,0.808
5,9,6,4,8,9,7,3,6,9,5,1,6,5,7,6,5,6,9,5,0.6903
8,7,4,7,9,5,3,7,7,6,6,1,3,4,5,9,5,9,4,7,0.7215
5,4,8,5,5,3,5,4,9,4,9,3,7,5,8,2,8,12,7,3,0.6449
4,10,5,5,7,7,6,5,7,6,1,2,3,5,6,3,4,4,4,7,0.6243
6,8,8,5,6,7,11,7,4,6,2,3,6,5,5,8,4,7,4,5,0.6468
5,4,3,4,3,11,3,6,5,8,6,4,6,8,2,10,6,7,5,6,0.6667
5,8,6,4,8,4,3,4,6,6,4,11,5,6,10,9,8,9,7,5,0.713
11,4,5,2,5,3,7,6,10,4,9,4,5,6,5,5,4,2,7,6,0.6597
7,10,7,3,6,7,2,5,2,9,5,5,5,6,7,5,5,2,6,1,0.6226
4,5,7,6,8,8,5,5,8,4,6,5,6,5,6,9,4,5,7,4,0.6732
3,7,5,11,7,9,6,3,6,3,6,1,5,5,2,5,10,4,6,8,0.6679
5,4,7,9,7,5,7,4,9,3,4,6,7,7,7,1,9,4,11,4,0.7136
4,10,5,8,3,8,7,4,7,3,4,4,9,5,6,7,10,14,6,6,0.7068
6,10,7,6,3,5,9,2,11,7,5,9,2,5,8,8,8,5,4,4,0.675
5,3,2,5,6,9,2,4,6,6,3,4,5,7,5,10,8,7,12,6,0.69
4,7,8,6,2,5,6,9,8,5,10,7,6,8,6,7,3,4,3,4,0.6385
5,7,6,9,8,7,4,6,5,6,6,6,8,4,4,8,5,6,7,4,0.7132
12,3,3,6,6,6,6,4,1,5,2,2,7,2,3,6,7,6,6,6,0.6293
4,6,3,8,4,5,6,9,7,7,6,4,4,4,7,5,8,7,6,5,0.6326
6,4,5,3,4,4,5,8,9,5,4,2,7,7,4,7,6,5,3,5,0.6038
2,3,9,4,6,4,6,2,5,4,4,8,7,5,4,5,5,4,8,6,0.5654
6,3,8,8,7,3,8,5,4,6,10,7,7,3,6,5,10,3,2,4,0.6463
9,5,5,6,7,3,6,6,7,7,9,5,6,7,2,3,9,4,3,6,0.6856
3,6,1,8,4,6,9,2,4,2,2,4,4,7,5,2,2,2,5,4,0.4962
6,5,7,6,4,4,9,9,5,4,6,3,5,9,6,12,6,4,7,8,0.698
5,8,8,8,6,7,3,7,6,3,7,8,6,6,4,10,5,6,5,4,0.7016
7,12,6,3,4,8,5,5,4,4,4,5,3,4,10,3,5,3,5,7,0.5835
4,6,4,6,5,6,5,8,5,4,9,7,3,8,5,6,8,6,11,5,0.6908
6,9,5,7,4,5,8,7,4,6,6,7,2,5,6,9,6,6,9,3,0.6763
5,9,4,7,4,8,6,9,3,4,7,5,5,3,5,3,8,6,7,8,0.6361
7,10,5,10,10,7,8,3,10,4,6,7,4,9,7,7,8,11,3,4,0.8348
8,7,6,8,8,4,4,7,5,5,3,3,8,3,3,6,3,6,9,6,0.7108
7,8,1,5,7,6,5,3,6,8,4,4,5,8,9,5,11,4,6,8,0.7422
8,7,4,8,4,5,10,5,4,4,4,2,5,6,6,5,5,4,3,9,0.6129
6,7,8,5,3,2,5,9,5,5,6,10,7,5,5,7,6,7,11,7,0.6755
11,11,6,5,5,2,3,2,6,7,6,8,5,4,3,5,5,6,6,9,0.7354
5,6,7,6,11,11,8,8,8,6,5,1,5,7,9,6,3,4,9,9,0.7992
5,6,10,7,5,8,6,5,6,6,3,3,6,8,5,3,2,4,2,1,0.5922
7,2,5,8,4,3,9,5,3,8,10,10,7,8,6,5,7,6,8,8,0.7222
6,9,8,7,7,3,5,7,6,4,6,5,7,6,4,8,7,7,8,6,0.7441
4,4,3,3,5,12,7,10,7,6,5,7,5,8,7,4,1,2,10,4,0.6284
7,7,8,3,8,6,9,4,7,14,4,9,4,4,6,10,5,10,8,9,0.7369
4,3,6,4,2,1,5,10,4,8,5,8,5,2,5,8,7,9,8,3,0.5429
3,7,7,2,8,6,5,6,9,4,10,8,11,3,5,7,3,5,5,3,0.633
5,5,4,6,5,10,11,9,5,3,5,4,4,4,9,7,5,7,6,3,0.6165
9,13,8,7,5,6,6,3,6,4,7,7,6,9,5,6,7,9,6,6,0.7837
4,8,3,5,5,3,4,7,9,2,8,4,6,5,4,6,6,5,4,7,0.5997
6,7,4,4,4,4,5,4,6,3,3,7,5,4,6,5,6,8,4,5,0.5615
11,3,7,4,2,3,2,3,5,10,3,6,12,7,10,7,8,7,9,7,0.7691
6,5,8,5,6,7,9,8,5,2,8,11,5,9,5,5,9,9,7,6,0.7286
9,7,5,7,12,5,6,5,4,8,6,8,5,2,5,7,5,10,6,7,0.7466
3,7,5,7,6,2,7,4,2,3,10,9,1,7,9,7,4,9,1,6,0.6202
4,9,9,7,5,5,2,8,4,5,9,4,7,9,1,6,6,5,8,6,0.6793
4,4,8,5,8,3,5,7,7,6,4,7,7,8,5,2,9,5,7,15,0.7278
7,10,6,6,7,5,1,5,3,7,6,4,4,5,5,8,7,5,8,4,0.671
3,7,8,10,7,6,5,4,5,11,8,7,4,7,8,4,4,7,3,7,0.7306
7,5,5,4,5,5,7,5,5,4,11,10,7,3,5,9,6,2,5,5,0.6531
9,4,9,8,5,8,5,5,3,5,6,3,10,2,6,6,8,5,6,8,0.7094
8,6,6,6,6,5,8,5,9,8,7,9,5,7,5,8,4,1,3,9,0.708
3,6,7,4,9,7,7,7,2,6,9,6,7,3,2,4,5,8,6,4,0.6064
8,7,4,6,2,6,9,2,4,4,9,9,4,8,4,7,2,7,8,4,0.649
7,3,2,5,8,8,6,4,5,5,3,3,6,6,3,7,4,5,8,9,0.668
3,7,2,8,8,1,6,5,10,10,5,8,4,10,2,5,3,6,6,6,0.684
4,4,6,6,10,7,8,4,9,11,5,3,8,4,6,6,7,10,8,8,0.7353
9,7,9,8,6,6,9,3,9,5,7,8,10,9,5,6,7,5,9,5,0.7996
7,7,7,9,2,2,7,8,2,1,8,4,12,9,4,9,7,6,8,7,0.7025
6,2,5,5,6,4,2,3,11,4,10,13,6,6,6,4,6,5,6,5,0.6395
2,6,8,3,5,7,4,8,5,7,10,5,9,9,5,3,9,9,2,4,0.6555
8,7,8,4,6,11,1,8,6,11,6,5,7,4,5,12,7,7,9,7,0.8229
7,11,5,5,5,5,4,3,7,5,6,4,7,2,12,7,8,5,6,6,0.6706
8,7,6,2,8,3,5,8,4,2,7,3,9,6,3,6,7,3,1,2,0.5921
5,9,10,2,4,4,9,7,10,5,5,3,1,5,6,7,3,8,2,4,0.5824
5,2,4,9,5,5,4,3,3,8,8,4,10,9,6,6,10,8,9,8,0.7333
6,10,8,4,6,10,6,6,7,2,4,5,2,9,10,5,6,7,5,3,0.6761
9,5,7,7,5,8,7,9,2,12,4,6,6,8,3,4,7,4,7,5,0.7127
11,9,8,7,5,3,5,8,7,3,5,6,8,2,5,8,7,5,3,4,0.6962
7,4,3,5,10,2,4,5,5,10,3,6,5,4,7,3,9,2,5,6,0.6505
14,5,5,5,8,9,1,7,3,4,5,14,5,5,6,3,3,11,4,4,0.7972
3,13,3,5,9,4,6,8,4,4,4,7,7,5,8,4,5,7,6,4,0.6408
8,6,3,4,4,8,4,3,4,4,10,2,2,7,9,6,9,3,6,4,0.6691
5,4,5,2,10,9,8,7,6,6,12,9,7,8,5,4,6,5,4,5,0.6741
7,9,5,4,9,7,7,6,6,7,9,4,5,11,4,5,5,14,7,5,0.787
13,10,6,6,10,5,6,6,6,7,2,6,3,7,8,10,3,6,6,3,0.793
8,3,7,3,6,7,3,1,10,6,6,9,3,6,15,4,6,12,6,3,0.7309
5,5,5,5,5,3,5,4,6,5,4,7,4,9,4,13,7,3,6,7,0.6613
9,4,5,3,10,8,8,3,6,10,8,5,6,9,4,6,7,4,2,6,0.7463
6,5,3,2,7,3,4,4,6,8,8,2,6,5,7,8,2,7,5,4,0.6337
3,4,5,3,9,4,1,7,6,9,0,6,7,6,9,5,8,6,4,3,0.6092
6,8,5,6,3,10,5,8,6,6,3,4,6,8,3,6,6,5,7,4,0.6653
8,8,4,6,7,5,9,3,8,6,3,4,9,7,5,3,7,5,5,4,0.6778
8,13,7,5,6,6,5,6,3,5,6,4,6,5,5,3,9,5,6,5,0.6814
7,8,2,3,7,4,5,0,2,7,2,7,8,5,4,6,3,12,6,9,0.6272
2,7,8,5,8,8,6,8,6,8,4,8,4,3,6,6,5,3,9,4,0.6293
8,6,5,6,6,6,1,4,6,7,7,9,4,6,3,8,3,6,4,3,0.6544
8,4,6,5,4,6,2,6,2,4,7,3,6,2,10,4,9,6,3,8,0.6422
9,5,6,4,5,5,6,8,5,4,5,4,7,5,6,4,6,4,5,4,0.632
5,3,5,7,5,7,6,5,4,7,4,9,6,8,9,3,3,5,3,4,0.5988
5,4,3,1,7,5,7,6,5,6,8,5,3,3,7,9,4,7,6,4,0.5888
5,2,6,4,5,5,4,3,4,3,7,3,2,6,4,3,7,6,4,7,0.5539
11,7,12,8,8,6,8,8,5,8,5,7,8,6,6,7,3,8,7,5,0.8285
7,10,6,5,2,5,7,7,6,5,5,7,2,4,8,8,5,7,2,3,0.6225
6,5,5,10,2,6,9,3,7,2,5,6,7,8,7,2,11,3,3,6,0.6513
4,5,8,5,2,7,2,5,3,7,7,11,7,12,7,10,4,9,2,4,0.6657
9,3,10,2,7,2,9,8,5,3,5,7,9,6,6,7,5,6,3,7,0.6408
8,7,4,5,7,3,5,8,5,7,5,5,6,4,6,7,5,6,8,4,0.6737
7,7,4,8,4,9,6,4,7,8,5,4,4,6,7,5,7,7,9,4,0.7001
6,8,5,5,7,7,9,5,7,6,4,6,5,7,7,7,2,5,4,5,0.6924
6,2,5,10,1,5,9,3,5,10,11,4,4,7,4,7,5,7,6,2,0.6381
5,7,8,4,6,9,6,7,7,5,7,6,8,3,8,7,9,7,8,2,0.7006
8,7,7,5,5,6,4,5,5,4,4,5,7,9,4,8,8,11,6,7,0.7165
7,5,7,6,4,5,6,5,8,6,7,7,9,7,4,4,2,3,6,3,0.6273
5,1,5,3,7,2,8,6,8,8,8,6,8,6,3,9,11,6,7,4,0.6708
5,5,4,4,9,4,2,7,3,2,4,9,10,3,5,5,9,11,3,9,0.6411
3,5,3,4,3,5,5,5,9,7,3,9,5,7,5,13,7,3,8,3,0.6119
4,12,3,7,7,10,6,4,5,9,16,5,8,5,5,7,7,7,5,8,0.7463
4,6,3,9,4,5,10,7,6,4,6,6,7,8,3,8,11,1,6,9,0.7041
8,3,8,5,4,3,7,9,5,9,4,6,7,6,8,6,5,3,10,6,0.6745
6,4,3,5,5,4,4,7,6,8,5,7,11,4,8,7,9,3,4,5,0.6575
6,7,7,6,2,6,3,5,2,3,8,6,8,7,8,5,2,6,5,5,0.6171
7,11,5,10,5,8,5,6,8,9,2,7,10,8,10,8,2,7,7,8,0.806
6,5,3,7,10,4,7,8,12,6,5,6,6,4,6,10,4,13,3,7,0.7447
5,10,4,5,11,3,8,6,4,6,11,6,7,3,5,4,1,4,5,6,0.6623
5,1,5,4,4,7,10,4,4,5,8,7,4,8,11,8,3,6,9,6,0.6027
8,4,7,6,11,7,2,6,6,5,3,6,7,9,6,9,7,5,4,8,0.7949
4,9,3,1,7,6,8,8,3,10,2,6,8,3,3,10,6,10,4,3,0.6302
11,7,4,7,5,5,7,10,6,4,5,4,5,6,6,7,7,7,6,6,0.7652
8,9,6,5,3,5,6,10,8,6,1,8,8,5,6,3,8,6,5,10,0.6954
10,4,9,4,5,3,3,5,8,4,5,2,7,8,7,2,2,5,11,6,0.6642
5,3,4,8,8,5,5,3,8,9,5,5,4,10,7,6,6,4,5,3,0.6812
8,5,4,5,4,8,7,8,9,6,2,5,7,6,7,7,10,2,7,5,0.6841
8,7,7,6,9,7,9,7,8,6,5,4,6,3,6,6,5,4,3,4,0.6867
7,8,7,8,4,4,4,11,3,9,10,2,6,8,9,10,3,5,10,4,0.7901
6,6,4,5,7,4,5,6,6,5,5,7,10,9,7,6,8,7,5,10,0.7508
8,9,7,5,8,5,6,5,5,9,7,6,3,4,1,0,4,7,4,6,0.6311
9,7,6,6,2,2,7,4,7,5,6,11,6,8,7,5,9,5,9,5,0.6978
5,6,10,9,5,3,8,9,4,4,6,3,5,0,6,7,4,4,5,8,0.5892
7,6,3,12,5,5,7,3,5,8,4,6,2,6,4,7,5,6,5,2,0.6289
11,7,3,8,10,3,5,4,9,6,5,3,7,8,11,13,4,6,5,10,0.8478
8,6,2,5,6,5,8,9,5,10,5,7,10,5,10,2,5,8,7,6,0.7221
7,4,6,6,9,8,9,8,5,2,6,6,2,3,5,8,3,4,4,6,0.6546
6,5,8,7,6,6,4,6,6,8,6,2,3,4,9,4,13,3,8,5,0.6907
4,7,5,8,1,12,14,5,12,2,5,6,12,4,0,6,7,4,2,5,0.6466
0,4,6,9,4,10,4,6,8,3,13,5,4,5,8,5,2,3,9,6,0.6217
7,7,7,6,6,8,7,3,5,8,4,4,3,4,5,6,5,5,4,3,0.6114
4,9,9,5,6,11,14,6,3,8,3,6,6,4,10,6,4,8,7,6,0.7199
2,7,8,10,7,5,4,4,7,6,2,7,4,8,3,3,2,11,6,4,0.6544
6,8,3,8,7,5,9,4,7,5,12,11,7,6,4,4,4,4,7,8,0.7204
5,6,7,5,4,3,4,9,6,3,6,5,8,5,7,6,7,4,7,2,0.6474
9,5,6,6,4,3,7,4,5,8,9,6,8,7,3,8,5,4,10,7,0.7218
4,6,7,3,5,8,8,4,7,5,11,7,5,4,6,7,5,4,10,4,0.6454
5,3,7,11,5,4,8,5,8,4,3,6,6,8,9,7,10,9,8,7,0.783
4,7,10,6,6,10,4,3,5,4,2,4,5,7,4,10,5,7,10,3,0.6723
5,6,11,6,3,4,4,7,7,7,4,1,8,2,6,6,11,9,3,8,0.6494
9,2,5,5,8,3,7,6,6,3,3,5,4,4,8,4,10,4,7,6,0.6499
9,10,7,5,8,3,9,13,9,4,7,9,7,5,7,8,8,4,5,4,0.8009
10,6,5,7,8,6,1,4,7,4,3,8,5,1,7,5,3,8,5,7,0.7123
11,2,1,4,7,4,8,5,6,1,9,2,5,2,2,6,3,2,3,7,0.5864
8,4,6,8,4,3,6,3,3,6,4,3,4,6,3,5,0,8,8,7,0.5987
13,2,6,4,9,5,11,10,5,6,1,6,3,7,11,9,6,0,9,8,0.7437
7,3,5,7,7,8,7,10,4,7,9,6,7,5,5,5,6,1,4,6,0.6741
7,11,5,3,6,8,3,5,6,4,4,4,3,12,6,7,4,3,3,8,0.6608
8,6,3,8,6,7,3,5,1,3,8,4,7,4,3,7,4,7,7,9,0.6922
5,3,6,4,6,4,9,6,4,9,6,5,9,5,3,6,4,4,4,7,0.6031
8,2,6,6,11,6,4,5,7,4,3,6,5,5,3,9,3,6,2,8,0.6891
9,4,7,5,4,6,6,4,4,2,5,11,10,6,9,6,9,4,5,5,0.6821
9,5,5,6,8,4,10,5,5,2,3,8,10,5,8,8,9,8,6,7,0.7293
6,3,7,6,7,5,5,6,10,4,4,11,2,5,6,9,6,3,4,7,0.6477
11,3,7,5,3,5,3,2,3,10,14,4,5,7,6,5,7,2,8,7,0.7279
2,4,3,7,3,3,5,7,4,6,6,9,7,4,5,10,9,6,4,8,0.5645
8,3,11,5,8,5,5,5,3,8,5,2,3,7,5,5,8,5,7,4,0.695
7,6,4,10,3,7,7,6,6,5,5,5,7,4,4,11,5,1,4,2,0.619
7,4,4,4,4,6,8,5,2,8,4,4,8,6,4,4,7,9,8,3,0.6292
6,4,3,5,3,5,9,6,8,3,9,6,8,6,5,5,4,7,4,7,0.617
13,5,7,7,10,6,5,6,4,4,7,4,6,7,6,6,6,5,5,2,0.7806
4,5,7,7,7,1,5,4,9,8,7,12,4,3,8,3,4,4,3,6,0.6189
5,6,8,3,3,4,6,8,5,7,9,5,7,8,4,5,2,1,11,5,0.5951
5,8,8,11,5,6,7,10,6,5,2,3,3,6,6,8,7,8,4,10,0.7225
6,5,3,0,6,6,6,6,5,4,8,5,6,7,6,7,4,5,7,8,0.6238
9,3,8,5,6,7,6,8,10,8,6,8,7,7,8,5,1,8,3,11,0.7641
4,6,5,4,8,5,8,8,5,5,4,5,8,9,9,4,3,2,2,9,0.6308
4,8,4,8,9,9,7,9,3,6,2,3,9,4,1,4,7,4,6,1,0.6576
6,5,1,2,4,7,7,5,4,7,6,4,6,7,4,6,4,6,3,5,0.5824
5,8,2,6,8,7,7,6,3,5,5,5,4,4,7,5,7,5,7,5,0.6505
6,7,4,9,7,9,7,5,4,4,3,7,3,10,4,5,4,11,8,5,0.7316
7,3,4,5,3,9,7,4,6,5,5,4,5,5,10,5,5,7,8,5,0.6182
7,6,7,4,3,4,10,5,4,5,4,3,7,10,4,6,9,3,4,3,0.6211
7,10,7,2,1,8,9,1,7,1,7,5,5,5,6,9,2,9,6,11,0.6368
5,4,5,10,3,6,7,7,4,5,10,4,4,8,5,3,4,10,2,9,0.6644
12,9,8,6,5,11,2,3,3,6,6,5,2,3,4,2,5,5,1,6,0.6665
9,10,6,8,8,6,5,5,3,8,5,5,8,4,2,7,4,8,7,7,0.7563
7,1,5,8,2,3,6,7,6,7,4,6,4,3,3,10,5,4,10,6,0.59
2,6,5,4,11,6,4,9,10,4,6,4,7,9,8,6,5,8,4,7,0.7008
6,9,4,2,6,3,4,5,7,1,9,5,9,8,4,8,3,5,9,2,0.6226
4,5,5,5,7,4,8,13,8,5,8,5,9,5,5,11,3,4,10,7,0.7014
5,9,7,4,6,8,2,8,4,1,7,6,9,9,5,2,9,8,5,10,0.6982
4,5,9,4,3,9,10,5,6,3,6,9,2,5,7,3,6,6,7,4,0.6
3,7,8,5,6,5,8,8,4,5,8,8,7,5,4,7,6,5,5,7,0.6695
8,4,5,5,3,3,1,15,8,2,7,6,7,3,5,3,7,0,2,7,0.6191
12,7,7,8,8,5,8,3,7,4,7,6,3,6,10,4,4,5,8,3,0.7483
1,13,3,8,6,7,6,6,5,7,3,6,1,7,5,4,5,7,10,5,0.6041
8,6,3,10,5,3,6,5,3,3,6,4,4,4,12,4,7,7,5,6,0.6488
3,7,6,7,8,11,3,5,11,9,10,8,6,6,9,2,4,5,9,7,0.7232
10,11,14,4,6,6,5,6,4,4,5,11,6,5,7,7,5,9,10,8,0.804
5,10,2,6,6,9,3,10,13,8,8,9,10,9,4,7,6,7,2,5,0.7644
5,7,13,7,7,4,3,9,4,5,6,9,4,4,4,4,4,8,6,7,0.6551
11,2,4,9,5,6,6,3,8,7,6,5,4,7,6,2,10,6,11,7,0.7704
4,4,8,13,2,7,9,7,10,3,8,2,5,6,7,7,5,6,8,5,0.6826
8,11,6,6,7,5,3,5,5,7,3,8,6,7,11,5,10,2,4,5,0.7331
3,2,4,8,7,4,2,4,6,6,4,7,12,2,3,5,6,8,1,10,0.5738
7,6,5,6,6,5,6,5,9,2,3,7,4,8,7,6,9,6,8,3,0.6809
7,9,6,3,5,6,3,6,7,8,9,3,9,6,6,9,3,4,7,5,0.7157
10,4,6,7,10,4,4,8,8,6,2,5,8,5,12,5,5,8,2,7,0.7913
2,4,7,4,2,7,8,5,7,4,6,5,7,6,6,2,3,4,4,4,0.5371
7,9,8,6,5,8,2,9,10,7,5,2,6,7,7,8,3,5,5,9,0.761
8,2,4,4,8,2,6,7,8,4,5,11,11,5,10,9,1,7,6,8,0.7173
3,7,3,3,9,4,6,10,10,6,7,6,7,3,7,5,7,7,7,13,0.703
7,7,4,9,8,5,10,4,7,5,3,9,3,4,3,7,6,3,8,5,0.6699
6,6,0,4,8,7,5,6,2,3,5,7,8,0,7,7,3,6,6,3,0.5646
6,6,7,9,5,10,5,4,13,5,4,4,7,6,7,9,5,5,6,10,0.7733
6,6,5,10,5,7,7,8,5,7,8,6,8,4,6,4,4,4,3,11,0.6977
10,8,6,11,10,3,10,8,7,2,6,4,4,6,7,3,4,9,6,4,0.7433
7,6,2,8,8,4,4,2,5,3,8,2,4,6,4,10,6,4,7,6,0.6616
3,6,6,4,4,6,2,5,4,7,5,3,5,2,10,7,5,8,6,10,0.6046
7,7,4,7,8,5,3,10,8,4,4,5,5,8,4,8,5,7,7,4,0.7419
6,3,3,6,9,9,4,12,5,8,5,9,7,5,7,7,4,8,3,3,0.7179
12,4,9,6,8,3,5,4,8,8,4,7,6,2,8,5,8,10,7,6,0.7694
5,7,4,8,8,4,2,5,4,3,9,7,7,8,2,6,3,5,9,10,0.6915
4,9,4,9,2,5,8,7,4,6,4,6,7,4,6,7,2,5,6,3,0.5938
8,10,3,4,7,4,9,5,9,12,6,6,3,5,10,4,7,5,2,6,0.7064
5,4,4,7,6,9,8,6,5,5,8,3,5,6,5,7,7,6,3,8,0.7102
8,0,3,7,6,8,7,10,7,6,10,3,10,4,5,4,7,5,10,4,0.7125
4,4,7,7,6,4,6,7,6,10,8,3,3,2,7,6,10,6,11,6,0.6579
3,6,4,6,4,10,5,5,4,8,7,9,2,1,4,8,7,8,2,5,0.5872
5,2,5,3,8,2,5,4,6,5,8,4,3,8,7,7,3,5,7,6,0.6146
6,6,4,8,4,5,2,6,4,6,7,4,3,2,5,5,5,6,6,4,0.5705
7,5,6,4,6,11,9,6,6,10,7,8,1,9,5,7,10,7,6,6,0.7405
7,1,6,7,3,5,4,7,9,4,6,8,3,7,13,5,6,6,5,6,0.6958
4,4,5,5,4,2,7,5,4,4,5,6,9,5,6,5,4,8,6,6,0.6049
5,3,3,5,2,12,5,8,7,8,7,5,10,8,5,7,7,5,5,3,0.6779
4,3,6,7,3,5,2,8,5,8,4,7,3,8,5,11,3,2,6,3,0.6016
6,3,6,5,7,10,4,3,9,5,7,7,5,9,7,1,5,3,4,7,0.6554
6,13,2,7,3,9,5,8,10,8,7,5,4,10,8,7,6,10,3,9,0.764
6,6,11,3,4,5,4,6,9,7,6,5,6,9,5,6,12,6,6,11,0.7119
5,6,7,8,7,3,9,8,3,3,2,9,6,6,2,1,6,3,5,7,0.63
8,7,6,5,7,4,7,9,7,7,10,10,8,3,10,7,4,5,5,5,0.7517
3,7,9,3,5,6,6,6,8,2,4,7,2,6,3,6,5,10,6,5,0.5927
5,6,4,6,2,4,6,8,10,6,7,11,7,4,7,6,3,8,4,12,0.6841
9,6,4,7,4,5,6,9,6,6,8,4,4,8,4,2,4,6,6,5,0.7037
6,7,9,7,10,4,8,5,3,4,6,9,4,10,2,2,8,2,4,8,0.689
5,9,8,5,6,6,5,3,9,7,5,8,4,6,6,4,5,8,11,2,0.673
5,7,1,8,10,2,6,14,3,8,5,5,6,5,6,6,7,9,8,3,0.7181
2,5,8,5,3,10,5,6,3,7,5,4,5,6,7,7,5,7,4,8,0.6082
6,9,11,6,6,4,4,8,3,5,5,3,3,8,8,9,8,3,10,6,0.7281
11,4,9,10,5,8,6,5,6,10,2,6,7,9,8,6,8,6,1,4,0.7998
5,5,6,9,4,4,4,9,10,5,2,5,7,2,4,2,6,5,9,6,0.6231
4,2,6,8,9,8,5,9,5,6,4,6,4,0,3,4,6,7,6,4,0.5861
7,6,7,5,4,12,4,8,9,4,11,3,11,5,4,9,6,7,7,7,0.7856
7,9,5,7,5,8,3,8,6,7,7,4,2,5,6,5,9,4,4,3,0.6775
6,2,5,3,5,7,8,8,4,2,5,6,6,8,2,3,3,9,4,5,0.5734
8,6,5,4,12,8,3,8,10,7,7,6,8,4,5,6,5,4,3,6,0.7414
1,8,6,7,4,7,5,7,5,8,1,4,4,5,5,2,3,6,5,6,0.511
6,10,8,9,4,6,6,3,11,7,4,5,2,6,5,7,7,3,3,5,0.6574
5,8,5,10,3,5,3,11,8,4,7,2,4,9,7,4,9,4,5,12,0.7403
8,10,6,4,3,2,3,5,7,6,6,11,3,10,2,4,6,4,4,9,0.6568
7,8,3,2,12,4,10,8,7,6,5,3,9,8,3,9,3,7,3,8,0.7293
7,3,11,5,7,1,6,8,4,4,8,3,3,3,3,3,8,6,5,6,0.5989
11,3,7,8,5,5,7,5,6,6,8,3,5,4,4,4,2,5,4,4,0.6583
8,4,3,11,6,6,11,5,4,12,5,8,6,4,6,7,5,7,4,10,0.7081
5,6,6,6,3,5,6,5,4,10,2,2,6,3,7,6,6,11,3,8,0.6164
3,1,8,3,4,6,6,2,4,6,8,5,6,3,7,7,6,6,7,5,0.57
6,4,5,10,5,6,5,4,2,7,7,4,7,5,7,7,5,9,5,8,0.6819
5,3,9,7,13,5,7,3,3,6,4,7,5,2,8,8,4,3,6,6,0.6383
10,5,8,4,7,7,9,7,5,4,6,7,6,8,6,7,10,7,8,5,0.7576
5,6,4,7,6,2,2,5,4,1,3,4,2,7,6,9,5,5,5,3,0.5954
6,2,6,5,7,5,2,3,3,10,7,4,8,7,6,2,6,3,11,8,0.6769
6,4,9,6,3,5,4,5,5,7,3,4,6,3,6,2,4,6,5,2,0.5486
4,4,10,5,6,6,7,5,5,1,5,10,6,6,8,4,7,5,11,9,0.6743
2,6,5,3,9,7,8,4,1,9,7,7,5,6,6,6,7,10,4,4,0.5993
6,11,2,6,5,5,5,2,4,2,9,8,5,10,5,6,4,3,5,10,0.6811
10,3,6,9,7,7,5,4,6,2,9,4,3,12,4,7,12,6,5,6,0.8166
7,6,3,9,3,6,8,2,5,1,7,5,3,7,3,5,6,6,6,7,0.6037
5,8,4,7,4,6,6,4,7,6,9,4,9,8,2,6,5,3,5,6,0.6443
5,6,5,6,6,4,6,5,10,2,6,4,7,3,7,4,1,5,4,6,0.594
3,5,5,7,6,6,5,8,6,5,8,5,7,6,5,9,6,5,4,8,0.659
6,5,6,8,5,8,5,9,9,7,6,9,4,4,9,7,5,5,5,8,0.6877
5,12,7,6,5,10,5,4,7,9,9,8,2,5,2,6,10,8,5,7,0.7237
6,2,10,9,9,6,9,6,6,7,6,2,9,7,7,2,1,7,3,6,0.7193
7,5,6,7,6,8,6,2,4,4,6,8,6,8,11,11,13,8,8,9,0.8073
9,7,8,5,7,6,5,5,4,3,1,4,10,6,4,6,7,6,11,8,0.7243
4,10,3,8,3,4,7,7,9,11,1,6,3,3,8,5,10,7,7,5,0.6515
7,6,6,11,7,3,9,6,2,5,7,7,4,6,5,9,2,5,10,4,0.7001
5,8,4,3,3,8,9,8,7,4,4,5,6,4,8,4,6,7,1,5,0.5973
6,3,4,5,4,8,4,5,7,4,6,11,2,6,7,5,9,5,9,7,0.6704
7,4,3,2,4,9,4,5,8,9,2,10,6,10,3,7,7,7,7,4,0.6605
7,4,3,8,4,2,7,5,4,5,7,3,6,4,9,7,1,5,6,4,0.5813
10,3,6,8,9,5,9,4,3,6,9,5,10,5,5,7,8,3,8,5,0.7447
7,6,5,5,8,3,4,2,10,6,8,2,8,9,6,4,3,8,4,2,0.6957
6,5,6,3,5,4,5,8,6,7,5,6,7,5,8,3,4,9,6,5,0.6492
3,4,5,6,10,8,6,5,6,6,6,7,8,9,10,5,4,3,6,5,0.7018
0,9,8,4,8,8,7,4,6,7,4,3,7,7,8,8,6,9,3,5,0.6553
4,6,7,9,6,7,2,7,3,9,5,5,9,3,6,9,4,7,3,7,0.6678
5,4,5,5,8,8,6,8,4,2,5,0,4,4,7,7,5,2,6,4,0.5999
3,5,5,8,9,8,4,3,2,5,6,6,6,7,7,1,8,5,4,6,0.6464
7,7,4,5,8,8,6,2,6,5,6,5,8,9,8,7,6,5,9,3,0.7127
10,5,6,9,4,3,6,5,6,6,4,4,6,6,5,3,3,8,3,5,0.6628
5,3,5,4,8,2,5,8,8,5,8,7,10,8,5,11,4,7,7,9,0.7418
9,5,10,5,4,6,5,9,5,2,4,3,5,3,5,5,3,3,4,6,0.6327
9,2,3,3,5,4,8,5,2,7,4,6,8,7,4,5,5,7,5,10,0.6132
8,8,5,10,6,4,8,3,3,7,5,7,8,9,7,5,7,4,5,7,0.7254
8,4,5,7,4,3,12,6,5,5,4,6,3,8,8,9,8,7,7,8,0.6845
5,7,4,7,7,11,9,6,4,12,4,5,7,4,5,6,9,8,9,14,0.7836
4,2,4,6,6,7,5,7,9,1,2,4,5,7,9,7,3,2,8,2,0.5938
5,4,6,5,9,6,5,6,9,5,8,5,6,5,4,6,6,10,4,7,0.6719
10,3,10,4,7,9,5,9,13,5,3,3,4,4,6,9,5,6,8,5,0.7475
4,5,5,4,6,10,5,9,6,5,12,8,6,4,6,5,8,6,5,4,0.646
2,6,9,8,4,3,5,5,6,3,2,9,2,2,8,6,11,3,8,7,0.5559
10,2,8,7,6,4,7,3,5,6,8,8,5,7,6,7,4,6,8,5,0.7015
3,7,5,7,6,3,5,8,5,4,6,5,4,6,2,2,6,7,7,3,0.5843
6,7,5,9,8,5,8,4,8,10,5,8,5,4,4,5,7,10,2,6,0.7159
7,6,7,5,11,8,9,4,5,5,7,10,6,3,8,8,7,7,7,5,0.7456
5,5,7,6,3,5,1,3,10,5,3,3,5,4,9,6,9,13,6,6,0.6597
6,4,6,6,8,10,5,10,7,11,10,7,10,3,7,7,6,3,3,6,0.767
11,6,4,8,3,11,3,6,2,6,3,7,5,9,4,3,8,6,5,7,0.733
7,4,6,7,6,4,4,7,6,9,4,5,6,5,3,5,5,11,3,7,0.689
6,7,9,8,6,5,7,7,3,8,5,6,9,7,7,9,7,6,2,4,0.7213
3,11,3,3,6,7,4,5,7,5,5,5,6,9,5,8,5,5,8,6,0.643
10,11,2,6,6,5,3,5,8,7,3,6,5,5,6,7,8,11,4,6,0.7366
4,3,4,4,6,6,3,5,3,3,12,5,6,8,5,11,4,3,6,10,0.6277
3,4,3,2,1,8,4,5,10,7,5,4,7,7,7,2,7,5,4,6,0.5445
4,7,6,8,7,5,3,7,8,8,2,9,7,6,7,8,5,6,6,4,0.6572
4,6,7,8,4,2,7,3,5,5,4,4,5,3,8,4,6,7,4,8,0.5723
12,6,6,4,8,11,8,6,10,8,6,3,5,9,4,4,3,7,5,5,0.767
4,4,7,5,11,3,7,6,5,6,7,3,7,4,5,8,6,10,5,9,0.711
9,4,10,3,7,5,7,5,10,4,6,6,6,6,7,4,5,2,9,3,0.6981
8,6,6,5,5,6,12,8,8,6,6,2,7,10,5,6,5,8,3,8,0.7358
8,4,6,6,7,4,3,5,4,4,6,4,7,5,4,6,5,9,10,5,0.667
9,8,5,7,9,2,2,10,6,6,4,11,4,1,5,4,5,5,3,4,0.6464
6,6,4,3,5,5,6,4,5,5,11,3,9,4,5,5,6,9,6,6,0.6401
2,3,8,6,3,12,9,8,2,4,7,5,7,7,5,7,5,6,9,5,0.6176
4,3,5,8,6,6,7,9,3,6,6,4,3,11,1,6,12,3,9,4,0.6638
4,4,10,6,6,3,6,6,6,4,7,5,7,5,5,2,7,12,3,5,0.6208
6,7,4,9,3,3,7,5,2,5,6,3,6,9,4,1,8,5,7,3,0.6413
6,7,3,9,8,8,4,6,7,7,4,2,2,7,7,7,4,5,7,8,0.7195
7,8,8,6,3,10,6,5,5,8,8,5,6,5,9,4,10,6,5,6,0.7183
9,8,7,10,6,7,7,7,7,6,3,7,12,10,6,7,7,6,4,6,0.8377
7,1,6,3,6,6,3,8,9,8,8,6,3,1,6,7,5,7,10,7,0.689
4,6,6,7,11,8,4,10,3,6,5,6,5,6,8,7,4,5,5,11,0.7338
6,8,7,2,3,5,5,6,5,2,7,5,9,6,5,5,6,5,4,9,0.6165
7,7,6,6,1,6,7,7,5,6,5,8,5,5,3,6,4,8,4,7,0.6122
5,6,6,2,4,3,5,8,10,5,6,5,6,5,10,3,8,8,7,6,0.6509
7,6,9,2,9,4,3,5,4,5,10,10,7,7,11,7,7,4,5,3,0.7107
10,4,3,5,9,4,3,6,5,2,5,8,8,5,6,4,2,2,4,5,0.6518
7,2,8,2,6,2,3,3,5,6,4,6,7,4,9,5,5,4,6,3,0.6016
2,3,7,5,7,7,4,11,8,3,5,4,10,3,7,3,9,7,7,7,0.6376
3,9,6,9,7,6,7,5,10,5,9,3,10,4,8,7,5,6,9,3,0.725
9,9,5,5,5,5,4,5,6,9,6,8,10,5,6,4,5,10,6,9,0.7525
10,6,2,11,6,4,6,9,6,7,8,5,5,11,4,5,5,3,8,9,0.8049
10,6,7,8,8,7,4,2,9,5,1,6,10,8,4,9,7,6,4,2,0.7806
3,4,7,12,6,6,6,7,7,5,6,5,9,4,6,5,3,5,4,9,0.6663
5,5,8,10,7,3,6,4,13,8,7,6,6,2,6,7,5,3,6,5,0.6788
10,8,1,10,7,5,4,6,8,5,4,9,3,5,10,7,10,9,3,4,0.7714
8,6,6,5,10,6,3,6,8,8,4,7,7,7,5,7,5,4,6,3,0.7312
2,7,7,9,7,5,3,5,5,4,5,8,5,6,8,10,4,5,11,10,0.6801
9,8,8,5,11,8,7,7,9,11,8,8,7,3,3,5,8,4,8,4,0.8073
4,3,2,3,6,7,10,7,4,8,9,5,5,3,6,6,3,4,8,4,0.5863
3,6,4,9,10,4,7,6,6,11,2,5,6,4,7,6,5,9,7,4,0.7121
8,5,2,4,6,7,6,4,4,6,5,7,6,5,4,5,8,4,4,5,0.6366
7,3,4,5,3,5,9,10,2,8,5,9,6,7,2,5,5,11,3,6,0.6141
8,9,10,6,5,5,7,3,2,7,4,5,6,9,3,5,4,5,3,3,0.6584
7,8,4,7,6,4,5,5,5,5,5,5,4,4,7,7,4,7,7,3,0.6176
6,7,4,5,1,0,5,7,9,9,5,8,8,4,4,4,9,3,7,6,0.6166
6,6,2,11,6,3,7,6,11,6,7,6,5,9,5,5,5,6,8,4,0.7379
6,3,6,6,7,3,6,5,9,4,5,7,8,7,4,4,3,3,5,5,0.6024
5,12,9,4,4,4,9,4,3,3,8,3,2,4,1,11,3,7,7,6,0.6164
9,6,6,5,7,5,3,2,6,6,4,5,5,6,8,5,7,1,5,4,0.6867
7,3,4,6,8,6,3,3,3,4,10,3,9,6,7,4,5,5,1,10,0.6642
6,7,11,7,8,5,8,4,6,4,5,10,2,3,7,6,12,12,11,5,0.7395
9,15,6,4,5,10,3,7,5,8,10,5,3,5,4,4,4,4,7,6,0.7078
9,5,5,10,3,3,5,5,6,6,10,7,5,6,9,5,6,5,8,4,0.7169
5,7,9,5,4,7,3,3,8,8,4,4,7,6,6,8,8,7,10,4,0.699
5,8,4,5,9,5,5,3,4,5,4,4,9,3,4,8,7,5,4,3,0.6261
6,5,4,9,9,6,5,4,9,3,8,2,6,8,4,10,5,5,6,7,0.7444
3,6,5,6,5,6,6,6,8,6,6,5,6,6,7,5,3,4,9,5,0.6578
10,4,9,6,7,10,11,7,8,8,6,3,4,3,6,3,4,6,4,5,0.71
6,4,5,0,12,9,3,3,7,6,7,5,5,5,7,5,3,6,8,6,0.6851
6,6,10,2,9,5,7,3,5,6,10,12,6,6,6,11,2,6,12,8,0.7529
8,2,6,5,7,4,4,7,10,7,4,5,6,12,5,4,6,4,6,4,0.708
2,5,3,7,8,2,6,7,6,9,5,8,4,1,7,11,10,7,2,6,0.6339
7,10,6,6,6,3,10,6,6,8,4,2,4,6,4,2,8,3,7,3,0.6423
5,2,7,6,4,5,2,7,4,4,4,6,5,6,5,5,5,8,4,8,0.5871
5,4,5,10,5,3,1,6,6,6,7,8,7,4,6,8,4,3,8,4,0.6188
7,5,11,6,8,9,6,1,3,8,7,8,4,7,7,6,10,5,10,13,0.7921
4,7,2,5,8,6,1,5,6,5,7,5,7,4,3,5,8,7,3,5,0.6298
4,13,3,4,7,5,11,12,2,11,4,6,5,8,9,4,4,5,6,7,0.7204
8,7,6,11,7,4,4,6,7,5,3,3,4,1,1,7,9,6,5,8,0.6796
8,5,6,5,7,11,6,6,6,6,3,9,7,1,2,10,6,4,3,2,0.6453
6,5,1,4,6,6,10,5,5,7,2,4,7,9,7,9,3,12,5,9,0.6749
5,4,6,8,9,4,3,3,7,7,7,6,11,8,6,8,3,6,6,6,0.7401
3,3,9,2,1,8,7,1,4,7,5,7,5,4,4,5,4,8,7,7,0.5427
8,9,8,6,9,3,3,6,4,6,8,7,5,6,6,7,8,3,5,3,0.7174
7,3,4,3,5,8,3,7,4,7,6,5,9,4,3,4,7,7,8,7,0.6696
5,2,4,7,5,4,7,7,9,7,6,7,5,1,10,7,1,8,9,7,0.6474
5,4,9,6,3,9,7,5,5,8,7,3,9,6,6,5,5,6,6,7,0.6486
7,7,3,5,4,5,7,12,6,6,6,4,5,6,5,1,5,10,7,5,0.6845
6,6,1,2,6,4,8,6,5,10,7,5,7,5,6,1,4,6,5,7,0.588
5,6,7,5,4,2,8,9,5,6,6,7,5,6,7,4,5,6,6,7,0.651
3,6,6,8,4,7,4,6,9,3,7,4,6,3,9,5,2,8,4,7,0.6263
5,4,7,3,7,6,9,3,12,6,4,5,8,7,6,10,5,9,5,5,0.6941
6,8,4,3,5,5,8,3,5,5,10,7,8,6,3,8,4,8,5,6,0.6607
7,9,2,5,4,3,4,5,6,6,2,2,9,8,6,4,3,8,6,6,0.6503
2,7,2,5,8,6,3,10,6,6,7,11,5,2,10,6,8,10,7,4,0.6505
2,4,8,7,3,2,7,10,4,5,9,2,7,4,4,3,8,8,7,8,0.5881
9,8,5,4,6,7,9,3,4,10,7,4,9,5,5,4,8,9,3,8,0.712
4,7,5,5,4,6,5,6,7,5,9,5,6,4,6,6,8,2,2,9,0.6184
3,4,6,11,4,3,3,5,4,5,3,4,5,6,7,4,5,3,4,5,0.5924
4,6,6,5,8,3,7,2,5,3,5,5,3,6,8,7,3,8,5,4,0.5752
6,6,5,6,6,5,6,2,6,3,6,4,8,8,8,11,6,8,6,12,0.7303
5,4,3,5,8,3,2,8,10,7,5,6,8,8,2,2,5,0,6,3,0.6161
4,3,6,7,5,8,4,10,11,9,7,5,10,3,6,7,6,7,6,8,0.6967
4,4,6,6,6,10,5,10,4,6,7,13,3,8,3,4,4,6,5,9,0.6785
4,7,8,3,7,8,10,9,3,6,7,2,3,7,4,5,7,3,4,7,0.6446
4,5,5,8,4,7,4,9,5,10,7,9,3,4,8,9,6,8,5,5,0.6667
5,8,4,7,2,2,13,6,7,14,5,4,5,9,7,5,8,5,9,6,0.7124
9,7,5,4,6,12,5,7,6,4,6,4,3,3,5,8,3,5,8,4,0.6662
4,7,3,5,8,9,6,6,6,5,4,6,7,6,3,7,9,6,7,4,0.6505
4,5,8,9,8,4,5,7,10,7,4,6,10,3,9,7,8,4,4,4,0.6881
6,8,4,3,5,4,5,7,7,6,9,6,8,7,7,11,2,5,4,3,0.6945
7,8,2,4,5,10,3,10,8,0,6,9,3,6,3,7,5,6,3,5,0.6442
4,6,5,7,6,4,6,3,4,3,7,6,7,7,4,6,9,4,4,4,0.6212
8,4,4,3,5,1,1,1,5,6,7,10,8,5,4,6,6,3,5,7,0.6065
9,3,10,3,13,5,4,4,6,11,7,8,9,5,15,3,4,10,7,6,0.8228
5,13,5,10,8,9,5,6,5,3,5,7,7,4,5,5,10,9,4,7,0.7463
5,10,7,6,3,3,6,2,12,9,5,5,4,3,2,6,9,5,4,7,0.6248
6,6,5,3,9,8,7,6,4,4,4,6,4,7,8,3,6,8,7,6,0.6489
7,6,2,7,9,5,4,9,5,12,7,2,8,7,6,4,6,2,7,6,0.7607
8,6,3,1,2,5,5,4,8,7,4,5,6,5,7,4,2,5,7,4,0.5694
10,7,13,2,4,9,4,7,9,5,6,5,8,2,9,3,9,4,4,6,0.7262
4,11,2,4,3,4,4,5,4,6,8,7,7,5,6,7,12,7,5,6,0.6793
7,10,4,7,7,6,3,6,5,4,3,9,1,9,4,3,2,6,8,0,0.6496
7,5,3,5,3,1,6,4,5,4,11,8,4,6,6,3,2,7,5,4,0.5529
5,7,5,8,10,6,13,8,8,4,5,3,1,4,6,7,1,8,8,5,0.6838
6,7,4,5,6,4,10,6,5,7,6,3,7,7,4,4,7,8,6,6,0.679
12,7,3,5,14,11,8,6,4,3,4,7,15,7,6,5,6,5,5,4,0.8074
6,8,3,8,5,7,8,8,9,6,9,5,6,4,10,8,10,9,9,9,0.7947
3,7,5,7,5,10,5,8,13,4,5,6,6,6,9,8,5,6,8,5,0.7077
8,7,6,6,10,5,3,4,6,8,4,9,8,9,8,12,6,11,11,7,0.8713
5,3,7,7,5,3,6,4,8,3,4,3,8,5,6,6,5,9,5,5,0.6118
9,8,4,1,9,8,7,8,8,5,6,5,9,5,8,4,7,8,5,4,0.7343
6,8,4,3,8,6,5,9,8,1,7,5,6,6,9,6,6,6,5,6,0.6606
6,9,2,2,4,6,5,1,5,7,3,6,2,8,6,4,4,6,8,7,0.5856
3,2,2,4,6,3,8,6,8,1,4,1,10,6,3,6,5,5,5,7,0.5818
6,7,11,3,7,9,8,6,10,7,4,8,5,4,2,5,3,5,6,3,0.6476
6,9,4,5,2,5,5,9,4,6,5,5,4,8,5,1,8,7,7,5,0.6377
6,7,6,5,8,5,5,1,8,9,3,5,5,9,9,8,5,4,4,6,0.6893
7,5,6,6,6,10,8,6,7,3,6,5,5,11,7,4,4,5,7,5,0.6966
6,6,5,2,10,2,10,3,5,6,4,10,9,6,9,5,7,6,3,7,0.6309
3,5,5,1,4,6,6,4,8,3,7,5,2,4,4,9,3,5,10,7,0.5388
8,3,4,5,8,5,7,9,4,6,13,5,4,3,7,8,7,4,2,5,0.6591
5,6,4,4,3,5,7,9,8,9,5,6,5,4,5,1,6,1,5,7,0.5917
6,4,7,6,6,4,6,5,3,1,9,6,5,6,4,6,6,2,8,2,0.5986
5,2,5,8,4,4,7,4,8,8,2,1,2,7,3,8,11,10,6,7,0.6364
8,4,5,9,6,9,4,4,8,6,4,11,5,5,6,5,7,3,9,4,0.719
9,6,7,2,8,5,7,4,2,4,5,4,4,7,5,4,4,5,6,7,0.625
5,4,5,9,7,4,9,5,5,2,6,7,4,8,8,4,4,8,6,4,0.6608
5,3,6,9,4,5,2,8,2,5,3,5,8,7,7,7,8,5,5,5,0.6581
7,5,6,5,12,1,3,2,6,8,6,6,7,3,6,5,9,7,5,6,0.7065
3,11,6,3,5,1,5,4,5,8,4,3,3,7,2,3,1,4,8,9,0.5483
4,8,4,6,6,4,6,7,6,3,7,4,2,4,6,7,4,2,8,7,0.6164
6,7,6,8,5,5,5,8,2,2,7,11,7,6,6,6,6,6,12,6,0.6894
13,6,1,6,8,2,6,6,9,7,4,7,7,7,5,6,5,4,6,4,0.7326
4,9,7,9,7,3,5,8,11,6,8,5,5,9,12,4,2,5,6,5,0.7789
4,6,6,5,3,12,3,8,7,7,7,2,9,5,5,6,6,6,4,5,0.6523
9,8,3,8,5,14,4,9,4,3,3,5,4,7,1,7,9,8,2,10,0.7408
6,3,4,7,5,9,8,7,6,7,7,15,8,9,4,6,8,6,9,5,0.7233
11,7,2,3,4,3,1,11,4,7,5,9,3,6,4,3,6,5,7,3,0.6661
5,7,7,7,7,8,2,4,5,5,7,7,4,5,9,7,7,8,3,5,0.6739
5,5,2,7,8,5,4,6,8,8,3,8,7,3,5,8,3,8,4,7,0.6506
5,7,5,7,2,5,3,5,8,2,6,8,6,8,5,6,5,5,3,2,0.6195
4,5,1,6,7,8,3,3,5,12,9,3,2,8,6,6,4,6,8,5,0.6731
5,6,9,6,5,11,3,1,7,7,8,6,5,6,2,6,6,7,8,7,0.6813
4,5,5,7,6,4,6,5,9,10,7,9,4,4,10,3,5,6,3,9,0.6626
2,6,10,6,3,3,9,7,7,3,8,9,10,4,6,8,4,5,9,3,0.6337
2,6,11,3,2,6,10,8,10,6,10,5,3,3,12,2,6,7,6,1,0.5729
9,10,6,10,8,10,5,6,5,5,6,6,1,8,3,7,5,8,5,4,0.7673
10,4,6,4,6,6,6,4,3,1,3,4,5,7,5,8,13,11,11,6,0.6978
7,4,11,6,5,3,7,6,7,5,3,5,4,7,5,3,6,4,6,10,0.6486
8,12,10,9,3,7,6,10,2,4,5,5,7,2,9,7,3,4,4,7,0.6934
3,7,5,7,5,5,6,11,9,5,7,11,2,5,6,4,5,9,9,8,0.677
6,4,7,4,3,9,6,5,4,6,10,4,8,5,4,4,1,6,9,7,0.6394
6,8,1,7,3,7,6,4,9,8,7,7,7,7,7,7,4,5,4,6,0.6937
8,5,8,7,5,7,4,6,4,3,1,3,8,4,4,3,8,8,7,3,0.6452
13,16,9,5,15,5,0,8,5,6,6,7,6,6,5,5,2,7,7,6,0.9262
2,4,3,4,4,7,6,9,8,7,10,7,5,2,10,5,5,5,8,4,0.6058
7,4,4,3,6,4,7,5,3,9,5,7,7,1,3,3,4,9,8,3,0.5771
7,8,3,4,6,4,8,7,1,7,7,5,6,5,6,5,8,10,7,8,0.6764
7,6,4,4,3,6,13,4,3,6,7,9,8,4,7,3,6,5,4,4,0.5635
3,2,11,6,4,6,4,8,7,6,8,9,7,8,4,5,4,6,8,5,0.6504
4,6,9,3,5,6,7,9,4,11,2,5,2,2,8,2,6,5,9,6,0.5895
8,11,6,6,5,7,3,10,5,4,3,6,8,2,10,6,7,7,11,4,0.732
9,5,3,3,5,7,6,4,3,11,2,8,9,7,9,9,5,9,6,4,0.7079
6,6,9,10,4,4,5,8,6,3,2,6,6,4,6,7,9,7,2,8,0.6951
1,6,6,7,6,6,8,4,7,3,8,7,5,8,4,6,6,5,4,7,0.6525
4,4,7,5,4,5,6,2,5,9,7,2,4,2,5,6,5,3,5,5,0.5389
4,6,4,5,10,8,8,13,5,3,8,6,2,6,3,11,9,5,9,8,0.7
9,2,4,8,5,7,6,6,5,8,4,8,6,6,4,6,4,4,4,9,0.68
8,6,4,2,6,5,6,2,4,6,4,5,4,8,6,8,3,0,9,5,0.6245
7,3,3,9,12,4,1,4,3,6,7,2,6,4,4,2,7,6,5,2,0.6633
5,5,6,8,3,10,7,6,5,4,6,8,4,6,4,5,4,4,8,5,0.6424
5,13,12,7,5,8,6,8,9,3,8,6,7,7,2,5,5,7,6,3,0.738
5,8,9,8,7,8,5,6,8,3,10,4,9,3,7,7,3,2,5,6,0.706
3,5,3,6,6,8,3,8,8,9,9,8,7,9,5,7,5,11,7,2,0.7168
4,3,2,7,6,3,4,7,4,6,10,3,5,6,3,5,6,6,4,9,0.6093
5,7,8,4,5,4,3,6,6,8,10,6,6,3,2,6,3,7,5,9,0.628
5,8,6,6,7,5,3,5,7,7,6,4,6,5,6,5,10,8,8,3,0.6985
2,6,8,4,4,3,7,5,7,4,6,4,3,6,8,8,8,3,7,6,0.6143
4,6,5,12,10,8,3,7,4,7,6,12,5,3,3,8,8,5,5,6,0.6834
4,3,6,3,5,4,3,7,5,8,7,9,10,6,7,4,4,3,7,8,0.6024
7,10,5,5,6,4,3,9,12,5,4,5,3,3,5,4,5,2,8,2,0.6395
6,7,9,10,4,6,7,7,7,3,5,3,8,7,4,2,5,5,5,9,0.6662
8,6,5,5,7,8,3,6,8,6,3,8,5,6,4,5,7,7,8,6,0.723
9,7,7,7,4,4,14,3,6,4,6,5,9,4,11,3,9,4,8,11,0.6956
9,7,8,4,8,8,7,5,4,4,8,5,9,6,8,8,1,8,3,5,0.7509
6,5,9,1,9,4,9,8,4,11,3,7,4,9,10,9,3,9,9,9,0.7532
12,9,7,5,11,7,6,7,2,5,8,5,5,4,8,8,12,7,3,5,0.8227
5,10,8,4,1,5,9,6,4,0,9,6,5,4,9,5,5,6,3,4,0.5695
3,4,8,3,3,5,5,6,3,5,9,6,4,2,6,11,3,7,5,6,0.5618
7,1,9,1,8,11,6,4,8,6,8,9,8,3,6,5,6,6,5,4,0.6694
7,8,3,7,9,6,5,6,7,9,5,4,3,5,4,7,3,4,1,6,0.6649
4,3,4,9,8,3,6,2,7,11,4,7,4,4,5,5,2,5,3,3,0.5628
8,4,7,6,3,2,4,8,7,10,9,5,6,11,4,3,6,5,9,6,0.7561
6,5,8,4,4,5,7,5,2,6,8,4,6,3,6,7,6,5,5,6,0.6115
7,9,6,5,7,7,5,4,5,3,6,9,3,9,6,6,5,3,11,5,0.7119
4,5,5,7,2,4,4,4,7,9,5,7,8,2,5,6,3,7,9,5,0.5729
5,5,6,2,3,7,6,4,8,8,9,5,3,6,6,3,3,3,10,6,0.5735
7,5,4,5,7,4,9,4,6,2,4,3,4,2,2,4,6,7,9,2,0.5774
3,2,8,7,6,6,3,8,7,5,4,1,6,6,10,6,3,9,4,6,0.6485
9,8,4,4,5,11,5,7,2,7,4,5,7,4,12,4,5,4,6,4,0.6618
7,8,5,9,3,6,6,5,2,6,7,7,2,9,3,7,7,5,8,4,0.6779
7,10,10,7,3,7,3,5,8,5,6,5,7,5,4,6,1,4,10,4,0.698
13,7,5,7,4,7,7,3,5,5,6,8,5,8,7,9,6,9,5,8,0.7927
4,3,6,8,2,6,6,7,3,4,3,5,1,4,3,8,4,4,2,9,0.5196
9,4,7,4,12,5,10,6,3,9,9,6,4,8,8,4,7,4,2,11,0.7594
5,4,8,5,6,7,4,7,1,8,3,5,9,7,7,3,4,4,10,8,0.671
3,10,6,6,8,4,7,13,6,5,3,5,3,5,6,5,8,9,8,8,0.7154
10,5,9,7,5,4,5,8,8,3,7,4,4,6,9,9,4,5,5,10,0.7409
4,11,5,4,9,9,8,6,3,4,12,5,10,9,4,10,5,4,6,4,0.7513
3,10,6,4,2,7,3,7,5,7,2,7,7,8,5,3,11,3,3,2,0.5598
7,6,6,8,4,6,3,5,6,11,5,9,3,6,11,5,7,5,3,5,0.6789
4,6,2,5,7,6,1,5,3,7,6,5,6,4,6,8,4,4,10,5,0.6251
8,7,3,3,7,7,7,7,7,7,11,4,4,5,7,7,4,7,7,10,0.7304
7,6,5,4,6,3,4,7,6,5,6,9,8,5,7,5,7,6,6,3,0.6346
4,3,9,5,7,7,9,5,5,4,7,6,5,8,5,7,3,5,8,10,0.6784
3,7,7,7,6,4,3,5,1,4,3,8,4,13,6,8,3,8,8,4,0.6613
3,8,9,3,5,7,6,9,4,7,4,10,5,3,7,7,11,5,3,6,0.6312
7,4,5,7,7,8,6,8,2,5,5,4,5,2,5,3,3,3,8,5,0.6036
4,7,5,7,6,8,3,8,8,6,9,4,1,4,7,5,6,2,7,3,0.6233
3,4,5,9,5,6,2,1,6,10,3,8,3,6,9,5,5,6,6,7,0.6183
8,4,4,4,6,8,6,10,5,13,2,11,3,4,3,7,5,6,7,5,0.695
3,8,6,4,4,3,8,4,4,3,6,11,12,11,6,8,6,11,2,7,0.6826
9,4,9,10,7,5,10,7,3,8,5,9,3,6,3,4,6,6,1,5,0.6815
4,4,8,8,3,5,8,7,5,5,7,3,4,6,8,10,4,7,4,6,0.6246
6,1,6,8,4,5,6,3,4,5,6,10,4,4,2,8,8,3,9,7,0.6109
5,8,5,6,4,10,4,10,10,4,3,8,7,6,8,6,4,6,3,8,0.6847
6,7,2,3,6,6,8,7,9,9,9,7,8,4,5,5,5,8,9,10,0.6917
5,8,4,8,7,9,13,3,4,2,7,8,7,6,1,3,3,7,3,8,0.6236
4,5,7,5,5,8,7,5,4,11,4,5,5,9,5,7,1,6,5,4,0.6474
7,5,4,6,7,2,8,11,5,7,5,3,7,3,3,5,11,4,11,8,0.7031
6,3,4,4,7,4,4,8,7,5,4,6,8,5,6,5,4,6,4,3,0.5859
5,10,15,6,2,3,3,5,7,8,7,7,5,3,5,5,6,6,7,3,0.6534
3,4,6,8,3,6,5,5,10,6,4,4,7,5,8,7,7,7,10,8,0.675
4,3,4,7,3,3,8,6,5,7,6,5,8,4,7,11,7,8,8,5,0.6683
7,5,3,5,5,5,6,4,3,5,3,7,7,5,4,6,6,6,2,4,0.5829
7,12,3,5,4,10,3,6,6,6,11,5,5,8,5,3,5,7,6,8,0.6902
8,6,5,4,6,6,10,6,3,4,9,4,10,10,5,6,5,4,5,5,0.7044
6,7,4,4,7,7,5,10,8,7,9,7,6,4,5,8,6,6,5,6,0.6868
3,6,1,4,2,6,8,7,9,7,4,1,4,7,8,5,5,9,1,10,0.5598
6,9,6,3,2,3,8,5,4,9,5,6,2,5,6,6,7,6,7,5,0.6291
7,8,6,5,2,15,4,4,6,5,4,7,7,2,7,4,6,7,10,8,0.6841
7,1,5,5,8,10,9,3,4,3,6,7,6,4,2,6,5,4,5,3,0.6005
9,9,7,6,11,5,3,4,5,4,7,7,7,11,7,3,6,4,6,5,0.8251
7,3,9,9,4,5,5,9,11,3,7,8,8,5,5,8,5,2,11,5,0.7335
3,7,3,4,3,7,8,8,9,11,9,6,5,11,7,6,8,9,8,8,0.7252
6,7,6,7,4,4,11,5,6,5,8,4,6,3,5,7,3,4,6,4,0.6119
6,7,7,5,8,4,5,6,9,4,5,13,2,5,2,5,5,3,3,10,0.6402
4,7,4,9,5,6,2,5,5,4,5,5,4,5,4,7,12,7,4,6,0.6338
8,5,8,5,5,4,0,7,5,5,7,8,7,7,4,6,5,6,3,8,0.6981
6,6,1,9,7,5,6,10,8,7,1,5,7,12,7,6,4,4,5,6,0.7611
12,4,2,3,5,8,6,6,2,9,9,6,6,9,5,10,8,4,7,12,0.7604
6,7,8,10,7,8,11,8,8,7,7,7,6,6,5,4,7,3,5,8,0.7384
8,6,6,6,1,6,14,6,3,10,2,8,13,10,8,8,4,4,5,5,0.692
7,5,5,7,6,9,4,10,6,7,2,2,8,7,3,6,8,4,4,7,0.7223
6,3,5,5,5,9,2,4,3,9,7,7,7,4,6,7,5,5,2,6,0.5996
1,6,3,7,10,7,9,6,6,5,7,7,6,8,2,7,10,7,2,3,0.6744
8,6,5,4,3,7,7,6,4,7,3,3,8,7,10,6,7,4,6,5,0.6687
5,4,6,3,7,6,8,3,6,3,5,4,5,4,11,9,2,5,7,10,0.6347
6,6,4,7,6,7,7,7,8,7,6,6,5,6,9,3,8,5,5,6,0.7003
7,5,6,4,1,5,5,8,8,10,4,5,8,5,8,4,8,9,4,9,0.6965
2,8,8,2,8,10,4,8,9,4,5,4,11,4,5,8,8,6,5,6,0.6897
3,2,5,8,2,8,4,3,5,4,2,5,3,9,4,4,5,4,4,6,0.5392
6,8,9,7,5,3,4,11,10,7,9,3,5,5,5,12,3,5,7,5,0.7442
10,6,5,6,5,6,3,4,10,5,6,7,4,6,2,1,5,5,11,11,0.73
5,4,6,9,6,4,7,4,6,10,7,7,6,6,6,5,9,3,6,5,0.6602
2,3,6,2,9,5,10,6,5,11,5,6,6,6,6,7,9,2,9,6,0.6406
12,5,7,4,6,5,8,6,3,8,3,7,7,7,4,12,6,4,9,7,0.7582
10,5,5,7,7,3,12,5,7,4,4,6,3,6,5,7,3,4,6,5,0.6391
3,1,4,6,3,4,10,4,7,3,3,5,4,3,7,10,3,8,5,7,0.5202
6,4,9,3,9,9,5,5,4,7,4,5,6,4,2,4,7,8,8,7,0.6516
1,4,4,4,4,8,11,9,5,7,5,4,5,5,6,8,5,8,6,7,0.6073
7,3,9,6,1,4,8,2,11,6,2,10,5,7,6,2,4,5,3,6,0.5961
3,4,6,6,7,9,8,7,8,11,1,5,7,7,5,5,10,6,2,9,0.6976
12,5,6,3,7,7,7,2,11,8,3,2,9,7,7,3,4,5,7,4,0.7239
7,4,5,11,4,7,4,5,5,4,7,7,2,1,5,6,7,5,5,5,0.6217
8,6,2,9,5,6,8,8,9,2,8,11,7,7,10,7,11,5,2,3,0.7908
4,7,6,6,7,9,5,4,3,5,6,7,8,6,7,5,5,7,7,8,0.6905
5,3,6,6,6,5,3,4,5,8,6,9,3,4,5,10,6,8,6,1,0.6122
8,7,7,6,4,6,8,4,6,7,8,11,6,1,6,8,5,5,6,10,0.6858
7,3,11,4,9,11,7,7,5,4,3,6,3,3,6,7,6,3,6,7,0.6845
4,4,7,3,4,4,8,5,7,5,8,5,8,7,8,7,8,7,6,7,0.66
9,6,5,5,8,5,8,10,6,4,8,3,3,3,6,4,4,6,16,5,0.7387
7,7,6,8,3,5,10,4,5,9,10,3,7,6,4,7,7,7,6,5,0.6917
6,5,5,7,4,5,8,6,4,4,3,4,4,11,11,6,6,6,7,4,0.6869
6,2,5,12,9,6,13,6,3,4,6,5,7,5,4,4,8,8,6,4,0.6984
8,9,6,8,4,8,5,4,4,3,10,6,5,4,8,8,8,7,9,2,0.7162
9,10,3,8,8,2,7,5,6,3,8,11,6,8,9,7,8,4,6,7,0.788
6,5,6,5,7,12,4,3,6,6,5,9,4,7,10,8,4,9,6,6,0.7512
3,12,8,3,4,3,4,4,3,6,7,6,3,6,6,2,10,8,6,10,0.6064
7,7,8,6,1,4,5,4,6,3,5,6,7,7,4,6,5,9,8,4,0.6153
3,3,2,4,9,7,5,6,8,3,4,6,6,8,5,4,8,10,4,3,0.655
5,8,7,4,6,8,4,6,10,3,3,10,6,7,3,5,7,3,5,3,0.6187
12,10,8,5,9,7,10,3,6,5,4,4,6,5,8,4,6,6,5,3,0.7679
5,3,4,4,4,8,7,4,6,4,6,4,2,8,1,7,6,10,3,4,0.5959
7,6,8,4,6,7,6,7,5,2,7,6,5,6,8,1,3,8,8,8,0.6616
5,8,3,11,9,6,7,6,9,6,6,8,8,13,2,4,2,6,3,2,0.7577
12,6,7,4,8,5,10,4,6,6,11,6,9,4,5,8,4,7,4,10,0.7868
6,5,6,3,4,3,5,4,14,5,9,5,6,4,6,5,9,6,4,7,0.6452
3,6,4,6,9,7,5,6,6,7,6,3,7,4,1,7,3,3,4,2,0.5837
7,8,3,8,8,5,10,8,5,6,5,4,8,11,6,5,6,5,6,6,0.7591
8,8,6,3,6,8,7,4,3,3,4,9,5,5,6,4,6,3,7,3,0.6044
7,8,3,4,6,4,3,2,3,6,10,7,4,11,7,3,9,5,5,11,0.6805
9,6,6,6,5,5,5,7,5,4,5,8,5,11,11,10,2,3,6,8,0.7521
6,9,3,7,4,5,5,5,7,6,7,6,3,6,4,6,6,4,5,7,0.6591
7,3,10,10,4,6,8,6,6,5,1,8,8,6,5,5,6,1,3,8,0.6367
2,9,5,3,13,6,8,6,7,9,4,6,4,7,3,4,7,7,2,6,0.6684
5,8,5,4,8,4,4,4,7,7,4,7,7,9,3,4,9,5,4,6,0.6665
2,5,9,4,8,7,5,6,12,3,6,8,4,6,8,4,10,8,8,5,0.6473
6,3,1,5,5,4,6,10,6,5,6,14,7,9,10,7,5,6,8,7,0.6988
6,5,4,6,7,6,8,4,7,6,4,9,3,4,9,5,5,9,6,7,0.6474
4,3,4,2,8,4,5,4,2,6,5,10,1,6,7,7,7,4,2,7,0.5758
8,9,3,10,7,1,7,6,5,8,7,4,6,5,7,5,6,4,7,3,0.7074
8,4,14,10,6,4,7,7,8,9,4,6,6,5,9,7,3,8,6,8,0.7717
8,6,4,6,6,4,3,6,5,6,4,5,6,9,5,4,5,7,6,8,0.6898
7,5,7,7,9,11,6,11,6,9,11,8,6,5,8,7,7,6,11,7,0.8503
3,2,6,6,1,6,5,2,9,9,7,7,5,7,8,5,7,10,4,6,0.6102
2,7,3,7,4,10,6,6,8,11,5,7,7,5,8,4,7,10,3,11,0.6873
9,4,7,1,9,6,10,3,6,4,5,4,6,8,4,4,7,6,2,5,0.6204
4,7,3,7,3,4,8,3,4,3,7,7,4,8,11,7,2,9,6,12,0.6434
8,5,9,7,5,3,6,6,8,1,7,5,6,8,8,4,7,6,5,5,0.7256
5,4,3,4,12,5,6,7,4,3,8,6,6,5,9,2,6,8,4,5,0.6597
3,6,6,5,7,6,6,7,9,8,6,4,3,7,7,7,8,6,6,10,0.7271
7,5,4,6,7,6,4,10,9,6,8,7,8,4,6,7,6,4,9,10,0.7619
6,9,3,6,5,9,9,3,8,8,7,7,2,4,5,5,8,8,5,3,0.6724
5,1,9,9,8,4,6,9,9,8,10,5,5,6,5,7,6,8,7,8,0.7926
5,8,7,10,5,7,7,6,2,6,6,1,7,7,7,8,6,6,8,11,0.7446
11,6,4,7,3,4,6,5,8,12,2,7,3,9,8,4,6,8,4,6,0.7251
5,8,9,7,3,1,1,2,5,4,4,5,9,4,8,3,5,9,3,2,0.6022
7,5,6,7,7,4,8,7,6,11,5,5,13,2,8,4,4,5,7,5,0.7127
7,4,4,5,6,10,3,5,3,7,7,3,2,7,4,14,4,8,7,4,0.6624
6,8,6,6,8,7,6,2,3,5,11,8,2,9,9,7,7,10,8,5,0.762
5,3,6,8,5,10,7,12,4,5,11,3,8,6,8,10,6,9,2,4,0.7391
2,5,4,7,15,2,4,8,5,7,6,7,6,3,8,3,8,2,5,6,0.6491
6,5,8,4,7,2,8,8,6,7,2,5,9,6,4,6,6,2,2,7,0.6487
7,6,7,3,4,8,9,8,7,6,9,2,1,6,7,5,8,4,7,9,0.6656
5,4,8,5,7,11,7,7,6,5,4,1,2,8,8,5,7,8,4,6,0.6781
5,5,7,6,3,7,11,3,3,4,2,8,11,5,9,3,7,4,7,3,0.5929
3,7,4,5,3,6,9,6,10,10,6,7,8,10,7,5,4,8,4,4,0.6719
11,3,8,5,4,5,4,5,6,9,9,2,7,6,4,4,9,6,6,3,0.7172
2,9,6,4,3,2,2,7,9,3,9,8,6,10,3,12,9,5,1,6,0.6555
3,7,5,5,6,5,6,6,3,4,6,9,4,8,8,9,5,6,6,4,0.6507
6,7,3,7,5,9,4,7,7,9,4,8,9,7,5,8,8,4,5,6,0.725
5,8,5,2,2,5,4,9,4,4,7,10,4,9,6,8,5,4,6,6,0.5979
8,7,3,7,7,6,7,7,5,8,5,2,5,7,5,5,5,4,4,11,0.7164
3,6,6,10,6,3,5,4,7,6,3,4,6,8,7,9,10,8,2,4,0.6858
10,5,6,6,6,3,6,10,9,4,5,4,2,4,4,6,7,9,4,8,0.6991
8,3,5,6,9,4,2,9,8,9,10,6,8,12,6,6,5,7,5,9,0.8227
2,2,13,6,4,4,2,6,5,5,5,5,6,8,5,7,3,3,6,3,0.582
8,5,2,8,8,6,9,5,6,2,2,4,5,7,7,5,9,7,6,6,0.7255
3,7,5,8,10,8,5,8,9,1,5,6,7,6,9,6,9,5,6,4,0.7227
5,5,5,7,2,7,5,2,5,12,4,7,7,6,6,6,4,7,3,7,0.6202
5,11,4,9,2,4,9,9,9,4,5,5,4,4,8,7,9,5,3,5,0.646
6,5,11,10,2,9,8,5,3,3,7,4,3,7,6,4,3,8,5,4,0.6696
7,6,8,6,8,3,5,3,6,5,7,7,6,6,8,4,7,4,6,4,0.686
7,8,13,5,3,7,10,8,4,6,8,7,8,5,7,9,7,7,7,2,0.7154
7,8,10,2,8,5,3,6,6,5,6,2,9,9,5,3,8,7,8,10,0.7336
3,4,6,5,6,7,7,13,3,5,8,7,3,10,2,8,4,9,2,7,0.6751
6,6,6,8,8,8,7,6,4,3,7,6,6,9,5,8,7,3,8,4,0.7086
4,4,8,4,10,2,5,6,6,2,6,9,4,7,5,9,12,6,3,2,0.6565
5,5,8,9,6,8,5,7,5,6,4,7,4,11,8,10,9,6,9,9,0.8032
5,9,6,5,6,6,5,4,7,4,5,8,9,9,7,10,5,10,3,4,0.7245
6,5,10,9,4,13,6,8,5,5,4,4,4,6,3,2,7,4,5,3,0.6421
4,4,9,4,8,8,7,4,4,9,5,3,8,3,7,4,5,7,6,6,0.6753
6,2,4,8,1,4,4,7,6,6,7,5,4,6,7,6,4,9,5,11,0.644
6,10,9,3,5,6,5,6,8,5,7,9,5,3,5,6,3,3,7,8,0.6555
7,3,5,5,7,6,2,6,2,7,3,3,6,7,7,9,4,5,3,6,0.6499
5,7,7,5,9,6,5,5,6,2,5,6,3,5,5,4,7,1,4,6,0.6113
6,10,2,4,7,11,7,4,12,8,6,5,8,5,2,11,10,7,2,7,0.7516
6,9,6,8,7,4,7,5,5,3,6,2,7,4,7,10,5,3,4,7,0.6593
5,8,11,8,5,3,3,3,2,3,5,7,3,3,4,9,6,6,12,6,0.6654
8,7,10,7,5,14,5,6,3,13,2,3,8,4,5,8,7,3,6,6,0.736
4,3,6,10,6,6,5,9,4,5,8,10,6,6,6,2,6,6,7,10,0.6845
9,4,7,2,3,4,7,6,3,2,7,8,3,7,5,6,8,5,9,5,0.662
10,8,7,6,6,5,11,6,8,8,4,7,5,5,2,3,3,3,3,7,0.683
5,3,4,1,6,6,7,4,7,7,4,7,4,9,9,11,10,8,3,5,0.6595
2,6,6,8,4,8,8,7,5,8,6,5,5,5,6,5,6,5,7,7,0.6268
5,7,0,11,4,6,8,2,5,4,4,7,11,8,8,3,8,6,1,5,0.6682
5,2,6,4,7,3,5,2,5,8,5,8,4,6,4,6,8,10,5,10,0.6339
7,4,7,3,4,7,6,8,8,6,8,4,2,10,1,8,4,3,4,6,0.6572
4,4,7,4,6,13,3,4,5,7,8,5,6,7,10,5,3,6,6,4,0.6649
8,4,4,8,5,6,7,6,7,9,8,9,4,9,3,5,7,7,8,8,0.7747
8,5,4,3,6,6,8,4,6,4,6,5,6,7,5,7,5,10,8,3,0.6521
3,5,7,7,6,3,5,7,6,6,10,5,6,7,6,3,2,2,2,4,0.6028
7,4,9,7,6,6,7,10,8,4,6,13,10,8,5,7,7,3,4,9,0.7811
7,6,4,5,3,5,5,4,2,7,3,1,6,5,5,8,2,4,5,4,0.5561
7,5,6,6,4,3,6,7,6,8,6,6,6,3,3,3,7,6,6,6,0.6151
5,7,5,5,8,8,3,7,6,8,5,7,10,4,4,4,7,6,6,4,0.6865
2,5,7,5,8,4,10,5,6,8,8,3,3,7,10,9,2,5,5,9,0.6547
4,7,6,3,8,4,5,3,9,4,12,9,7,5,6,4,10,6,8,5,0.681
3,2,6,8,3,5,5,3,8,8,1,7,8,5,2,9,10,1,6,6,0.5712
5,5,6,9,10,5,9,9,7,6,4,6,0,8,2,6,3,3,11,7,0.7266
6,11,6,11,9,3,3,10,3,9,6,7,8,6,5,5,4,6,5,11,0.8152
6,8,9,7,10,2,6,3,6,6,6,9,5,8,8,9,6,9,7,4,0.7402
5,4,4,3,9,8,3,9,3,9,1,9,3,6,12,4,6,6,8,8,0.66
5,4,5,8,5,12,6,7,7,1,3,8,7,10,0,5,5,5,5,7,0.6557
6,5,5,4,3,7,5,4,6,6,8,4,4,9,7,4,5,8,7,3,0.6101
10,4,1,9,5,0,8,2,8,5,7,4,10,7,10,4,6,5,6,5,0.6995
6,9,6,5,4,10,3,7,9,6,7,6,8,2,6,8,3,7,8,7,0.7133
8,2,9,10,4,2,4,10,3,8,9,6,7,6,9,12,7,5,9,4,0.7876
3,2,5,6,6,5,3,5,4,7,8,4,5,5,7,5,7,3,7,8,0.603
8,6,2,8,7,5,6,4,10,5,5,12,4,2,6,7,7,7,7,4,0.7
12,5,6,7,8,6,5,5,6,6,5,5,3,6,3,6,4,5,5,8,0.7459
3,4,6,7,3,2,9,2,4,7,5,8,6,5,5,3,9,7,5,9,0.5956
7,5,4,5,6,7,8,5,7,8,8,4,8,6,9,2,7,9,8,7,0.7264
7,8,6,5,6,4,8,3,7,5,6,4,6,6,3,7,3,10,4,7,0.658
6,7,8,4,4,5,4,6,12,6,3,6,5,5,7,6,9,6,3,8,0.6911
2,7,6,7,6,5,5,4,6,6,9,8,6,3,4,4,7,4,4,6,0.5862
3,5,8,6,6,9,7,7,7,9,4,4,8,6,7,6,9,5,3,7,0.7139
6,6,11,4,4,5,7,4,7,8,5,5,12,5,4,1,2,6,10,10,0.6735
5,6,6,5,1,9,5,4,8,6,3,14,6,8,12,4,3,7,6,7,0.6778
2,6,4,3,7,3,3,5,12,5,6,12,9,5,5,3,7,7,4,6,0.5959
6,8,6,4,4,9,7,10,8,10,4,3,4,5,6,6,11,12,8,2,0.7284
5,4,5,5,5,8,4,6,9,5,8,5,4,7,6,6,5,7,6,6,0.665
4,3,4,5,6,4,7,9,5,10,5,7,9,9,8,3,3,8,10,4,0.6717
8,8,3,4,9,3,6,7,8,3,6,8,7,9,2,6,10,11,3,5,0.7193
4,6,5,10,8,4,6,11,7,6,3,3,5,3,3,8,7,6,5,5,0.658
4,4,7,4,13,3,3,5,9,4,8,7,6,10,5,5,8,8,5,8,0.7435
5,6,3,9,5,8,8,7,6,3,8,3,4,1,1,4,5,4,7,5,0.5549
12,3,8,6,5,7,5,6,5,4,2,6,8,9,9,6,7,7,3,3,0.7517
5,7,5,6,7,7,3,9,4,1,8,11,1,9,9,6,4,6,6,3,0.6627
5,3,6,4,7,7,10,9,3,3,10,5,9,3,9,7,7,6,8,4,0.6641
4,7,8,3,5,4,5,6,5,8,2,11,5,7,6,6,6,7,3,4,0.6027
3,6,8,5,2,6,11,5,3,3,7,5,7,4,0,9,7,6,4,14,0.607
10,7,2,6,7,6,3,7,4,4,4,6,7,5,7,6,7,0,9,10,0.7319
7,5,3,6,7,2,4,13,3,5,0,6,6,5,13,5,5,5,8,8,0.6824
2,8,7,7,4,7,3,4,7,3,1,6,10,5,4,4,8,8,6,8,0.6128
8,2,2,4,6,7,4,8,3,9,8,5,5,9,7,8,3,6,7,3,0.699
1,7,6,8,1,4,3,8,2,8,6,6,8,5,6,7,4,3,3,6,0.5349
5,6,7,11,6,2,6,9,7,6,7,4,3,3,8,2,3,10,7,10,0.6758
5,8,8,5,6,11,3,5,3,4,5,7,8,5,4,13,5,1,8,9,0.6867
4,6,5,2,4,3,6,4,2,5,9,6,10,4,6,5,6,8,4,4,0.5641
4,8,7,3,4,5,6,5,3,5,5,4,4,6,6,5,3,8,8,5,0.5815
7,7,5,6,2,5,2,7,4,8,2,5,6,5,3,9,8,2,5,3,0.6163
6,4,4,9,8,1,4,3,4,9,5,3,5,8,7,5,4,4,7,5,0.6496
4,5,4,10,5,7,6,5,6,5,3,4,11,4,10,6,2,10,5,10,0.6759
4,5,7,4,7,2,4,3,6,8,6,4,5,5,5,11,11,5,4,7,0.6441
4,4,10,7,7,7,10,5,6,2,9,10,8,3,9,7,6,4,5,5,0.6841
6,7,8,1,12,5,3,5,6,6,4,7,5,6,7,10,6,6,4,6,0.6951
6,5,8,4,9,8,3,4,11,7,9,4,5,2,6,4,3,7,7,4,0.6795
7,5,4,3,5,9,2,6,6,7,5,5,4,7,5,7,7,6,9,2,0.667
8,3,6,9,3,5,6,7,3,4,5,9,1,5,11,6,3,8,6,4,0.6601
7,4,4,2,6,8,8,11,6,9,5,6,9,8,6,9,8,4,3,5,0.7352
10,11,3,5,5,9,9,10,6,8,7,7,5,8,9,5,3,4,8,4,0.7675
8,8,7,4,6,8,4,5,6,4,4,3,6,5,10,5,3,5,7,11,0.6713
7,6,7,3,2,6,6,8,7,1,7,9,6,4,7,4,3,8,9,2,0.6017
9,12,6,3,5,8,3,6,8,4,9,3,5,7,3,8,5,3,6,8,0.742
7,12,4,4,5,6,6,3,5,8,6,4,5,5,3,4,3,7,5,14,0.6568
7,2,10,9,9,8,3,8,9,2,5,9,11,7,1,3,2,8,7,7,0.7442
5,2,4,4,5,1,4,3,3,6,5,6,1,3,4,3,5,6,5,7,0.481
6,3,10,7,8,5,7,6,13,5,8,4,6,12,10,7,5,6,5,5,0.8165
5,3,3,7,9,10,9,7,3,9,9,6,6,6,3,6,14,4,1,2,0.6848
6,3,8,9,9,5,9,2,4,8,7,10,6,6,4,7,6,4,3,7,0.7039
8,8,6,5,8,6,10,3,7,4,8,4,8,4,9,7,6,6,8,8,0.7251
5,2,5,7,7,3,11,6,3,4,4,8,8,5,5,6,5,9,6,5,0.6253
3,9,4,8,9,2,4,8,6,4,7,8,5,2,7,6,6,6,7,4,0.6055
8,10,4,8,6,6,7,7,8,6,6,6,4,7,8,7,4,4,8,8,0.7558
8,5,3,6,5,6,6,4,6,5,9,5,11,5,3,2,6,5,5,7,0.6661
10,5,8,5,3,9,4,4,9,4,6,6,3,4,6,2,6,5,6,7,0.6567
5,5,8,9,6,8,6,5,5,10,4,4,9,6,3,7,5,5,10,3,0.7244
4,4,11,6,8,9,4,6,7,5,4,8,8,8,9,5,9,4,7,3,0.7363
6,10,4,3,6,4,4,8,6,7,1,8,4,4,8,12,1,8,7,7,0.6638
9,9,1,5,6,7,10,4,4,4,4,8,3,7,9,5,7,9,4,5,0.6922
6,4,6,5,5,13,5,4,4,3,5,7,6,3,10,4,8,8,8,7,0.6652
5,6,4,6,4,7,4,9,10,12,8,4,9,5,6,3,8,6,13,4,0.7211
5,7,9,6,8,5,7,6,6,9,8,5,8,8,8,9,7,4,7,9,0.7833
7,6,6,8,6,1,5,5,6,7,3,10,11,3,6,6,2,9,9,9,0.7006
6,7,5,5,9,7,6,6,8,4,6,1,6,3,9,14,7,5,3,6,0.6946
7,2,9,5,4,7,8,7,3,11,9,7,9,3,2,4,6,2,8,7,0.6475
4,9,4,6,9,7,7,5,5,7,2,9,3,4,10,10,1,9,2,6,0.6629
8,10,1,10,7,4,6,5,8,4,7,11,8,3,5,4,8,6,6,6,0.719
5,5,7,4,2,3,8,5,7,8,4,6,2,7,6,5,7,7,5,4,0.6086
3,9,1,4,5,6,8,5,4,6,3,1,7,7,5,7,5,6,2,8,0.5456
6,4,3,7,4,8,6,7,10,9,9,10,6,4,8,8,6,3,8,5,0.6985
5,1,6,4,8,7,2,9,3,8,7,4,3,4,3,2,4,9,13,5,0.6442
9,2,4,4,8,10,4,5,8,6,12,9,6,9,3,7,5,4,4,1,0.7319
6,6,5,6,7,6,7,6,7,2,11,6,15,5,11,3,4,8,5,4,0.7283
9,6,7,7,5,6,6,9,1,6,5,6,7,11,1,5,10,12,10,5,0.7743
4,7,8,6,11,8,4,10,6,4,5,10,4,4,11,7,1,4,5,3,0.6406
5,4,7,5,5,6,6,5,6,6,6,5,4,5,2,3,2,6,6,7,0.5648
7,8,10,6,4,10,9,5,0,6,1,11,5,3,8,5,7,7,3,6,0.698
6,4,6,6,9,8,5,4,5,3,6,10,2,8,6,4,7,10,3,6,0.7064
2,6,4,9,3,4,7,3,5,2,3,7,7,5,3,4,6,4,7,5,0.5343
9,4,7,7,5,4,5,4,8,4,9,8,6,9,3,5,3,3,1,8,0.6996
9,8,4,7,5,3,5,6,6,6,4,4,9,7,8,8,5,7,5,4,0.7179
6,6,4,3,6,7,11,13,9,5,6,10,2,5,4,4,7,4,9,9,0.6798
5,9,4,8,8,11,7,7,5,9,5,6,2,5,2,6,4,8,6,2,0.6822
4,5,5,8,0,5,6,3,6,4,9,8,10,4,4,6,8,7,6,4,0.5936
9,6,5,3,5,5,5,5,4,5,4,5,5,8,2,4,2,7,11,7,0.64
8,10,4,2,6,4,7,5,6,4,5,3,5,6,7,4,5,5,3,13,0.6602
8,7,4,5,7,5,7,8,9,7,4,8,6,7,6,5,5,7,6,6,0.7354
7,5,2,3,7,8,5,6,7,3,5,3,1,4,3,5,7,8,4,6,0.6195
8,6,9,4,10,12,5,10,2,10,2,7,5,5,6,5,6,6,9,5,0.7781
4,9,11,3,8,5,5,7,8,5,9,8,5,4,4,7,3,11,10,8,0.7114
6,7,10,4,5,5,6,6,4,4,2,4,7,7,3,5,2,8,6,7,0.6304
3,7,9,4,7,13,8,4,5,2,5,8,2,3,4,2,7,2,4,6,0.5658
4,6,7,6,8,6,3,9,5,5,1,3,6,3,5,6,9,4,7,6,0.6537
5,8,7,4,9,7,4,10,9,5,1,5,2,4,9,9,6,6,5,6,0.6904
7,2,7,10,7,7,9,6,7,5,6,3,6,7,3,8,10,7,6,6,0.7451
8,3,4,1,1,4,4,4,6,4,6,6,6,8,11,7,8,3,5,5,0.6154
7,1,8,6,5,6,0,9,7,8,7,3,8,5,10,10,6,7,7,6,0.7517
7,4,6,7,4,7,6,6,5,4,6,5,4,8,4,6,3,9,5,10,0.6872
8,8,7,4,6,3,8,4,8,8,8,2,5,2,8,5,8,4,7,7,0.6939
7,6,6,3,5,9,7,6,4,4,4,4,8,8,5,5,6,1,7,4,0.6344
7,4,7,4,4,7,10,8,2,8,7,9,10,10,3,4,4,6,5,2,0.6829
3,11,9,1,5,1,3,7,9,9,6,10,8,9,5,3,4,8,6,3,0.6325
8,4,4,5,7,8,6,7,8,8,11,9,7,2,8,5,5,4,10,4,0.7223
2,9,9,8,11,6,5,5,6,3,6,8,9,5,4,5,7,3,6,6,0.679
6,6,5,7,4,2,4,1,7,5,0,4,10,8,4,12,9,7,6,6,0.6756
6,6,6,4,5,7,8,7,7,9,7,3,8,9,7,10,7,4,4,5,0.7137
3,4,5,6,2,5,7,6,4,7,7,5,4,4,2,6,12,2,2,13,0.575
7,8,6,7,7,5,3,6,5,4,2,9,8,8,5,6,6,9,6,5,0.7057
6,2,5,2,8,7,5,9,4,2,6,6,9,3,4,5,3,6,3,6,0.5687
6,5,7,5,2,5,9,5,4,6,8,10,13,9,7,2,8,5,1,9,0.6861
3,6,6,7,4,6,10,5,3,6,12,2,4,8,5,3,5,9,3,5,0.644
7,7,6,7,4,2,3,1,5,9,7,7,2,3,6,4,6,3,7,4,0.5864
7,6,7,7,5,6,3,6,5,5,6,2,3,3,5,9,5,7,4,5,0.635
8,5,11,6,3,2,5,8,6,5,7,4,5,4,8,7,5,5,7,6,0.6931
10,4,5,7,6,4,6,11,6,6,3,7,5,4,2,2,4,2,6,6,0.6428
9,8,10,7,8,7,5,7,3,6,2,6,8,5,5,5,8,2,2,9,0.7325
2,7,4,6,5,5,5,4,5,6,2,5,4,7,5,5,9,8,8,7,0.6263
5,2,12,2,3,4,9,6,3,5,4,7,5,3,5,7,5,8,9,9,0.6079
4,10,10,5,8,4,5,7,7,8,6,7,4,4,11,7,4,6,2,5,0.6787
9,1,7,5,10,8,3,6,9,9,8,4,5,5,12,5,6,4,4,9,0.8035
3,5,9,5,5,7,4,9,7,6,6,5,3,7,5,4,9,6,8,4,0.6373
4,7,6,8,2,6,9,11,5,4,9,4,5,2,5,8,3,5,3,6,0.5654
1,4,7,9,6,4,9,8,6,6,5,13,6,5,7,7,4,2,5,6,0.642
5,4,6,4,2,9,2,6,8,3,9,4,11,7,6,2,4,5,8,5,0.6356
3,8,8,4,4,4,6,9,5,6,6,7,5,10,5,6,7,9,5,8,0.6696
8,8,3,6,5,4,2,5,5,4,7,5,3,5,8,6,8,4,8,9,0.6665
7,4,4,4,6,4,7,4,5,6,7,5,5,8,7,6,2,4,5,8,0.64
9,2,4,8,5,6,5,3,2,10,4,4,6,5,4,7,6,6,3,6,0.6254
9,9,6,5,5,8,7,0,9,6,9,7,8,3,9,8,7,12,9,7,0.7383
9,5,8,10,8,5,8,9,9,4,8,5,3,2,8,5,7,6,5,6,0.7397
5,3,6,4,3,4,5,3,3,3,11,7,4,6,8,5,3,6,4,8,0.5584
11,8,4,3,7,3,5,6,7,2,5,4,5,6,5,3,5,3,3,6,0.6564
5,5,6,8,10,6,7,4,4,6,9,5,10,6,5,6,8,6,7,3,0.7069
9,9,6,5,4,10,7,6,2,2,9,6,6,4,5,1,7,4,5,6,0.6681
5,4,5,9,6,4,8,6,5,4,8,7,6,5,2,4,8,11,11,7,0.7124
3,7,1,6,3,2,10,3,8,8,2,7,7,6,3,5,7,11,9,7,0.5955
6,4,8,7,6,6,11,9,8,7,8,5,3,7,6,7,5,4,9,6,0.7329
4,9,5,5,10,6,5,6,3,7,7,6,3,3,10,4,3,5,3,13,0.6779
9,4,7,6,4,7,4,8,4,5,5,3,8,5,8,3,10,2,5,8,0.682
6,4,7,9,6,5,4,7,4,5,3,8,9,8,3,5,5,5,8,4,0.6715
5,8,8,5,6,8,6,7,5,6,8,4,4,4,6,5,6,5,7,6,0.6636
4,4,6,4,3,7,8,5,4,4,8,11,6,3,4,4,5,7,7,3,0.5588
6,11,5,2,6,5,3,5,6,5,4,7,7,3,7,4,4,8,7,4,0.6335
5,7,9,8,10,8,13,5,5,7,9,6,3,5,5,4,3,6,5,6,0.7337
8,2,4,6,5,9,5,4,2,6,7,10,11,7,3,3,12,8,3,8,0.676
7,6,8,6,8,2,4,6,6,5,8,2,5,2,5,9,4,2,6,6,0.6679
7,6,8,2,7,8,6,7,6,5,2,11,5,13,6,2,5,7,6,9,0.7162
7,10,4,6,6,3,6,7,1,7,8,7,8,10,8,6,4,12,5,5,0.75
8,5,8,7,7,4,8,6,3,5,2,8,5,6,6,4,7,4,5,9,0.7144
7,7,7,7,3,4,4,8,5,7,3,7,4,5,5,7,2,6,3,3,0.5911
4,4,5,6,4,6,8,5,7,5,4,11,9,4,5,5,5,4,5,8,0.6097
7,4,3,8,2,5,6,6,6,7,8,10,7,6,7,6,5,9,3,8,0.668
2,7,3,9,4,3,8,4,5,5,9,7,4,1,6,7,3,11,6,6,0.5552
6,8,9,6,4,8,6,7,9,1,4,6,8,3,1,7,6,5,9,6,0.6854
5,1,3,7,4,8,2,4,5,6,2,5,5,7,5,6,4,2,5,6,0.5723
3,6,10,8,5,6,8,5,10,4,5,4,3,7,5,7,5,12,4,7,0.6711
4,5,7,6,10,7,7,5,8,4,8,4,5,8,9,4,4,6,5,7,0.7126
10,4,7,5,3,6,5,4,13,4,11,8,9,5,6,8,6,3,5,6,0.726
7,5,3,5,4,9,7,5,5,7,4,5,7,3,3,7,11,11,8,5,0.6574
4,1,6,9,5,5,4,8,7,3,4,5,5,7,4,7,8,1,6,5,0.6308
7,4,5,6,4,4,9,6,8,3,4,9,5,8,7,8,2,6,6,7,0.6403
2,4,8,3,10,5,6,7,6,7,4,6,4,8,7,9,5,8,4,9,0.6765
6,12,3,10,5,8,5,11,8,7,2,5,4,6,6,7,4,6,3,8,0.7014
3,5,4,5,4,8,7,1,5,4,7,7,8,4,1,3,9,6,3,4,0.5424
2,11,6,4,6,2,4,5,5,5,7,3,5,5,3,7,5,6,6,7,0.5852
3,4,5,4,5,6,4,10,6,5,7,3,11,6,3,9,5,6,9,7,0.6634
6,11,4,3,3,8,8,7,7,5,7,3,7,8,9,2,5,5,5,4,0.6361
6,9,6,8,4,5,3,3,6,7,4,11,2,7,7,11,3,10,2,7,0.7001
6,7,8,9,4,5,7,10,5,7,9,7,6,3,8,6,4,4,6,3,0.6825
9,2,8,3,3,6,1,13,5,6,7,8,7,5,7,6,4,4,6,1,0.6939
4,6,7,5,5,1,4,4,5,10,9,3,1,1,9,10,10,3,5,4,0.5959
2,7,8,8,7,4,5,3,7,10,8,13,3,9,8,4,2,4,5,7,0.6871
7,4,10,7,7,9,7,7,4,10,2,5,3,7,6,3,3,7,4,9,0.7146
4,5,6,8,5,6,6,3,5,5,7,6,7,3,6,2,9,7,4,5,0.6068
4,6,6,6,7,1,8,6,3,3,9,3,5,5,3,8,6,7,6,11,0.6673
5,8,7,3,4,6,9,5,2,10,5,5,3,7,10,11,8,4,7,10,0.6878
6,5,10,6,3,10,7,4,1,5,5,5,9,9,9,10,3,7,4,9,0.7208
7,7,4,2,7,3,5,10,10,3,2,4,5,7,6,4,5,12,5,3,0.6421
7,10,10,7,5,6,5,8,6,6,5,5,6,8,4,6,3,4,8,6,0.7076
7,5,9,11,6,2,8,1,9,6,6,4,8,8,8,7,3,3,7,11,0.7432
6,3,9,7,3,8,7,8,6,6,8,6,9,4,8,6,7,5,11,7,0.7252
6,3,12,4,11,4,10,7,6,4,7,5,11,11,7,3,7,5,8,7,0.7652
5,5,5,5,7,5,6,5,5,5,7,9,10,4,4,7,5,4,7,4,0.6214
7,4,9,7,3,6,5,4,9,4,10,10,7,10,4,7,4,7,8,9,0.777
2,4,6,8,4,2,2,4,6,4,7,7,7,10,5,7,4,7,6,4,0.6166
5,5,9,3,6,5,9,5,6,10,8,7,7,8,4,6,5,8,5,4,0.6442
8,9,6,5,5,7,9,4,5,9,8,9,4,4,12,4,7,6,4,5,0.7065
7,5,4,11,6,4,4,10,7,5,3,9,11,5,7,6,5,6,4,6,0.7054
4,3,6,7,6,2,4,5,8,4,4,7,4,0,5,5,4,6,4,6,0.5322
6,11,5,9,7,8,4,4,9,3,4,5,5,5,5,6,5,7,5,5,0.6995
4,16,7,3,3,10,6,2,5,2,5,6,4,6,10,2,5,4,7,5,0.6097
8,6,4,6,11,11,5,4,4,7,3,7,6,8,3,12,4,3,8,7,0.7768
3,11,8,4,10,12,4,9,8,12,3,8,1,7,4,8,3,6,5,6,0.7394
12,6,6,3,7,5,7,5,8,6,4,3,8,5,3,10,5,5,8,3,0.7188
8,9,7,4,9,9,6,7,9,6,8,8,4,9,5,6,7,6,4,1,0.7748
9,12,5,8,8,4,7,7,4,7,4,6,2,5,9,4,8,6,7,6,0.7636
7,7,7,7,5,4,8,6,5,5,9,10,8,10,3,2,4,8,4,5,0.7084
6,3,2,8,3,1,3,1,8,9,3,7,6,8,6,10,5,6,8,14,0.6807
8,9,6,6,6,5,5,7,4,6,3,11,4,5,4,3,1,9,3,7,0.6448
9,4,4,8,9,3,4,6,5,6,8,8,2,9,9,7,3,7,8,8,0.7783
9,3,7,6,5,4,7,9,3,3,4,5,13,5,5,8,5,5,6,3,0.6811
7,6,2,6,9,9,5,7,5,9,5,8,7,6,5,4,3,7,5,4,0.6981
4,6,8,5,5,5,7,7,11,8,4,5,7,8,5,9,4,5,8,1,0.6985
6,5,9,9,8,7,5,3,7,6,7,6,4,4,3,9,5,5,9,3,0.6859
7,3,6,9,7,6,7,8,9,8,8,8,5,7,4,5,2,5,4,3,0.6853
6,9,4,4,7,8,10,7,2,5,5,5,6,4,4,8,6,2,6,4,0.6369
2,4,5,5,3,6,8,5,7,6,12,6,8,7,4,6,4,9,6,2,0.5777
7,7,3,5,7,8,7,6,6,2,8,5,6,6,4,4,6,5,6,7,0.6953
5,8,6,10,10,4,6,7,8,5,5,3,11,9,6,2,7,12,3,8,0.7898
7,7,5,6,5,5,11,4,7,7,7,8,5,6,5,9,8,5,7,11,0.7101
3,9,5,7,8,6,7,7,6,3,8,5,7,5,9,3,2,6,3,2,0.6212
2,8,8,8,7,5,7,9,4,4,5,4,6,9,2,4,3,9,4,7,0.6572
4,5,6,3,9,7,5,4,7,6,8,4,5,5,6,4,5,10,9,3,0.6933
2,4,5,9,2,4,3,6,5,7,7,8,9,7,5,4,6,4,6,9,0.5809
5,6,7,5,6,8,8,7,9,5,5,5,6,5,6,7,6,5,7,3,0.6411
1,5,7,7,4,3,6,5,8,4,7,3,4,1,4,7,6,6,7,9,0.5352
5,9,2,7,7,5,7,3,2,7,6,4,4,2,12,9,8,3,5,5,0.6211
4,6,6,7,6,4,2,9,7,11,4,5,8,6,6,3,10,4,7,4,0.6872
3,5,2,5,10,7,5,5,10,3,5,10,8,7,11,6,4,9,8,7,0.7159
3,5,3,4,7,6,10,5,6,12,6,5,7,7,9,5,2,2,9,4,0.6549
5,5,4,8,8,7,5,5,5,9,5,5,6,8,1,9,3,6,4,5,0.703
7,3,6,5,7,4,1,3,12,8,5,3,5,4,9,4,6,4,8,5,0.6666
3,9,6,4,6,3,4,11,6,7,5,6,6,6,3,6,8,1,9,3,0.6186
4,3,7,3,5,8,4,10,10,6,2,5,5,3,8,9,7,2,2,7,0.5959
3,5,6,5,5,6,3,10,6,6,7,3,6,7,5,3,2,4,6,3,0.5976
7,8,5,2,4,5,5,8,11,5,2,5,6,4,5,7,8,12,12,11,0.7178
6,5,9,4,7,3,9,3,4,6,3,7,3,5,4,8,5,9,7,6,0.65
10,3,7,2,6,4,4,4,8,5,7,9,7,4,10,4,3,3,5,4,0.651
11,4,5,3,9,8,3,7,6,9,8,5,5,8,6,6,6,7,7,4,0.7877
2,6,9,8,5,3,6,5,11,4,10,3,5,4,6,3,7,4,1,4,0.6082
7,6,7,7,13,7,14,6,6,3,8,7,7,3,6,7,4,11,10,2,0.7717
6,5,4,4,10,8,5,8,3,6,3,7,9,7,4,4,7,6,3,2,0.6244
6,9,10,5,6,3,3,4,6,5,7,8,7,6,4,8,5,3,5,2,0.6244
2,3,6,5,3,8,6,6,4,8,4,7,3,10,5,6,7,1,5,9,0.576
9,5,5,8,7,3,8,7,4,8,8,11,8,8,4,5,2,4,4,9,0.7301
3,10,2,7,9,7,7,7,5,2,7,7,6,7,7,3,5,5,5,7,0.6499
7,4,3,5,6,7,6,8,3,4,4,7,4,6,3,2,4,4,5,5,0.566
4,6,9,4,6,7,3,7,10,11,9,6,3,3,5,5,7,3,10,6,0.7009
1,5,4,5,3,8,2,4,5,7,5,7,9,4,5,16,6,3,2,2,0.5487
9,6,3,4,10,7,8,9,8,6,7,11,4,4,5,1,10,5,7,5,0.7249
4,7,3,3,1,3,3,7,5,2,4,13,8,6,7,5,7,4,9,4,0.5639
5,8,8,8,5,6,8,5,4,6,4,5,5,6,6,5,4,7,11,9,0.7048
4,7,6,6,3,8,3,3,5,10,6,6,4,13,6,3,6,5,7,3,0.6447
8,7,7,5,6,6,8,8,8,4,4,3,6,7,6,6,3,5,7,8,0.6819
1,6,7,8,4,10,4,5,3,4,5,6,7,4,8,2,5,3,5,7,0.5314
7,7,7,6,6,5,8,6,2,9,4,8,4,7,7,2,5,8,7,4,0.668
6,1,6,5,6,7,9,4,4,8,3,4,5,8,9,4,5,6,2,13,0.6432
3,2,4,4,6,7,8,6,7,6,6,3,10,6,4,6,3,8,5,4,0.592
6,7,6,6,6,5,4,12,9,4,8,3,6,7,3,7,6,8,4,3,0.7027
7,8,6,8,7,8,11,8,8,11,14,10,2,4,6,5,9,8,8,10,0.8382
6,9,5,6,6,7,8,6,4,5,8,12,8,9,10,4,7,1,5,4,0.7403
5,8,9,6,6,4,4,7,5,8,7,7,7,5,5,6,6,6,7,7,0.7237
11,5,5,8,4,2,9,8,4,7,3,4,1,8,4,6,8,5,5,8,0.6797
2,5,7,8,3,7,4,9,8,5,6,5,3,7,5,4,11,5,7,3,0.642
2,2,3,9,4,5,7,9,8,6,5,11,3,6,7,3,8,9,4,3,0.5829
6,4,3,6,7,5,6,4,2,11,7,4,6,7,4,5,3,7,3,8,0.6625
6,3,4,6,4,2,1,3,8,8,4,5,5,4,10,8,9,3,6,6,0.635
5,9,4,4,4,12,4,4,9,5,8,6,7,1,5,3,7,9,9,4,0.6178
6,4,5,8,10,8,6,3,7,7,2,11,4,2,5,5,7,8,2,3,0.6341
5,1,8,10,7,10,6,8,1,5,7,5,6,5,14,7,2,2,6,7,0.7372
5,5,7,3,8,5,3,6,3,3,5,6,5,8,5,6,5,1,3,4,0.5815
9,5,7,7,4,3,7,4,4,1,7,6,8,5,8,5,5,9,8,4,0.6812
9,7,11,6,5,4,5,5,3,6,11,5,7,8,5,5,6,5,10,2,0.7403
4,5,9,5,5,6,4,7,3,4,6,6,9,5,4,9,3,6,7,4,0.6389
5,9,1,4,9,8,5,5,4,6,6,6,5,9,0,11,6,4,8,2,0.6738
4,9,6,6,6,7,8,5,1,6,7,2,3,5,9,5,10,6,8,10,0.7133
5,7,7,4,13,4,10,1,8,4,6,5,4,6,8,6,6,6,7,9,0.7377
5,3,4,5,6,6,6,4,8,3,8,4,3,3,8,5,6,7,6,7,0.6109
8,4,4,9,3,5,4,5,4,6,6,5,6,6,7,8,7,7,9,6,0.7159
7,8,4,4,5,3,6,4,3,5,8,4,5,9,7,3,7,4,6,5,0.6241
5,6,8,4,11,5,6,7,9,6,9,3,10,3,0,4,5,3,9,8,0.7037
8,8,2,8,6,7,5,3,7,8,9,9,6,7,5,8,4,3,6,7,0.7298
4,9,9,8,10,4,3,6,6,4,10,3,6,6,8,6,5,9,8,4,0.7533
6,3,9,3,7,3,10,4,2,7,7,7,5,8,5,5,8,5,7,3,0.6503
7,11,5,4,8,9,4,5,5,3,4,3,5,4,6,5,8,5,7,9,0.7005
6,5,7,3,4,8,7,2,4,6,6,5,7,6,8,3,7,5,9,5,0.6505
5,7,6,1,6,4,2,10,4,4,8,3,3,3,8,2,6,11,7,7,0.6383
4,3,6,9,10,4,4,8,4,4,3,10,6,3,9,10,3,1,7,7,0.6362
10,10,4,5,2,8,5,4,6,3,4,7,5,6,2,7,4,4,3,8,0.6275
6,9,4,5,5,8,3,4,4,3,7,5,5,3,3,6,4,4,7,3,0.5928
5,3,4,4,8,6,4,5,6,8,5,3,6,5,7,6,4,8,5,9,0.6432
7,9,8,5,7,6,6,8,7,5,7,10,5,4,6,2,4,4,4,8,0.6907
9,2,6,3,11,5,11,7,5,7,10,7,6,5,11,3,9,8,9,5,0.7715
4,8,7,4,8,3,7,4,5,5,4,6,8,7,3,9,2,4,10,12,0.6832
4,7,1,6,8,15,9,5,4,3,5,6,4,7,4,3,8,5,5,10,0.6508
5,7,6,2,5,6,7,6,4,9,7,8,10,6,9,3,9,8,7,3,0.696
4,5,7,7,7,4,5,7,7,5,9,5,6,5,5,2,3,4,2,4,0.6177
5,3,10,5,4,4,4,8,8,6,6,8,6,7,5,9,6,7,4,8,0.6802
6,9,3,5,6,5,4,4,7,5,7,3,6,8,2,2,7,5,3,7,0.6438
3,8,2,5,9,6,7,9,6,6,8,2,5,5,7,7,5,6,6,4,0.6509
6,7,4,6,7,7,10,9,5,6,6,6,8,11,9,6,8,5,3,4,0.7443
2,6,6,10,8,7,6,5,4,9,7,5,9,4,9,12,6,4,8,6,0.7262
6,9,3,4,5,8,6,6,6,5,6,5,10,4,4,5,8,6,2,9,0.6536
3,9,7,2,6,5,7,7,8,5,6,7,6,10,6,6,8,5,6,6,0.678
4,6,9,5,5,6,3,9,13,6,6,5,4,9,5,8,5,9,8,4,0.7249
4,4,6,6,6,2,5,9,6,11,4,2,7,5,6,3,7,9,6,6,0.6662
4,6,4,3,5,9,4,3,6,7,9,5,6,3,6,2,6,8,4,1,0.5774
5,7,7,5,5,9,11,8,3,5,8,7,9,6,6,8,6,9,5,6,0.6899
6,5,12,6,9,6,6,14,4,9,9,9,6,3,6,8,4,3,3,10,0.7513
5,7,8,7,5,5,5,9,5,1,6,10,8,10,6,7,6,6,8,8,0.7454
9,8,6,6,10,4,6,8,2,4,4,2,11,4,6,4,5,3,5,7,0.723
4,7,8,9,4,10,5,8,3,5,9,6,8,5,5,5,2,11,11,6,0.7213
3,8,4,7,7,7,4,7,2,5,3,5,2,3,6,5,6,4,7,4,0.5862
3,2,4,3,9,8,3,2,4,6,6,6,5,4,3,3,4,4,10,5,0.5601
4,8,5,4,2,10,8,3,4,9,7,9,6,4,5,5,7,5,6,8,0.6414
4,6,6,5,1,8,5,6,9,7,5,9,6,3,5,8,8,7,9,7,0.6554
2,7,3,1,4,9,7,9,3,8,3,6,7,8,6,5,6,10,5,2,0.563
3,3,4,6,8,6,7,4,10,4,2,5,4,6,5,6,3,6,1,5,0.5761
7,8,3,11,9,4,5,10,6,6,4,7,5,10,8,4,5,12,6,7,0.8313
7,10,7,6,3,8,2,8,5,11,6,4,3,6,5,5,4,8,6,5,0.7126
6,9,3,6,3,9,6,7,7,8,4,10,6,3,7,6,8,6,7,3,0.6495
5,11,7,8,2,7,4,7,6,8,4,4,6,8,3,8,6,11,6,11,0.7233
4,6,3,9,6,3,4,4,3,7,6,5,5,4,3,4,6,6,9,7,0.5794
6,7,9,10,3,6,7,5,6,7,4,5,5,5,4,6,5,11,6,8,0.7118
2,3,7,7,3,5,5,5,7,4,5,3,4,2,7,5,4,4,1,9,0.5091
6,5,8,3,4,5,5,8,5,5,2,9,4,3,6,7,5,6,7,5,0.6118
5,5,4,7,10,3,6,7,6,5,4,10,9,4,7,3,4,11,6,3,0.6769
8,5,5,4,7,10,7,5,6,6,4,2,2,4,7,3,7,8,2,3,0.6502
6,7,5,8,4,4,6,5,5,12,5,4,6,4,4,1,7,3,6,6,0.6186
10,7,4,7,9,4,12,3,4,6,10,9,5,4,6,7,9,7,6,4,0.7254
4,9,6,6,5,3,4,7,7,6,5,6,9,7,6,4,7,7,3,14,0.6834
3,7,4,10,4,2,3,4,7,6,9,6,3,4,9,12,8,5,3,9,0.628
8,5,3,3,4,6,5,5,3,10,4,12,8,10,7,4,7,7,4,4,0.6422
11,6,3,3,7,5,7,5,6,6,8,6,6,8,10,6,6,3,4,6,0.7225
2,4,4,5,5,8,5,8,9,6,8,5,6,6,7,5,8,7,4,6,0.6124
7,9,6,5,6,8,8,5,4,3,7,4,1,7,8,5,7,9,7,6,0.6769
7,8,9,1,5,6,4,9,4,10,6,8,3,5,2,7,9,5,3,8,0.6522
2,4,6,8,4,3,5,7,7,5,7,3,5,7,7,5,5,7,4,6,0.6165
11,9,2,5,4,5,7,6,6,8,6,11,7,2,8,6,9,12,7,7,0.7821
7,3,6,5,8,6,5,8,10,2,5,5,5,7,6,7,5,6,7,9,0.6892
2,11,7,5,6,6,6,5,5,4,1,4,5,9,8,5,5,8,6,3,0.6179
7,7,5,3,8,7,9,4,5,8,3,7,5,9,5,6,6,5,3,9,0.6787
7,4,8,3,4,7,8,9,6,1,6,8,5,9,4,3,8,8,3,4,0.6393
6,3,6,7,7,7,7,4,7,5,2,4,3,3,11,9,3,4,3,6,0.6043
5,6,4,6,6,8,4,3,1,7,9,8,7,4,5,4,5,9,6,4,0.607
3,3,5,7,6,6,5,5,3,5,7,6,7,4,10,13,8,3,7,3,0.6426
5,12,6,9,4,6,5,5,4,10,11,7,8,6,9,5,9,4,5,4,0.7426
5,4,9,3,9,7,9,11,8,1,5,4,7,5,5,8,5,5,7,4,0.6738
3,6,3,6,5,5,3,8,7,16,7,4,10,2,7,8,10,5,11,2,0.6843
13,5,6,12,6,2,8,6,6,3,6,7,5,10,7,3,6,9,7,6,0.8116
8,5,5,9,5,1,8,7,7,4,5,4,6,5,4,4,5,5,4,5,0.6381
5,4,9,6,5,9,5,8,2,10,6,3,6,6,7,5,3,11,6,7,0.6845
7,5,2,10,8,9,8,3,2,8,5,4,4,11,6,2,4,9,5,5,0.7525
6,10,4,9,7,7,10,6,3,6,2,4,7,10,4,8,6,9,8,4,0.7547
5,3,6,11,6,6,9,3,10,8,6,6,7,4,7,5,2,6,7,5,0.6868
5,3,8,8,4,4,8,10,7,6,5,5,7,3,2,3,7,7,5,7,0.6123
6,9,4,8,8,6,8,2,11,8,9,9,3,6,3,5,2,8,7,10,0.7032
2,6,7,5,6,8,5,7,11,7,7,6,5,5,5,3,7,5,10,2,0.6682
8,6,7,8,5,5,5,6,6,6,8,5,5,8,6,7,6,4,5,7,0.736
11,7,11,5,7,10,2,8,4,8,5,5,4,4,6,9,4,10,12,7,0.8461
5,2,7,3,5,9,9,6,8,7,6,4,7,5,4,8,3,4,5,8,0.6131
6,5,5,8,10,4,10,5,10,4,7,9,6,7,6,7,5,4,3,7,0.7186
4,5,5,5,6,6,6,3,11,4,7,5,5,8,5,7,5,5,8,5,0.6448
7,12,8,7,4,6,5,7,5,6,9,6,3,3,5,6,8,7,7,8,0.7311
5,7,3,5,8,4,8,7,6,8,8,3,12,5,5,3,11,7,5,6,0.7056
9,9,8,9,6,6,8,4,2,9,4,4,5,4,7,6,6,7,7,4,0.7034
9,3,5,6,4,8,5,3,6,11,3,4,5,7,5,5,7,6,9,5,0.6943
4,10,5,8,7,5,6,5,4,5,11,6,7,3,4,5,7,8,5,5,0.6699
8,7,2,5,7,4,4,7,1,8,3,9,4,1,8,8,4,6,6,5,0.6292
4,6,5,4,5,10,8,7,4,4,8,8,4,8,6,7,5,5,5,3,0.6362
5,4,5,6,5,4,7,2,6,2,4,9,4,4,3,10,10,4,7,7,0.6108
6,5,11,4,6,9,8,6,9,3,6,7,5,7,10,6,5,2,4,3,0.6808
7,3,7,3,4,6,4,5,4,9,6,4,8,7,5,3,5,7,7,4,0.6252
5,5,6,2,6,6,6,6,8,5,9,7,2,2,7,10,8,3,8,6,0.6443
6,7,5,5,6,7,7,7,6,5,6,6,5,6,6,6,6,5,6,7,0.6788
6,6,10,6,6,5,6,7,6,6,5,1,3,6,8,5,6,5,2,8,0.6674
6,6,4,6,5,6,5,11,3,6,5,6,10,6,5,4,7,5,5,3,0.6495
8,10,6,7,8,5,7,6,2,5,7,9,4,3,8,4,5,4,3,3,0.6761
3,8,5,8,4,6,7,8,3,4,6,9,8,8,2,11,4,9,5,6,0.6521
4,6,7,7,6,4,7,6,8,3,3,7,6,6,11,2,7,10,3,4,0.6472
6,11,6,4,7,5,4,6,8,4,8,5,5,7,5,7,10,9,6,6,0.7402
5,7,12,5,10,4,6,7,7,3,6,6,4,6,5,4,4,4,6,8,0.6989
4,6,8,4,4,6,6,4,4,5,4,8,6,10,7,5,8,7,5,1,0.6065
11,6,7,7,9,8,7,9,8,3,4,5,4,2,10,4,6,5,8,4,0.7911
4,2,9,5,5,4,11,10,13,9,7,6,8,5,4,4,7,4,5,3,0.6515
6,7,7,4,8,8,5,4,4,8,3,6,6,9,5,7,5,3,10,8,0.7479
7,9,5,5,5,7,6,3,4,9,4,10,8,4,2,6,6,5,8,9,0.6752
2,7,7,9,7,6,6,1,3,4,6,8,5,5,5,3,7,7,4,3,0.6067
3,11,6,5,11,5,5,3,4,1,4,8,6,5,5,4,3,5,9,6,0.5892
6,14,3,7,6,6,4,11,8,5,5,5,7,8,1,7,6,8,5,9,0.7567
8,6,4,4,4,2,4,6,5,7,4,5,6,8,9,5,5,9,10,5,0.6848
5,5,8,6,5,6,8,6,3,7,3,6,4,5,5,6,11,6,5,6,0.6671
5,5,3,4,3,6,8,9,4,3,8,7,7,4,7,10,10,7,11,7,0.6755
5,7,3,7,12,8,6,7,3,4,8,6,7,2,8,3,5,6,5,4,0.6682
6,12,6,6,8,4,3,4,6,7,8,7,8,5,6,5,14,7,5,2,0.7225
3,3,4,11,7,3,9,9,7,5,4,6,7,5,3,4,3,5,5,6,0.6213
6,6,6,4,6,6,7,4,9,7,3,9,7,7,7,11,6,8,6,5,0.701
6,8,6,4,7,5,5,5,6,8,4,5,5,1,7,11,5,5,8,6,0.6482
9,4,1,9,6,8,5,10,4,4,5,7,6,3,5,6,5,10,4,10,0.682
3,5,6,4,12,7,6,5,7,7,9,2,6,7,3,7,3,7,5,6,0.6893
2,5,6,8,6,3,3,9,5,4,10,4,4,11,8,3,8,6,6,6,0.6722
4,5,4,2,5,4,11,7,6,10,16,6,10,10,5,3,7,6,4,8,0.6914
3,6,7,8,5,4,5,6,9,6,14,5,6,4,5,6,1,7,5,9,0.6604
4,9,8,3,7,6,5,2,11,8,13,4,5,8,3,4,6,8,4,5,0.675
3,5,8,7,9,6,5,5,8,8,2,9,8,1,1,4,3,8,10,6,0.6201
7,9,5,7,11,3,2,4,9,3,6,10,5,6,3,7,2,2,8,8,0.7442
6,15,5,7,6,4,7,5,6,8,6,3,6,7,6,5,2,9,7,7,0.7269
5,5,3,9,8,7,12,9,2,7,13,11,3,1,10,6,4,6,7,10,0.7259
7,4,6,4,7,9,9,2,10,5,3,8,2,4,9,1,5,9,5,8,0.6378
5,7,7,6,1,0,8,3,11,8,4,6,8,4,6,8,7,5,12,9,0.6671
5,7,7,9,5,3,6,10,9,2,5,5,6,8,4,4,7,3,4,7,0.6586
4,6,7,3,8,4,10,3,7,6,5,3,8,6,7,5,5,7,9,7,0.661
6,8,6,5,8,6,9,5,5,11,7,5,10,7,8,5,6,8,6,0,0.7496
4,7,6,6,12,5,6,10,1,5,1,3,2,7,4,4,5,6,3,5,0.6214
7,5,5,6,6,11,8,6,5,5,4,6,3,10,7,7,5,1,7,10,0.7138
6,6,5,2,3,4,3,10,4,8,6,6,3,2,6,7,5,6,11,7,0.6056
7,5,8,3,7,3,6,7,7,6,4,9,3,5,8,3,5,5,3,5,0.6268
3,9,8,4,2,4,9,3,5,10,6,8,11,8,9,3,3,4,7,5,0.6343
8,2,4,8,7,4,5,11,6,9,4,5,5,8,1,3,7,4,7,9,0.713
3,7,7,3,8,6,5,5,7,9,1,4,2,8,2,6,10,5,6,8,0.6542
7,6,5,2,4,3,1,3,3,7,8,6,9,10,5,7,3,4,4,5,0.6211
6,6,5,7,11,2,10,6,3,6,7,12,6,3,9,7,8,5,7,2,0.6914
4,7,7,4,7,5,4,8,2,6,5,3,8,7,9,8,5,8,4,8,0.653
6,8,2,5,3,5,7,5,2,3,8,6,2,8,5,5,4,1,7,9,0.603
4,7,7,7,6,3,5,7,7,1,6,5,3,9,5,5,2,6,8,6,0.6186
8,3,7,3,3,4,5,10,6,4,6,9,5,3,5,2,7,8,3,8,0.6036
8,3,3,12,4,7,8,0,6,6,3,2,7,1,5,10,11,9,10,5,0.6717
5,8,2,5,3,7,6,7,8,6,6,5,9,6,10,13,4,4,5,9,0.7005
5,6,9,9,7,6,4,6,5,7,4,4,5,5,7,6,8,4,8,5,0.727
6,3,8,7,9,8,3,10,9,1,3,7,7,4,3,5,1,7,7,12,0.7201
3,6,4,9,4,5,2,4,6,8,4,6,6,6,6,4,8,4,6,5,0.6221
10,6,8,10,3,7,5,3,4,6,8,2,5,6,8,3,3,5,4,6,0.7023
5,9,4,6,2,8,7,4,4,3,3,4,9,4,6,4,10,8,5,4,0.596
1,4,3,8,7,6,7,9,6,5,11,8,7,5,7,12,6,5,7,2,0.6628
3,6,4,7,8,11,3,9,2,10,5,3,5,5,6,5,3,3,6,4,0.6159
6,5,8,11,6,2,9,8,4,6,3,4,8,6,6,5,4,5,8,6,0.7237
4,1,5,4,7,10,6,9,4,4,2,4,6,5,10,5,9,4,6,4,0.6256
3,7,5,7,4,7,4,7,7,8,9,6,6,3,7,8,5,5,5,7,0.6699
8,3,3,5,6,4,12,10,7,5,3,10,9,4,3,10,5,4,4,6,0.6357
6,4,6,7,7,6,9,9,5,11,4,3,7,8,6,7,8,6,6,3,0.7161
8,6,7,8,6,10,10,7,4,16,7,7,4,8,5,8,9,7,5,4,0.8099
7,5,3,7,7,3,5,6,5,4,5,7,3,5,3,7,7,5,5,7,0.6431
13,4,2,9,8,4,6,4,8,5,8,9,9,1,5,5,4,8,5,11,0.7452
4,5,7,6,3,8,6,4,7,11,8,4,5,6,5,6,4,8,4,6,0.6392
3,6,9,3,7,6,6,7,5,6,1,8,3,8,5,3,3,3,8,6,0.5852
5,4,9,4,5,4,4,8,8,8,10,6,5,5,6,1,8,7,9,4,0.6865
1,8,5,2,5,6,5,5,7,3,7,10,7,4,8,4,5,5,4,5,0.555
7,4,0,2,4,8,5,9,7,11,2,7,6,5,5,5,10,7,7,6,0.6326
6,2,6,7,3,8,4,7,7,6,5,12,5,4,2,6,7,8,6,7,0.6414
5,2,8,7,8,2,5,3,7,8,7,5,5,5,7,11,7,8,5,7,0.7063
6,4,6,3,8,6,5,0,6,6,5,4,8,10,7,10,6,6,3,9,0.7056
7,8,7,5,8,4,7,11,1,4,3,9,9,5,5,6,6,7,7,3,0.7038
6,3,6,7,6,5,5,8,4,4,7,8,8,3,6,7,4,9,5,7,0.6465
3,6,6,1,5,9,6,2,5,4,6,6,8,5,9,9,4,3,3,5,0.5538
3,5,5,3,6,4,4,5,5,5,8,6,6,7,6,5,13,1,7,7,0.6575
5,7,7,6,4,10,6,6,2,3,9,7,7,5,7,7,4,1,3,4,0.6076
5,5,3,4,5,2,6,8,6,7,6,6,9,6,7,5,7,5,4,6,0.6755
8,8,6,6,3,7,4,5,5,5,6,4,11,12,5,4,5,4,7,5,0.7115
5,4,6,9,7,5,4,7,6,6,1,6,9,8,2,8,4,6,10,7,0.708
4,6,6,8,9,5,4,8,9,10,13,8,5,6,4,5,5,6,10,4,0.7457
7,10,7,5,7,7,7,6,5,8,11,8,7,5,5,3,6,9,4,2,0.7064
6,7,3,7,9,2,6,5,7,5,11,8,10,9,8,8,2,3,8,7,0.7868
7,6,9,8,4,1,3,7,5,6,7,2,2,2,3,6,6,7,5,8,0.6483
6,6,5,5,5,10,2,8,4,3,6,8,8,5,4,7,4,5,9,6,0.6654
2,6,4,8,2,3,4,8,8,4,5,12,5,8,7,9,4,9,9,7,0.6816
8,4,6,5,5,4,7,6,9,5,8,4,8,4,5,7,4,4,3,7,0.653
7,7,2,8,8,1,7,5,11,7,6,5,4,8,3,4,6,6,5,14,0.7343
5,5,5,5,8,4,6,5,6,6,2,6,7,7,7,3,2,5,9,8,0.6373
11,4,8,6,4,8,6,10,6,4,8,6,3,8,6,6,2,2,9,5,0.7507
5,5,7,11,6,4,5,4,3,8,3,3,5,4,7,10,3,4,7,5,0.6658
7,7,9,6,6,7,4,5,9,6,6,7,8,7,7,7,9,7,3,9,0.7932
8,5,7,7,8,7,4,6,12,5,3,8,1,3,5,5,6,7,8,10,0.7392
7,1,3,3,3,5,7,10,4,7,8,4,5,2,8,3,6,8,12,7,0.6519
7,4,9,7,11,2,6,3,4,5,6,12,3,6,3,8,8,5,5,7,0.6812
5,9,7,10,6,3,11,5,4,5,7,5,5,4,4,6,4,5,8,9,0.6473
5,7,7,9,6,7,3,6,3,5,4,3,2,3,5,4,5,7,3,5,0.6281
9,6,7,4,4,4,9,3,5,6,4,4,6,2,10,7,9,5,10,8,0.6813
7,9,2,3,4,5,1,9,10,4,9,4,4,8,3,5,9,6,6,6,0.6815
9,4,10,6,5,4,7,6,8,6,5,2,3,3,3,4,9,5,4,11,0.6547
7,3,8,2,7,3,4,4,5,7,7,6,3,6,6,7,3,7,7,8,0.6365
5,9,8,5,11,7,9,6,4,4,9,8,12,5,7,2,10,8,6,7,0.7543
7,6,7,15,4,7,5,5,14,5,12,6,6,5,6,3,6,7,6,6,0.7888
8,8,4,5,4,8,3,6,6,2,7,5,6,9,7,3,2,9,2,3,0.6335
6,5,3,4,4,3,3,7,3,8,7,8,5,4,6,8,6,3,4,6,0.5715
5,7,8,10,5,4,6,4,7,10,7,7,7,3,2,9,7,5,7,7,0.695
8,6,4,7,4,8,10,6,4,8,5,2,6,4,6,8,6,7,5,6,0.6692
2,7,5,3,6,8,5,5,8,9,3,10,3,5,4,5,6,5,8,4,0.6093
9,7,2,5,5,11,9,9,8,12,7,1,9,9,6,10,7,9,4,7,0.8128
8,6,8,5,6,2,10,4,6,6,3,2,4,8,8,6,5,10,13,9,0.7438
4,6,7,7,9,8,7,1,1,7,3,8,7,8,5,4,3,7,3,5,0.6423
6,8,5,7,4,4,10,6,5,2,5,8,9,2,7,9,5,9,4,5,0.6576
4,7,4,8,3,7,2,3,5,6,3,7,7,4,7,7,5,5,8,5,0.622
5,5,7,7,5,10,7,8,6,11,5,3,6,3,4,7,5,7,7,5,0.7059
8,13,3,4,5,7,5,9,8,7,5,4,5,4,7,3,2,7,7,6,0.6916
5,5,4,11,4,5,5,6,5,7,6,4,7,6,3,8,6,7,4,11,0.6798
6,8,6,8,8,7,9,10,5,6,8,3,6,7,8,6,11,3,3,8,0.7818
8,4,10,8,10,5,5,3,5,6,5,3,11,5,10,7,3,9,5,4,0.7803
4,7,10,4,4,8,10,6,3,8,5,6,8,1,4,12,10,6,3,2,0.6435
3,5,5,4,7,3,5,12,6,5,6,10,9,10,8,6,4,5,8,6,0.6688
11,4,5,10,7,5,4,4,6,6,4,5,10,8,6,8,8,11,3,3,0.8257
7,2,7,3,6,8,4,9,8,3,5,5,4,7,4,5,6,7,7,6,0.6752
6,9,8,3,14,7,5,6,7,5,7,6,5,8,3,5,5,9,5,5,0.7663
10,5,7,4,4,3,6,3,9,7,4,7,7,4,3,3,5,7,7,5,0.627
2,6,8,7,1,7,8,10,3,7,3,4,5,7,4,3,5,4,5,6,0.5705
7,2,5,4,5,5,11,9,4,10,6,5,4,2,11,6,6,6,4,7,0.6885
7,5,5,5,7,5,5,12,7,5,4,1,7,10,2,8,5,7,9,4,0.7408
6,6,4,8,8,4,2,6,2,5,5,4,2,4,1,4,6,3,6,5,0.5807
5,7,0,11,2,6,4,2,7,6,6,4,6,4,8,9,4,9,6,9,0.6702
4,6,5,8,3,8,7,9,4,8,5,6,0,6,10,7,9,7,6,8,0.6676
9,8,4,5,12,2,9,2,7,8,8,3,2,10,7,5,7,5,9,2,0.7512
5,10,3,5,6,4,5,4,7,8,6,8,6,7,3,8,8,5,6,3,0.6537
6,8,6,2,6,2,9,4,4,10,9,11,9,5,7,5,3,3,7,2,0.6252
9,3,5,8,5,4,8,11,8,9,5,7,8,3,10,7,5,3,8,6,0.7196
6,6,5,6,4,8,9,6,3,1,6,6,4,9,7,10,3,4,9,3,0.6528
8,5,3,5,6,3,5,6,6,8,7,6,2,4,6,7,7,11,4,6,0.6657
9,6,0,4,5,4,5,4,4,3,5,2,8,8,4,8,7,7,6,4,0.6396
6,8,2,8,7,3,7,7,7,9,4,6,4,9,3,4,3,9,4,5,0.6821
8,7,6,4,7,10,2,6,7,6,3,6,6,4,7,4,10,6,6,4,0.722
2,5,5,3,6,7,3,6,5,6,4,5,8,7,6,4,9,7,8,5,0.6306
5,4,2,7,4,5,9,4,7,8,9,10,10,4,7,6,4,4,8,10,0.6491
10,4,6,9,3,4,10,8,6,4,4,4,7,10,8,3,8,3,9,4,0.7276
3,5,5,5,5,6,4,5,8,7,11,9,4,6,6,6,5,5,4,7,0.5917
2,6,5,7,7,6,7,8,5,5,5,6,7,5,9,5,6,5,10,3,0.667
6,6,5,6,7,8,7,5,4,5,8,9,6,12,7,4,6,7,9,7,0.7495
4,11,9,6,6,7,3,7,6,5,5,1,4,3,6,8,12,7,5,6,0.6917
5,8,2,11,3,5,4,7,3,10,5,9,10,4,6,4,8,2,6,7,0.6666
5,2,4,5,3,8,8,9,4,8,4,10,11,5,6,7,11,7,8,5,0.6978
3,4,6,3,1,5,7,2,7,3,10,3,11,7,9,5,1,5,7,5,0.5537
11,1,5,7,7,3,4,4,8,5,8,4,5,9,7,9,6,3,5,6,0.742
4,5,5,5,3,5,5,4,6,1,5,5,6,5,6,2,6,9,5,4,0.536
6,5,8,6,9,5,6,6,5,5,8,8,3,3,5,6,9,9,8,6,0.7244
3,7,5,8,7,6,3,6,6,13,5,9,6,8,3,5,6,8,8,3,0.7059
5,2,4,8,3,4,7,5,4,6,9,3,10,7,8,7,11,7,6,4,0.6783
5,8,2,9,4,8,2,6,10,5,6,6,6,7,8,9,3,5,7,12,0.7077
7,6,8,2,7,8,10,4,6,5,6,3,7,5,5,4,6,8,10,8,0.6903
3,6,7,8,5,4,6,5,9,7,8,11,1,6,5,8,5,5,7,5,0.6621
5,4,5,4,5,11,6,12,3,5,4,5,8,0,6,6,3,11,5,8,0.6118
7,1,6,8,6,6,9,8,9,8,7,5,8,7,9,5,4,4,9,2,0.7293
4,3,7,9,5,6,9,9,6,7,4,4,7,6,8,6,3,5,6,6,0.6691
7,9,4,5,7,6,1,5,5,4,5,8,5,6,6,7,9,4,4,5,0.6682
6,6,0,5,5,3,3,3,12,7,6,9,9,7,4,3,9,7,5,9,0.6811
7,4,5,6,8,5,3,12,5,6,5,4,7,5,7,8,5,4,5,7,0.7145
5,8,7,4,7,3,7,8,2,7,7,5,4,7,4,6,6,9,12,3,0.7028
4,1,6,7,5,6,3,6,10,4,7,4,7,8,7,5,9,2,3,6,0.6576
7,9,7,6,3,8,7,5,6,2,6,5,6,6,3,5,6,6,6,4,0.6092
2,3,6,12,7,6,8,6,7,8,4,6,6,5,4,7,3,5,5,5,0.6586
5,4,2,2,7,6,6,7,9,7,5,7,8,2,6,3,8,10,8,7,0.6708
10,6,4,8,6,4,6,7,4,4,6,5,6,3,6,9,8,2,10,5,0.7104
0,5,8,6,5,8,5,14,7,5,7,9,10,7,8,6,3,8,7,7,0.7044
6,7,9,5,6,7,8,6,9,5,1,4,5,5,6,4,6,5,6,6,0.683
4,3,4,5,4,8,8,5,7,6,3,7,12,5,6,3,3,3,3,6,0.6004
7,6,7,6,2,1,7,5,9,7,5,4,3,3,6,1,2,10,4,5,0.5591
6,7,6,5,4,9,9,8,6,4,2,9,8,7,5,8,8,12,5,5,0.7153
12,5,6,4,3,6,5,3,7,7,5,3,7,6,2,5,6,8,6,8,0.6962
5,6,9,7,5,8,10,4,12,8,7,4,5,7,7,4,7,5,13,9,0.7642
2,6,7,2,8,4,7,7,4,7,4,3,9,4,3,12,3,3,5,12,0.6334
5,7,5,5,7,6,5,6,6,5,7,3,14,6,5,7,8,4,3,8,0.7163
5,3,5,5,4,5,4,6,5,7,4,9,5,5,8,8,6,3,7,3,0.5953
7,6,2,9,9,4,5,3,9,6,6,5,9,5,2,4,8,4,6,8,0.7121
10,9,3,9,5,4,7,12,2,4,6,3,8,7,9,5,11,6,4,7,0.7964
8,9,5,9,4,6,8,6,13,5,4,4,5,3,5,9,2,9,2,6,0.6825
4,3,8,6,10,5,6,3,3,4,5,3,5,6,4,7,8,8,4,5,0.6283
7,6,6,10,5,6,7,6,7,7,2,3,2,8,5,7,5,8,4,6,0.7075
3,7,2,4,6,5,8,5,3,6,9,5,4,5,4,8,6,6,6,9,0.6012
7,4,5,5,5,7,5,12,4,5,4,7,3,9,4,4,5,6,6,8,0.68
2,9,5,5,13,7,6,7,7,4,3,6,4,5,9,3,7,7,9,10,0.7113
3,3,4,6,4,6,7,2,5,5,3,8,7,3,3,3,5,4,5,6,0.512
3,7,10,7,4,5,11,5,6,6,5,6,5,4,7,7,4,6,5,7,0.6389
5,4,6,3,2,7,4,9,2,10,7,6,2,3,8,6,3,11,6,4,0.6077
6,6,4,7,8,7,7,5,4,7,4,4,5,4,6,1,4,6,5,5,0.6285
8,6,5,9,2,5,8,3,4,4,13,7,6,9,4,9,3,7,6,7,0.6888
3,3,7,7,5,3,9,9,3,5,9,7,5,7,6,7,7,3,3,4,0.6042
3,8,3,7,3,4,6,1,3,6,3,5,4,5,3,4,10,7,5,2,0.5259
7,5,5,5,10,11,7,7,8,7,5,8,2,3,8,4,4,2,7,2,0.6897
4,2,9,6,6,3,4,5,11,5,2,3,6,9,5,8,5,6,4,3,0.6473
3,6,5,2,6,4,9,10,8,7,4,3,11,2,2,2,7,6,5,6,0.5886
6,4,6,5,3,6,7,5,8,3,4,8,5,8,11,6,10,6,2,4,0.6627
6,10,7,6,5,2,6,4,8,10,11,8,8,7,5,7,4,2,7,9,0.7364
4,9,4,10,8,8,9,5,7,8,3,5,5,3,7,9,9,7,6,6,0.6813
5,5,12,6,10,3,10,8,8,7,9,5,8,4,6,5,5,8,5,3,0.7379
4,2,5,3,5,5,7,8,4,4,4,10,6,6,5,4,6,7,9,8,0.6178
4,8,5,8,13,3,7,7,5,5,10,3,2,8,4,6,5,7,4,6,0.7322
7,6,5,3,4,4,4,8,2,6,10,6,4,5,6,4,6,7,7,5,0.6236
2,7,8,8,3,7,11,8,7,9,6,3,4,6,5,12,4,4,6,8,0.6773
2,7,4,3,4,2,3,7,5,3,5,5,3,3,7,14,4,4,8,7,0.5291
5,5,3,2,6,6,9,4,6,8,5,8,8,9,7,7,5,5,9,5,0.6429
6,6,2,5,6,5,1,6,8,4,4,5,1,2,11,6,4,4,7,2,0.5897
5,3,2,8,6,8,6,5,5,4,4,4,4,7,5,6,5,7,5,4,0.6018
6,9,7,5,7,11,10,7,4,3,3,10,4,7,7,8,8,2,7,4,0.6821
7,7,5,5,3,1,6,10,8,8,8,7,4,5,5,3,5,6,6,9,0.6729
3,4,10,4,7,9,9,6,6,7,7,8,8,6,6,6,6,4,6,5,0.66
3,5,5,3,4,5,8,4,7,7,8,10,5,5,7,7,4,7,4,7,0.586
8,5,4,7,5,5,7,4,4,4,5,2,7,7,7,9,7,7,4,11,0.6828
6,7,9,6,5,4,4,3,4,7,1,10,4,5,7,5,5,3,4,7,0.6064
3,3,8,6,9,12,3,7,9,7,6,8,6,6,4,4,5,7,4,9,0.6887
8,2,6,4,6,2,2,4,10,7,5,6,6,6,12,8,8,3,3,8,0.7106
8,9,4,6,5,7,5,8,9,3,7,8,10,5,5,9,4,2,7,5,0.7189
6,9,4,6,10,5,4,3,7,8,1,4,7,9,11,5,2,11,4,3,0.761
6,11,7,6,4,6,7,7,10,6,11,7,7,6,5,4,6,7,8,8,0.734
3,4,4,4,3,5,5,6,3,5,10,3,4,7,7,3,7,10,9,5,0.5672
9,5,8,6,6,3,7,9,3,5,7,11,14,3,4,7,6,5,2,6,0.6888
4,6,5,7,3,5,9,6,5,8,8,8,6,6,8,7,11,2,12,11,0.7059
3,1,7,2,5,4,10,8,5,5,10,8,5,8,6,6,4,8,8,5,0.6262
2,10,4,7,5,7,6,4,7,5,5,8,8,11,8,5,6,7,3,6,0.6723
4,3,9,6,4,6,5,7,7,6,3,7,7,3,10,5,8,5,4,3,0.6033
3,8,4,4,10,6,12,6,4,3,4,4,5,6,4,4,4,8,10,9,0.6444
7,7,3,4,4,7,6,7,2,5,9,10,5,5,3,7,5,5,5,10,0.6494
9,9,7,2,8,3,4,2,5,7,3,8,3,8,1,8,6,9,3,6,0.6522
5,4,3,4,8,4,7,8,4,2,6,3,9,6,4,11,6,6,6,6,0.6634
5,7,3,5,9,6,4,3,4,13,5,6,10,6,3,8,7,6,6,4,0.7
7,5,7,5,4,8,3,3,5,7,4,8,3,6,5,7,8,6,6,9,0.6983
3,4,4,6,5,7,4,4,6,9,3,8,5,4,4,8,8,6,3,7,0.5801
4,10,3,6,5,7,5,6,6,7,6,7,8,5,6,4,7,8,8,5,0.6802
2,6,10,5,6,3,10,5,6,6,4,5,5,6,9,10,9,9,4,6,0.6753
8,9,5,10,7,7,10,4,6,8,6,7,6,3,9,8,5,9,9,7,0.7717
3,12,4,4,8,11,10,9,6,6,3,3,4,3,6,6,4,7,9,5,0.6822
5,5,7,6,8,7,2,6,7,15,4,5,4,6,3,9,9,7,5,5,0.7238
7,4,6,5,4,9,8,6,9,6,6,3,11,9,6,4,5,12,5,7,0.7218
8,5,3,5,7,7,4,9,9,4,8,7,6,6,7,7,7,3,7,3,0.7224
3,8,8,4,6,6,12,10,5,2,9,7,6,2,7,5,6,5,4,4,0.6072
7,5,5,5,7,6,5,4,3,2,4,6,3,6,4,5,5,4,4,3,0.5714
8,1,5,4,9,3,8,7,9,6,9,9,6,6,7,6,5,4,8,6,0.7005
2,9,6,6,6,6,4,8,5,8,9,3,10,9,6,5,8,3,4,11,0.6994
5,4,5,9,5,7,9,5,7,4,6,5,6,7,6,7,6,4,4,4,0.6782
3,9,4,4,6,10,7,5,5,8,3,0,7,2,4,6,10,7,5,7,0.6326
7,7,3,6,5,4,5,10,7,8,8,7,5,6,4,10,2,5,4,1,0.666
5,7,3,6,8,8,3,3,5,4,8,6,7,6,5,4,4,7,8,1,0.654
7,7,2,5,4,9,10,5,2,8,6,7,10,10,5,5,4,16,6,6,0.7598
5,4,8,5,7,5,5,8,8,7,4,8,7,5,1,5,4,4,7,10,0.6684
